id,technique,variation_num,original_text,augmented_text,words_replaced,replacement_ratio,is_taken,need_modify,modified_text,Unnamed: 7,id_taken,Unnamed: 10
1.39e+18,Exaggeration/Minimisation,1,ده مش معتقل ده أحسن من اللوكاندة,ده مش حَبْسٌ ده أمثر من خَان,3,42.90%,1.0,1.0,ده مش حَبْسٌ ده أفضل من خَان,,,
1.39e+18,Exaggeration/Minimisation,2,ده مش معتقل ده أحسن من اللوكاندة,ده مش غَيْرُ حُرٍّ ده أنبل من مَرْكَزُ إِقَامَة,3,33.30%,1.0,1.0,ده مش حبس ده أنبل من مَرْكَزُ إِقَامَة,,,
1.39e+18,Exaggeration/Minimisation,3,ده مش معتقل ده أحسن من اللوكاندة,ده مش سِجْنٌ ده أمثل من لوكاندة,2,28.60%,1.0,0.0,ده مش سِجْنٌ ده أمثل من لوكاندة,,,
1.39e+18,Exaggeration/Minimisation,4,ده مش معتقل ده أحسن من اللوكاندة,ده مش مُرْتَبَطٌ ده أمهر من خَان,3,42.90%,1.0,1.0,ده مش سجن ده أحسن من خَان,,,
1.39e+18,Smears,1,جدل وسخرية من زيارات تنظمها وزارة الداخلية للسجون,جدل سِخر من زيارات تنظمها مَدَارَة داخلية تَحْفِيرَات,3,37.50%,1.0,1.0,جدل سِخر من زيارات تنظمها ادارة الداخلية للحبس,,,
1.39e+18,Smears,2,جدل وسخرية من زيارات تنظمها وزارة الداخلية للسجون,مراء وسخرية من زيارات رصّتها سِكْرِتَارِيَة الْمَخْفِيَّة أَسْرٌ,5,62.50%,1.0,1.0,مراء وسخرية من زيارات رصّتها سِكْرِتَارِيَة الداخلية للأسر,,,
1.39e+18,Smears,3,جدل وسخرية من زيارات تنظمها وزارة الداخلية للسجون,جدل استهزاز من زيارات رتّبتها مَرْكَزِيَّة داخلية حَبْسٌ,4,50.00%,1.0,1.0,جدل و استهزاز من زيارات رتّبتها مَرْكَزِيَّة الداخلية للحَبْسٌ,,,
1.39e+18,Smears,4,جدل وسخرية من زيارات تنظمها وزارة الداخلية للسجون,محاجة سُخرية من نَزْلات نظمها وزارة الْأَحْشَاء مُعتَقَلات,6,75.00%,1.0,1.0,محاجة و سُخرية من نَزْلات نظمها وزارة الداخلية للمُعتَقَلات,,,
1.39e+18,Loaded Language,1,مجزرة حقيقية,مجزرة واقعية,1,50.00%,,1.0,مجزرة حقيقية,,,
1.39e+18,Loaded Language,2,مجزرة حقيقية,مجزرة واقعيّة,1,50.00%,,1.0,مذبحة واقعيّة,,,
1.39e+18,Loaded Language,3,مجزرة حقيقية,ابادة صحيحة,2,100.00%,,0.0,ابادة صحيحة,,,
1.39e+18,Loaded Language,4,مجزرة حقيقية,ذبحة حقيّة,2,100.00%,,1.0,إبادة حقيقية,,,
1.39e+18,Appeal to fear/prejudice,1,ستدفع سلطات الاحتلال الإسرائيلية ثمنها,سَتُنْفِقُ مُخَوَّلَات احتلال عبرية منزلتها,4,80.00%,1.0,1.0,سَتُنْفِقُ سلطات الاحتلال العبرية قيمتها,,,
1.39e+18,Appeal to fear/prejudice,2,ستدفع سلطات الاحتلال الإسرائيلية ثمنها,تَسْدُدُ أَوْصِيَاء سيطرة صهيونية أهميتها,5,100.00%,1.0,1.0,ستَسْدُدُ إدارة الاحتلال الصهيونية ثمنها,,,
1.39e+18,Appeal to fear/prejudice,3,ستدفع سلطات الاحتلال الإسرائيلية ثمنها,تَفُوقُ أَوْصِيَاء قهر إسرائيلية سعرها,4,80.00%,1.0,1.0,سَتُنْفِقُ سلطات الاحتلال العبرية سعرها,,,
1.39e+18,Appeal to fear/prejudice,4,ستدفع سلطات الاحتلال الإسرائيلية ثمنها,تَفُوقُ مُتَسَلِّطُون اغتصاب حبرية رتبتها,5,100.00%,1.0,1.0,ستدفع سلطات الاحتلال الإسرائيلية سعرها,,,
1.39e+18,Appeal to fear/prejudice,5,ستدفع سلطات الاحتلال الإسرائيلية ثمنها,سَتُنْفِقُ حُكَّام اغتصاب إسرائيلية منزلتها,4,80.00%,1.0,1.0,ستَسْدُدُ إدارة الاحتلال الإسرائلية قيمتها,,,
1.39e+18,Name calling/Labeling,1,سلطات الاحتلال الإسرائيلية,سلطات استعباد إفرنجية,2,66.70%,1.0,1.0,سلطات الاحتلال العبرية,,,
1.39e+18,Name calling/Labeling,2,سلطات الاحتلال الإسرائيلية,إدارات اغتصاب سكسونية,3,100.00%,1.0,1.0,إدارة الاحتلال الصهيونية,,,
1.39e+18,Name calling/Labeling,3,سلطات الاحتلال الإسرائيلية,مفاصل ضم سكسونية,3,100.00%,1.0,1.0,سلطات الاحتلال العبرية,,,
1.39e+18,Name calling/Labeling,4,سلطات الاحتلال الإسرائيلية,سلطات احتلال بني إسرائيل,1,25.00%,1.0,0.0,إدارة الاحتلال الإسرائلية,,,
1.39e+18,Slogans,1,الحوادث ليست بمصير بل إهمال وتقصير,الرزايا ليست خَاتِمَةً بل تذويب تجاوز,4,66.70%,1.0,1.0,الحوادث ليست خَاتِمَةً بل تهاول وتقصير,,,
1.39e+18,Slogans,2,الحوادث ليست بمصير بل إهمال وتقصير,الحوادث ناقصة مَصْنُوعًا بل إهمال إخلاف,3,50.00%,1.0,1.0,النكبات ليست حتمية بل اهمال وتقصير,,,
1.39e+18,Slogans,3,الحوادث ليست بمصير بل إهمال وتقصير,الحَدَثات زائلة حَتْمًا بل تهاون وتقصير,4,66.70%,1.0,1.0,الحَدَثات زائلة حَتْمًا بل تهاون وتقصير,,,
1.39e+18,Slogans,4,الحوادث ليست بمصير بل إهمال وتقصير,النكبات غير حقيقية مَصْنُوعًا بل تهاون وتقصير,4,57.10%,1.0,1.0,النكبات غير مَصْنُوعة بل تهاون وتقصير,,,
1.38e+18,Loaded Language,1,الواقع المروع,الواقع مُفزع,1,50.00%,1.0,1.0,الحال الفظيع,,,
1.38e+18,Loaded Language,2,الواقع المروع,الواقع مروعُ,1,50.00%,1.0,1.0,الملموس المروع,,,
1.38e+18,Loaded Language,3,الواقع المروع,الحقيقة فعلية فَظُّ,2,66.70%,1.0,1.0,الوضع المفزع,,,
1.38e+18,Loaded Language,4,الواقع المروع,الحقيقة ملموسة رهيب,2,66.70%,1.0,1.0,الواقع المرعب,,,
1.38e+18,Appeal to fear/prejudice,1,الواقع المروع,الحال فظيع,2,100.00%,1.0,1.0,الحال الفظيع,,,
1.38e+18,Appeal to fear/prejudice,2,الواقع المروع,الملموس مروع,1,50.00%,1.0,1.0,الملموس المروع,,,
1.38e+18,Appeal to fear/prejudice,3,الواقع المروع,الفعلي مروع,1,50.00%,1.0,1.0,الوضع المفزع,,,
1.38e+18,Appeal to fear/prejudice,4,الواقع المروع,الراهن رعب,2,100.00%,1.0,1.0,الواقع المرعب,,,
1.4e+18,Name calling/Labeling,1,مقامر ومجنون,مُجازِف مُختلّ,2,100.00%,,0.0,مُجازِف مُختلّ,,,
1.4e+18,Name calling/Labeling,2,مقامر ومجنون,مقامر مُجنّ,1,50.00%,,0.0,مقامر مُجنّ,,,
1.4e+18,Name calling/Labeling,3,مقامر ومجنون,مُغامر ومجنون,1,50.00%,,0.0,مُغامر ومجنون,,,
1.4e+18,Name calling/Labeling,4,مقامر ومجنون,مُتَكَلِّف مُتَعَوْقِد,2,100.00%,,1.0,مقامر ومختل,,,
1.4e+18,Loaded Language,1,مقامر ومجنون,مُتَبَذِّر ومجنون,1,50.00%,,1.0,مُجازِف مُختلّ,,,
1.4e+18,Loaded Language,2,مقامر ومجنون,مُغامر مُتهَمَر,2,100.00%,,1.0,مقامر مُجنّ,,,
1.4e+18,Loaded Language,3,مقامر ومجنون,مقامر مُتهور,1,50.00%,,0.0,مُغامر ومجنون,,,
1.4e+18,Loaded Language,4,مقامر ومجنون,مقامر مُذبذب,1,50.00%,,0.0,مقامر ومختل,,,
1.4e+18,Loaded Language,1,هجوماً حاداً,إغارة فَتَّاكا,2,100.00%,,0.0,إغارة فَتَّاكة,,,
1.4e+18,Loaded Language,2,هجوماً حاداً,زحفا حادا,1,50.00%,,0.0,زحفا حادا,,,
1.4e+18,Loaded Language,3,هجوماً حاداً,زحفا صَارِما,2,100.00%,,0.0,زحفا صَارِما,,,
1.4e+18,Loaded Language,4,هجوماً حاداً,زحفا مُحْدِدا,2,100.00%,,1.0,إغارة عنيفة,,,
1.39e+18,Appeal to fear/prejudice,1,أعددنا لكم أصنافاً من الموت ستجعلكم تلعنون أنفسكم,جهزنا لكم أصنافا من يبس تَصْنَعُكُمْ هجاء أنفسكم,4,50.00%,1.0,1.0,جهزنا لكم أصنافا من الفناء ستجعلكم تشتمون أنفسكم,,,
1.39e+18,Appeal to fear/prejudice,2,أعددنا لكم أصنافاً من الموت ستجعلكم تلعنون أنفسكم,جهزنا شأنُكُمْ فئات من فساد تَصْنَعُكُمْ تلعنون أنفسكم,5,62.50%,1.0,1.0,أعددنا لكم أنواعا من الموت ستجعلكم تنبذون أنفسكم,,,
1.39e+18,Appeal to fear/prejudice,3,أعددنا لكم أصنافاً من الموت ستجعلكم تلعنون أنفسكم,استعدينا لَكُمْ أصنافا من سَّحْب سَتُجْعِلُكُمْ ذم أنفسكم,5,62.50%,1.0,1.0,استعدينا لَكُمْ أقسامًا من الفناء سَتُجْعِلُكُمْ تلعنون ذاتكم,,,
1.39e+18,Appeal to fear/prejudice,4,أعددنا لكم أصنافاً من الموت ستجعلكم تلعنون أنفسكم,أعددنا لكم أصنافا من سَّحْب تُحَوِّلُكُمْ نبذ أنفسكم,3,37.50%,1.0,1.0,أعددنا لكم درجاتٍ من الموت ستُحَوِّلُكُمْ تطردون أنفسكم,,,
1.39e+18,Loaded Language,1,أصنافاً من الموت ,أجناسًا من موت,1,33.30%,1.0,1.0,أنواعا من الموت,,,
1.39e+18,Loaded Language,2,أصنافاً من الموت ,أصنمة من موت,1,33.30%,1.0,1.0,أصنافا من الفناء,,,
1.39e+18,Loaded Language,3,أصنافاً من الموت ,أقسامًا من فناء,2,66.70%,1.0,1.0,أقسامًا من الفناء,,,
1.39e+18,Loaded Language,4,أصنافاً من الموت ,درجاتٍ من موت,1,33.30%,1.0,1.0,درجاتٍ من الموت,,,
1.39e+18,Exaggeration/Minimisation,1,تلعنون أنفسكم,لعن أنفسكم,1,50.00%,1.0,1.0,تنبذون أنفسكم,,,
1.39e+18,Exaggeration/Minimisation,2,تلعنون أنفسكم,لعق أنفسكم,1,50.00%,1.0,1.0,تشتمون أنفسكم,,,
1.39e+18,Exaggeration/Minimisation,3,تلعنون أنفسكم,شتم أنفسكم,1,50.00%,1.0,1.0,تلعنون ذاتكم,,,
1.39e+18,Exaggeration/Minimisation,4,تلعنون أنفسكم,طرد أنفسكم,1,50.00%,1.0,1.0,تطردون أنفسكم,,,
1.39e+18,Name calling/Labeling,1, للصهاينة,الصهيونيين,1,100.00%,,1.0,للصهيونيين,,,
1.39e+18,Name calling/Labeling,2, للصهاينة,الإسرائيليين,1,100.00%,,1.0,للإسرائيليين,,,
1.39e+18,Name calling/Labeling,3, للصهاينة,الأعداء,1,100.00%,,1.0,للأعداء,,,
1.39e+18,Name calling/Labeling,4, للصهاينة,الغاصبين,1,100.00%,,1.0,للغاصبين,,,
1.4e+18,Loaded Language,1,فيديو صادم,لقطات مصورة صادم,1,33.30%,,1.0,لقطات مصورة صادمة,,,
1.4e+18,Loaded Language,2,فيديو صادم,شريط سينمائي مُثبط,2,66.70%,,0.0,شريط سينمائي مُثبط,,,
1.4e+18,Loaded Language,3,فيديو صادم,فيديو مُذهِب للعقول,1,33.30%,,0.0,فيديو مُذهِب للعقول,,,
1.4e+18,Loaded Language,4,فيديو صادم,شريط سينمائي صادم,1,33.30%,,0.0,شريط سينمائي صادم,,,
1.4e+18,Loaded Language,5,فيديو صادم,فيديو مُثبط,1,50.00%,,0.0,فيديو مُثبط,,,
1.4e+18,Loaded Language,1,هجوم مرعب,هجوم مُبَهر,1,50.00%,,0.0,هجوم مُبَهر,,,
1.4e+18,Loaded Language,2,هجوم مرعب,هجومٌ مباغت مرعب,1,33.30%,,0.0,هجومٌ مباغت مرعب,,,
1.4e+18,Loaded Language,3,هجوم مرعب,اقتحاميّة مرعب,1,50.00%,,1.0,اقتحام مرعب,,,
1.4e+18,Loaded Language,4,هجوم مرعب,اقتحاميّة مروع,2,100.00%,,1.0,اقتحام مروع,,,
1.36e+18,Name calling/Labeling,3,مغالطات وزير خارجية المغرب,مراوحات وزير عامة مَغْربُ,3,75.00%,,1.0,تلبيس وزير خارجية المغرب,,,
1.36e+18,Name calling/Labeling,4,مغالطات وزير خارجية المغرب,مراوحات وزير علنية غروب,3,75.00%,,1.0,تمويهات وزير خارجية المغرب,,,
1.36e+18,Name calling/Labeling,5,مغالطات وزير خارجية المغرب,مغالطات وزير خارجية غروب,1,25.00%,,1.0,اخطاء وزير خارجية المغرب,,,
1.36e+18,Appeal to fear/prejudice,1,ستؤدي بالمملكة للهاوية,سَتُؤَدِّي داخل حدود هاوية,3,75.00%,1.0,0.0,سوف تؤدي بالبلاد للهلاك,,,
1.36e+18,Appeal to fear/prejudice,2,ستؤدي بالمملكة للهاوية,سَتُحْدِثُ بالمملكة غَيْبوبة,2,66.70%,1.0,0.0,سوف تصل بالمملكة للهوة السحيقة,,,
1.36e+18,Appeal to fear/prejudice,3,ستؤدي بالمملكة للهاوية,سَتُنَفِّذُ بالمملكة بُعْد,2,66.70%,1.0,1.0,ستقود المملكة للجحيم,,,
1.36e+18,Appeal to fear/prejudice,4,ستؤدي بالمملكة للهاوية,سَتُؤَوِّلُ رسميًا سُحْق,3,100.00%,1.0,1.0,ستؤدي بالمملكة للهلاك,,,
1.36e+18,Exaggeration/Minimisation,2,ستؤدي بالمملكة للهاوية,سَتُنَفِّذُ محليًا بَيْداء,3,100.00%,1.0,1.0,سوف تؤدي بالبلاد للهلاك,,,
1.36e+18,Exaggeration/Minimisation,3,ستؤدي بالمملكة للهاوية,تَصِلُ بالمملكة للهاوية,1,33.30%,1.0,1.0,سوف تصل بالمملكة للهوة السحيقة,,,
1.36e+18,Exaggeration/Minimisation,4,ستؤدي بالمملكة للهاوية,سَتُنَفِّذُ في دولة للهاوية,2,50.00%,1.0,1.0,ستقود المملكة للجحيم,,,
1.36e+18,Exaggeration/Minimisation,5,ستؤدي بالمملكة للهاوية,تُحَقِّقُ هَدَفَ بالمملكة جُب,2,50.00%,1.0,1.0,ستؤدي بالمملكة للهلاك,,,
1.36e+18,Loaded Language,1,للهاوية,هوة سحيقة,1,50.00%,1.0,1.0,للهوة السحيقة,,,
1.36e+18,Loaded Language,3,للهاوية,غَبْرَة,1,100.00%,1.0,1.0,للهلاك,,,
1.36e+18,Loaded Language,4,للهاوية,غَوْر,1,100.00%,1.0,1.0,للجحيم,,,
1.36e+18,Name calling/Labeling,1,للاحتلال ,الاستحواذ,1,100.00%,,1.0,للاستحواذ,,,
1.36e+18,Name calling/Labeling,2,للاحتلال ,الاستعباد,1,100.00%,,1.0,للاستعباد,,,
1.36e+18,Name calling/Labeling,3,للاحتلال ,الاستيلاء,1,100.00%,,1.0,للاستيلاء,,,
1.36e+18,Name calling/Labeling,4,للاحتلال ,الإخضاع,1,100.00%,,1.0,للإخضاع,,,
1.36e+18,Name calling/Labeling,6,للاحتلال ,الهيمنة,1,100.00%,,1.0,للهيمنة,,,
1.39e+18,Loaded Language,1,ليلة من الجحيم,قَمر من عذاب,2,66.70%,,1.0,ليلة من العذاب,,,
1.39e+18,Loaded Language,3,ليلة من الجحيم,ليلة من ويل,1,33.30%,,1.0,ليلة من الويل,,,
1.39e+18,Loaded Language,1,لا حياد مع الكيان الصهيوني,لا موقف محايد مع هيئة عنصري,3,50.00%,,1.0,لا موقف محايد مع الوجود الصهيوني,,,
1.39e+18,Loaded Language,2,لا حياد مع الكيان الصهيوني,لا حياد مع كيان زُعراني,1,20.00%,,1.0,لا حياد مع الكيان الإسرائيلي,,,
1.39e+18,Loaded Language,3,لا حياد مع الكيان الصهيوني,لا عدم انحياز مع كيان يهودي,2,33.30%,,1.0,لا يوجد عدم انحياز مع كيان يهودي,,,
1.39e+18,Loaded Language,4,لا حياد مع الكيان الصهيوني,لا حياد مع هيئة صهيوني,1,20.00%,,1.0,لا حياد مع الهيئة الصهيونية,,,
1.39e+18,Loaded Language,5,لا حياد مع الكيان الصهيوني,لا حياد مع إِطْراد يهودي,2,40.00%,,1.0,لا حياد مع الوجود اليهودي,,,
1.39e+18,Name calling/Labeling,1,الكيان الصهيوني,الذات يهودي,2,100.00%,,1.0,الكيان الإسرائيلي,,,
1.39e+18,Name calling/Labeling,2,الكيان الصهيوني,الماهية زَبْنُوق,2,100.00%,,1.0,الوجود الصهيوني,,,
1.39e+18,Name calling/Labeling,3,الكيان الصهيوني,الحقيقة يهودي,2,100.00%,,1.0,كيان يهودي,,,
1.39e+18,Name calling/Labeling,4,الكيان الصهيوني,الواقع زَبْنُقِيٌّ,2,100.00%,,1.0,الهيئة الصهيونية,,,
1.39e+18,Name calling/Labeling,5,الكيان الصهيوني,الجوهر صهيوني,1,50.00%,,1.0,الوجود اليهودي,,,
1.39e+18,Name calling/Labeling,1,العدو المجرم,المُعادِي مجرم,1,50.00%,,1.0,المُعادِي المجرم,,,
1.39e+18,Name calling/Labeling,2,العدو المجرم,المُعادِي مُخالِف,2,100.00%,,1.0,المُعادِي المُخالِف للقانون,,,
1.39e+18,Name calling/Labeling,3,العدو المجرم,المضاد مُذنِب,2,100.00%,,1.0,العدو المُذنِب,,,
1.39e+18,Name calling/Labeling,4,العدو المجرم,المُعادِي عَتّاب,2,100.00%,,1.0,الغير صديق القاتل,,,
1.39e+18,Name calling/Labeling,5,العدو المجرم,العدو مُخالِف,1,50.00%,,1.0,العدو المُخالِف,,,
1.39e+18,Loaded Language,1,العدو المجرم,المناوئ مُخالف,2,100.00%,,1.0,المُعادِي المجرم,,,
1.39e+18,Loaded Language,2,العدو المجرم,العدو خاطئ,1,50.00%,,1.0,المُعادِي المُخالِف للقانون,,,
1.39e+18,Loaded Language,3,العدو المجرم,المُحارب مُجرِم,2,100.00%,,1.0,العدو المُذنِب,,,
1.39e+18,Loaded Language,4,العدو المجرم,المباغض مجرم,1,50.00%,,1.0,الغير صديق القاتل,,,
1.39e+18,Loaded Language,5,العدو المجرم,الخصيان ضال,2,100.00%,,1.0,العدو المُخالِف,,,
1.39e+18,Repetition,1,المقاومة ثم المقاومة ثم المقاومة,التصدي ثم تصدي ثم مقاومة,2,40.00%,1.0,1.0,التصدي ثم التصدي ثم التصدي,,,
1.39e+18,Repetition,2,المقاومة ثم المقاومة ثم المقاومة,الممانعة ثم مناعة ثم حصانة,3,60.00%,1.0,1.0,الممانعة ثم الممانعة ثم الممانعة,,,
1.39e+18,Repetition,3,المقاومة ثم المقاومة ثم المقاومة,المقاومة ثم مجابهة ثم مقاومة,1,20.00%,1.0,1.0,المجابهة ثم المجابهة ثم المجابهة,,,
1.39e+18,Repetition,4,المقاومة ثم المقاومة ثم المقاومة,المجابهة ثم مقاومة ثم مقاومة,1,20.00%,1.0,1.0,المواجهة ثم المواجهة ثم المواجهة,,,
1.39e+18,Repetition,5,المقاومة ثم المقاومة ثم المقاومة,الثبات ثم مقاومة ثم رباطة,2,40.00%,1.0,1.0,الثبات ثم الثبات ثم الثبات,,,
1.39e+18,Repetition,6,المقاومة ثم المقاومة ثم المقاومة,التصدي ثم مواجهة ثم حصانة,3,60.00%,1.0,1.0,الصمود ثم الصمود ثم الصمود,,,
1.39e+18,Loaded Language,1,تسليم رقابنا,تذعن هَوامُّنا,2,100.00%,,1.0,تذعن أعناقنا,,,
1.39e+18,Loaded Language,2,تسليم رقابنا,تسليم هَوامُّنا,1,50.00%,,0.0,تسليم هَوامُّنا,,,
1.39e+18,Loaded Language,3,تسليم رقابنا,استسلام رقابنا,1,50.00%,,0.0,استسلام رقابنا,,,
1.39e+18,Loaded Language,4,تسليم رقابنا,خضوع أَعْناقُنا,2,100.00%,,0.0,خضوع أَعْناقُنا,,,
1.39e+18,Loaded Language,5,تسليم رقابنا,انقياد مَجامِعُنا,2,100.00%,,0.0,انقياد مَجامِعُنا,,,
1.39e+18,Loaded Language,1,الإجرامية غير الإنسانية,الإجرامية غير رأفة,1,33.30%,,1.0,الإجرامية غير الرأفة,,,
1.39e+18,Loaded Language,2,الإجرامية غير الإنسانية,الخارجة على قانون غير إنسانية,1,20.00%,,1.0,الخارجة على قانون غير الإنسانية,,,
1.39e+18,Loaded Language,3,الإجرامية غير الإنسانية,الخبيثة غير رأفة,2,66.70%,,1.0,الخبيثة غير الرأفة,,,
1.39e+18,Loaded Language,4,الإجرامية غير الإنسانية,الجنائية غير انسجام,2,66.70%,,1.0,الجنائية المتوحشة,,,
1.39e+18,Name calling/Labeling,1,لممارسات إسرائيل,الممارسات أُورُشَلِيمُ,2,100.00%,,1.0,لممارسات الصهيونية,,,
1.39e+18,Name calling/Labeling,2,لممارسات إسرائيل,التدابير صِهْيَوْنُ,2,100.00%,,1.0,لتدابير صِهْيَوْنُ,,,
1.39e+18,Name calling/Labeling,3,لممارسات إسرائيل,الخطوات إسرائيل,1,50.00%,,1.0,لخطوات إسرائيل,,,
1.39e+18,Name calling/Labeling,4,لممارسات إسرائيل,الخطوات عملية أَرْضُ الْمَوْعِدِ,2,50.00%,,1.0,لأفعال الصهيونية,,,
1.39e+18,Name calling/Labeling,5,لممارسات إسرائيل,التدابير حَبْرُونُ,2,100.00%,,1.0,لأفعال إسرائيل,,,
1.39e+18,Name calling/Labeling,5,لممارسات إسرائيل,التدابير حَبْرُونُ,2,100.00%,,1.0,لخطوات إسرائيل,,,
1.39e+18,Name calling/Labeling,1,"لممارسات إسرائيل ""الإجرامية غير الإنسانية""",لممارسات إسرائيل مُستَنكَرة غير إنسانية,1,20.00%,,1.0,لممارسات الصهيونية الجنائية غير إنسانية,,,
1.39e+18,Name calling/Labeling,2,"لممارسات إسرائيل ""الإجرامية غير الإنسانية""",لممارسات إسرائيل مُستَنكَرة غير رأفة,2,40.00%,,1.0,لخطوات إسرائيل الخارجة عن القانون غير رأفة,,,
1.39e+18,Name calling/Labeling,3,"لممارسات إسرائيل ""الإجرامية غير الإنسانية""",السلوكيات كَنْعَانُ مُدانة غير رأفة,4,80.00%,,1.0,لتدابير صهيون المُدانة غير رأفة,,,
1.39e+18,Name calling/Labeling,4,"لممارسات إسرائيل ""الإجرامية غير الإنسانية""",الممارسات إسرائيل إجرامية غير خير,2,40.00%,,1.0,لأفعال الصهيونية الإجرامية غير الأخلاقية,,,
1.39e+18,Name calling/Labeling,5,"لممارسات إسرائيل ""الإجرامية غير الإنسانية""",التقاليد إسرائيل إثمية غير عطاء,3,60.00%,,1.0,لخطوات إسرائيل الآثمة غير البشرية,,,
1.39e+18,Name calling/Labeling,6,"لممارسات إسرائيل ""الإجرامية غير الإنسانية""",التطبيقات يَهُوذَا مُنكَرة غير إنسانية,3,60.00%,,1.0,لأفعال إسرائيل المُنكَرة غير الإنسانية,,,
1.39e+18,Loaded Language,1,أثر خطير,أثرٌ جَلَل,2,100.00%,1.0,0.0,أثرٌ جَلَل,,,
1.39e+18,Loaded Language,2,أثر خطير,أثر خَارِق,1,50.00%,1.0,1.0,أثر جسيم,,,
1.39e+18,Loaded Language,3,أثر خطير,أثر كَبِير,1,50.00%,1.0,0.0,أثر كَبِير,,,
1.39e+18,Loaded Language,4,أثر خطير,رَجْف هَامّ,2,100.00%,1.0,1.0,تأثير هَامّ,,,
1.39e+18,Loaded Language,4,أثر خطير,رَجْف هَامّ,2,100.00%,1.0,1.0,وقع خطير,,,
1.39e+18,Appeal to fear/prejudice,1,أثر خطير على شعبنا الفلسطيني ,أثر مُهِم على قومنا فلسطيني,2,40.00%,1.0,1.0,أثرٌ جَلَل على قومنا الفلسطيني,,,
1.39e+18,Appeal to fear/prejudice,2,أثر خطير على شعبنا الفلسطيني ,أثر جَسِيم على شعبنا رَحْنِيّ,2,40.00%,1.0,1.0,أثر جَسِيم على الرعية الفلسطينية,,,
1.39e+18,Appeal to fear/prejudice,3,أثر خطير على شعبنا الفلسطيني ,أثرٌ خفيّ مُعَظَّم على شعبنا فلسطيني,2,33.30%,1.0,1.0,أثرٌ كبير على المجتمع الفلسطيني,,,
1.39e+18,Appeal to fear/prejudice,4,أثر خطير على شعبنا الفلسطيني ,رَجَز خطير على أهالينا سَلَامِيّ,3,60.00%,1.0,1.0,تأثير هام على أهالينا الفلسطينية,,,
1.39e+18,Appeal to fear/prejudice,5,أثر خطير على شعبنا الفلسطيني ,وقع خطير على شعبنا أصيل فلسطيني,2,33.30%,1.0,1.0,وقع خطير على الجمهور الفِلَسْطِينُي,,,
1.39e+18,Loaded Language,1,شعبنا الفلسطيني,الرعية فلسطيني,1,50.00%,1.0,1.0,الرعية الفلسطينية,,,
1.39e+18,Loaded Language,2,شعبنا الفلسطيني,شعبنا مُقِيمٌ بِفِلَسْطِينَ,1,33.30%,1.0,1.0,قومنا الفلسطيني,,,
1.39e+18,Loaded Language,3,شعبنا الفلسطيني,المجتمع غَزَّاوِيٌّ,2,100.00%,1.0,1.0,المجتمع الفلسطيني,,,
1.39e+18,Loaded Language,4,شعبنا الفلسطيني,الجمهور فِلَسْطِينُوِيٌّ,2,100.00%,1.0,1.0,الجمهور الفِلَسْطِينُي,,,
1.39e+18,Loaded Language,5,شعبنا الفلسطيني,شعبنا غَزَّاوِيٌّ,1,50.00%,1.0,1.0,أهالينا الفلسطينية,,,
1.39e+18,Loaded Language,1,وإيمانه بالاحتكام للعملية الديموقراطية,إيمانه به بالاحتكام للعملية ديمقراطية,2,40.00%,,1.0,وإيمانه بالرجوع للعملية الديمقراطية,,,
1.39e+18,Loaded Language,2,وإيمانه بالاحتكام للعملية الديموقراطية,وإيمانه الْفَيْصَلُ للعملية ديموقراطية,1,25.00%,,1.0,وإيمانه الْفَيْصَلُ للعملية الديموقراطية,,,
1.39e+18,Loaded Language,3,وإيمانه بالاحتكام للعملية الديموقراطية,إيمانه به الْبَتُّ فاعلة ديموقراطية,3,60.00%,,1.0,واعتقاده بالاحتكام للديموقراطية,,,
1.39e+18,Loaded Language,4,وإيمانه بالاحتكام للعملية الديموقراطية,اعتقاده الْقَضَاءُ إجرائية حكم شعب,4,80.00%,,1.0,واعتقاده بالاحتكام لحكم الشعب,,,
9.52e+17,Exaggeration/Minimisation,1,رغم الشيطنة والإيقافات,غَيْرَ أَنَّ تحقير تعليقات,3,75.00%,1.0,1.0,غصب عن الشيطنة والإيقافات,,,
9.52e+17,Exaggeration/Minimisation,2,رغم الشيطنة والإيقافات,رَغْمًا إساءة تعليقات,3,100.00%,1.0,1.0,حتى مع الشر والاعتقالات,,,
9.52e+17,Exaggeration/Minimisation,3,رغم الشيطنة والإيقافات,رغم تلطيخ تعطيلات,2,66.70%,1.0,1.0,برغم الإيقافات والتدليس,,,
9.52e+17,Exaggeration/Minimisation,4,رغم الشيطنة والإيقافات,رغم تشويه والإيقافات,1,33.30%,1.0,1.0,رغم التشويه والإيقافات,,,
9.52e+17,Smears,1,رغم الشيطنة والإيقافات، حملة #فاش_نستناو مستمرّة,رَغْمَاءَ شيطنة توقيفات مسيرة مُستسلم نستناو مستمرة,4,57.10%,1.0,1.0,غصب عن الشيطنة والإيقافات حملة فاش نستناو مستمرة,,,
9.52e+17,Smears,2,رغم الشيطنة والإيقافات، حملة #فاش_نستناو مستمرّة,رَغْمَا تلطيخ والإيقافات، حملة فاش ارتقب متوالية,4,57.10%,1.0,1.0,برغم الإيقافات والتدليس حملة فاش نستناو مستمرة,,,
9.52e+17,Smears,3,رغم الشيطنة والإيقافات، حملة #فاش_نستناو مستمرّة,رَغْمَيْنِ تحقير حبسات مسيرة مُفلس توقع دائمة,7,100.00%,1.0,1.0,حتى مع الشر والاعتقالات حملة فاش نستناو مستمرة,,,
9.52e+17,Smears,4,رغم الشيطنة والإيقافات، حملة #فاش_نستناو مستمرّة,رغم تنميط موانع حملة فشل ارتقب معتادة,5,71.40%,1.0,1.0,رغم التشويه والإيقافات حملة فاش نستناو مستمرة,,,
9.52e+17,Loaded Language,1,الشيطنة,التدليس,1,100.00%,1.0,0.0,الشر,,,
9.52e+17,Loaded Language,1,الشيطنة,التدليس,1,100.00%,1.0,0.0,التشويه,,,
9.52e+17,Loaded Language,1,الشيطنة,التدليس,1,100.00%,1.0,0.0,التدليس,,,
1.24e+18,Doubt,1,عين_اليمن من انتصر,عين نَجْد من ظَفِر,2,50.00%,1.0,0.0,عين نَجْد من ظَفِر,,,
1.24e+18,Doubt,2,عين_اليمن من انتصر,عين نَجْد من غلب,2,50.00%,1.0,0.0,عين نَجْد من غلب,,,
1.24e+18,Doubt,3,عين_اليمن من انتصر,عين نَعْماء من انتزع,2,50.00%,1.0,0.0,عين نَعْماء من انتزع,,,
1.24e+18,Doubt,4,عين_اليمن من انتصر,عين فَيروز من تغلب,2,50.00%,1.0,0.0,عين فَيروز من تغلب,,,
1.24e+18,Doubt,5,عين_اليمن من انتصر,عين نَعْماء من غلب,2,50.00%,1.0,0.0,عين نَعْماء من غلب,,,
1.24e+18,Doubt,6,عين_اليمن من انتصر,عين فَيروز من انتصر,1,25.00%,1.0,0.0,عين فَيروز من انتصر,,,
1.24e+18,Loaded Language,1,تقهقر,انحاز,1,100.00%,,1.0,تراجع,,,
1.24e+18,Loaded Language,2,تقهقر,تردّى,1,100.00%,,0.0,تردّى,,,
1.24e+18,Loaded Language,3,تقهقر,انصرف,1,100.00%,,0.0,انصرف,,,
1.24e+18,Loaded Language,4,تقهقر,انحسر,1,100.00%,,0.0,انحسر,,,
1.24e+18,Loaded Language,5,تقهقر,انخلع,1,100.00%,,0.0,انخلع,,,
1.24e+18,Loaded Language,6,تقهقر,انسحب,1,100.00%,,0.0,انسحب,,,
1.24e+18,Loaded Language,1,معركة كسر العظم,مشاجرة اهتراء عَظْم,3,100.00%,1.0,1.0,مشاجرة كسر العظام,,,
1.24e+18,Loaded Language,2,معركة كسر العظم,عراك انكسار هَيكَل,3,100.00%,1.0,1.0,عراك تفتيت العظم,,,
1.24e+18,Loaded Language,3,معركة كسر العظم,ملحمة انهدام عظم,2,66.70%,1.0,1.0,ملحمة كسر العظم,,,
1.24e+18,Loaded Language,4,معركة كسر العظم,معركة تفكك هَيكَل,2,66.70%,1.0,1.0,معركة تكسير العظم,,,
1.24e+18,Doubt,1,كسر العظم بصرواح؟,كسر قَوَام إِنْجَلِيَاح,2,66.70%,1.0,1.0,تفتيت العظم بدمشق,,,
1.24e+18,Doubt,2,كسر العظم بصرواح؟,كسر أَطْرَاف وَضُوحُح,2,66.70%,1.0,1.0,تكسير العظم بأسوان,,,
1.24e+18,Doubt,3,كسر العظم بصرواح؟,هزم إِهاب سُبْحَاح,3,100.00%,1.0,1.0,كسر العظام ببيروت,,,
1.24e+18,Doubt,4,كسر العظم بصرواح؟,فَتَك أَطْرَاف مُبَيِّنُح,3,100.00%,1.0,1.0,كسر العظم ببغداد,,,
1.38e+18,Loaded Language,1,بانتصار ثمين,بانتصار كريم,1,50.00%,,0.0,بانتصار كريم,,,
1.38e+18,Loaded Language,2,بانتصار ثمين,تَيَقُّظاً نفيس,2,100.00%,,1.0,بفوز نفيس,,,
1.38e+18,Loaded Language,3,بانتصار ثمين,بانتصار غالي,1,50.00%,,0.0,بانتصار غالي,,,
1.38e+18,Loaded Language,4,بانتصار ثمين,فوزاً فاخر,2,100.00%,,1.0,بفوز فاخر,,,
1.38e+18,Loaded Language,5,بانتصار ثمين,غلبةً ثمين,1,50.00%,,1.0,بغلبةً ثمينة,,,
1.38e+18,Loaded Language,6,بانتصار ثمين,سُلْطَةً كريم,2,100.00%,,1.0,بغلبة كبيرة,,,
1.4e+18,Slogans,1,إدفنوا شهداءَكم..... إنهضوا وتَيقّظوا,أَخْفَوْا مَصْرَعُوْن تحركوا أدركوا,4,100.00%,1.0,1.0,واروا الثرى لشهداءكم قوموا وانتبهوا,,,
1.4e+18,Slogans,2,إدفنوا شهداءَكم..... إنهضوا وتَيقّظوا,دَفَنُوا جَزْرٌ إنهضوا وتيقظوا,2,50.00%,1.0,1.0,ادفنوا شهداءكم قوموا وتيقظوا,,,
1.4e+18,Slogans,3,إدفنوا شهداءَكم..... إنهضوا وتَيقّظوا,دفنوا قَتْلى إنهضوا استعدّوا,3,75.00%,1.0,1.0,واروا موتاكم الشهداء إنهضوا وانتبهوا,,,
1.4e+18,Slogans,4,إدفنوا شهداءَكم..... إنهضوا وتَيقّظوا,وَارَوا جَزْرٌ انهضوا استيقظوا,4,100.00%,1.0,1.0,ادفنوا الشهداء قوموا وخذوا حذركم,,,
1.4e+18,Loaded Language,1,شهداءَكم,جَزْرَاكُمْ,1,100.00%,1.0,1.0,الشهداء,,,
1.4e+18,Loaded Language,1,شهداءَكم,جَزْرَاكُمْ,1,100.00%,1.0,1.0,لشهداءكم,,,
1.4e+18,Loaded Language,1,شهداءَكم,جَزْرَاكُمْ,1,100.00%,1.0,1.0,موتاكم الشهداء,,,
1.4e+18,Name calling/Labeling,4,شهداءَكم,خُلَّص,1,100.00%,1.0,1.0,الشهداء,,,
1.4e+18,Name calling/Labeling,4,شهداءَكم,خُلَّص,1,100.00%,1.0,1.0,لشهداءكم,,,
1.4e+18,Name calling/Labeling,4,شهداءَكم,خُلَّص,1,100.00%,1.0,1.0,موتاكم الشهداء,,,
1.36e+18,Name calling/Labeling,1,الفلاحين الصغار,الفدادين صغار,1,50.00%,,1.0,الفلاحين الفتيان,,,
1.36e+18,Name calling/Labeling,2,الفلاحين الصغار,الزراع أولاد,2,100.00%,,1.0,المزارعين الأولاد,,,
1.36e+18,Name calling/Labeling,3,الفلاحين الصغار,الفلاحين أولاد,1,50.00%,,1.0,الفلاحين الاأولاد,,,
1.36e+18,Name calling/Labeling,4,الفلاحين الصغار,الفلاحين ناشئة,1,50.00%,,1.0,الفلاحين الناشئة,,,
1.36e+18,Name calling/Labeling,5,الفلاحين الصغار,الفلاحين فتيان,1,50.00%,,1.0,الفلاحين الفتيان,,,
1.36e+18,Name calling/Labeling,6,الفلاحين الصغار,البُسطاء صغار,1,50.00%,,1.0,البُسطاء الصغار,,,
1.36e+18,Loaded Language,1,إنتفاضة,هبّة,1,100.00%,,0.0,هبّة,,,
1.36e+18,Loaded Language,2,إنتفاضة,ثورة عارمة,1,50.00%,,0.0,ثورة عارمة,,,
1.36e+18,Loaded Language,3,إنتفاضة,تذمر,1,100.00%,,0.0,تذمر,,,
1.36e+18,Loaded Language,4,إنتفاضة,احتجاج,1,100.00%,,0.0,احتجاج,,,
1.36e+18,Loaded Language,5,إنتفاضة,غضب,1,100.00%,,0.0,غضب,,,
1.36e+18,Loaded Language,6,إنتفاضة,انتفاضة شعبية,1,50.00%,,0.0,انتفاضة شعبية,,,
1.39e+18,Loaded Language,1,انفــجــار,تفتت,1,100.00%,,0.0,تفتت,,,
1.39e+18,Loaded Language,2,انفــجــار,انفلات,1,100.00%,,0.0,انفلات,,,
1.39e+18,Loaded Language,3,انفــجــار,انفراج,1,100.00%,,1.0,انشطار,,,
1.39e+18,Loaded Language,4,انفــجــار,انبجاس,1,100.00%,,0.0,انبجاس,,,
1.39e+18,Loaded Language,1,مفـــخخـة,مُحَمَّلَة,1,100.00%,,0.0,مُحَمَّلَة,,,
1.39e+18,Loaded Language,2,مفـــخخـة,مُلغّمَة,1,100.00%,,0.0,مُلغّمَة,,,
1.39e+18,Loaded Language,3,مفـــخخـة,مُحَشَّاة,1,100.00%,,0.0,مُحَشَّاة,,,
1.39e+18,Loaded Language,4,مفـــخخـة,مُبَطَّنَة,1,100.00%,,0.0,مُبَطَّنَة,,,
1.39e+18,Name calling/Labeling,1,مستـــوطنات,أماكن استيطانية,1,50.00%,,0.0,أماكن استيطانية,,,
1.39e+18,Name calling/Labeling,2,مستـــوطنات,مساكن,1,100.00%,,1.0,مساكن استيطان,,,
1.39e+18,Name calling/Labeling,3,مستـــوطنات,مناطق سكن,1,50.00%,,1.0,مناطق سكن مستونين,,,
1.39e+18,Name calling/Labeling,4,مستـــوطنات,مواقع استيطانية,1,50.00%,,1.0,مواقع استيطانية,,,
1.39e+18,Name calling/Labeling,5,مستـــوطنات,مخيمات,1,100.00%,,0.0,مخيمات استيطانية,,,
1.4e+18,Doubt,1,53% من الجمهوريين يعتقدون أن ترمب الرئيس الحقيقي للولايات المتحدة.. و61% لديهم يقين بسرقة الانتخابات,من سُلطويّون يَدَّعُون أن مال رئيس محسوس مقاطعات متحدة و يقتنونها يقظة اغتصاب تصويت,9,64.30%,1.0,1.0,53% من الحزب الجمهوري بامريكا مقتنعون أن ترمب الملك الحقيقي للولايات المتحدة.. و61% لديهم تصديق بسرقة التصويت الشعبي,,,
1.4e+18,Doubt,2,53% من الجمهوريين يعتقدون أن ترمب الرئيس الحقيقي للولايات المتحدة.. و61% لديهم يقين بسرقة الانتخابات,من جمهوريين يَعْزِمون أن ثروة سيد محسوس دوائر مُتضافرة و لديهم يقين بسرقة تصويت,7,50.00%,1.0,1.0,53% من الجمهوريين يصدقون أن ترمب الرئيس الفعلي للولايات المتحدة.. و61% ليس لديهم شك بتغيير الاانتخابات,,,
1.4e+18,Doubt,3,53% من الجمهوريين يعتقدون أن ترمب الرئيس الحقيقي للولايات المتحدة.. و61% لديهم يقين بسرقة الانتخابات,من مُحافِظون يَدَّعُون أن قرش رئيس حقيقي ولايات مُتآلفة و في حيازتهم اعتماد اختلاس عملية تصويتية,9,56.20%,1.0,1.0,53% من الجمهوريين يعترفون أن ترمب الرئيس الواقعي للولايات المتحدة.. و61% لديهم علم بنهب الاقتراع العام,,,
1.4e+18,Doubt,1,53% من الجمهوريين يعتقدون أن ترمب الرئيس الحقيقي للولايات المتحدة.. و61% لديهم يقين بسرقة الانتخابات,من سُلطويّون يَدَّعُون أن مال رئيس محسوس مقاطعات متحدة و يقتنونها يقظة اغتصاب تصويت,9,64.30%,1.0,1.0,53% من الحزب الجمهوري بامريكا مقتنعون أن ترمب الرئيس الرسمي للولايات المتحدة.. و61% لديهم تصديق بنهب التصويت,,,
1.4e+18,Doubt,2,53% من الجمهوريين يعتقدون أن ترمب الرئيس الحقيقي للولايات المتحدة.. و61% لديهم يقين بسرقة الانتخابات,من جمهوريين يَعْزِمون أن ثروة سيد محسوس دوائر مُتضافرة و لديهم يقين بسرقة تصويت,7,50.00%,1.0,1.0,53% من الجمهوريين يصدقون أن ترمب الرئيس الجوهري للولايات المتحدة.. و61% ليس لديهم شك بالاستيلاءً على الفرز,,,
1.4e+18,Doubt,3,53% من الجمهوريين يعتقدون أن ترمب الرئيس الحقيقي للولايات المتحدة.. و61% لديهم يقين بسرقة الانتخابات,من مُحافِظون يَدَّعُون أن قرش رئيس حقيقي ولايات مُتآلفة و في حيازتهم اعتماد اختلاس عملية تصويتية,9,56.20%,1.0,1.0,53% من الجمهوريين يعترفون أن ترمب الرئيس الواقعي للولايات المتحدة.. و61% لديهم علم بسرقة الاستفتاء,,,
1.4e+18,Loaded Language,1,بسرقة الانتخابات,عُنفًا تصويت شعبي,2,66.70%,1.0,1.0,بسرقة التصويت الشعبي,,,
1.4e+18,Loaded Language,2,بسرقة الانتخابات,بسرقة انتخاب,1,50.00%,1.0,1.0,بتغيير الاانتخابات,,,
1.4e+18,Loaded Language,3,بسرقة الانتخابات,نهب اقتراع عام,2,66.70%,1.0,1.0,بنهب الاقتراع العام,,,
1.4e+18,Loaded Language,4,بسرقة الانتخابات,عُنفًا تصويت,2,100.00%,1.0,1.0,بنهب التصويت,,,
1.4e+18,Loaded Language,5,بسرقة الانتخابات,استيلاءً فرز,2,100.00%,1.0,1.0,بالاستيلاءً على الفرز,,,
1.4e+18,Loaded Language,6,بسرقة الانتخابات,بسرقة استفتاء,1,50.00%,1.0,1.0,بسرقة الاستفتاء,,,
1.4e+18,Name calling/Labeling,1,الرئيس الحقيقي,الملك حقيقي,1,50.00%,1.0,1.0,الملك الحقيقي,,,
1.4e+18,Name calling/Labeling,2,الرئيس الحقيقي,الرئيس واقعي,1,50.00%,1.0,1.0,الرئيس الواقعي,,,
1.4e+18,Name calling/Labeling,3,الرئيس الحقيقي,الرئيس أمين,1,50.00%,1.0,1.0,الرئيس الفعلي,,,
1.4e+18,Name calling/Labeling,4,الرئيس الحقيقي,الرئيس جوهري,1,50.00%,1.0,1.0,الرئيس الجوهري,,,
1.4e+18,Name calling/Labeling,5,الرئيس الحقيقي,المدير حقيقي,1,50.00%,1.0,1.0,المدير الحقيقي,,,
1.33e+18,Loaded Language,1,بعمق الأزمة,بعمق نَكْبَة,1,50.00%,,1.0,بعمق النَكْبَة,,,
1.33e+18,Loaded Language,2,بعمق الأزمة,أَسْرارًا عَوَائِق,2,100.00%,,1.0,بداخل العَوَائِق,,,
1.33e+18,Loaded Language,3,بعمق الأزمة,عُمْقًا مَأْزَق,2,100.00%,,1.0,بعمق المَأْزَق,,,
1.33e+18,Loaded Language,4,بعمق الأزمة,فَحْوَى كَرْب,2,100.00%,,1.0,بفَحْوَى الكَرْب,,,
1.33e+18,Loaded Language,5,بعمق الأزمة,أَسْرارًا أزمة,1,50.00%,,1.0,بسر الأزمة,,,
1.33e+18,Loaded Language,6,بعمق الأزمة,بُعْدًا ضِيقَة,2,100.00%,,1.0,بسر الأزمة,,,
1.39e+18,Loaded Language,1, الاعتداءات الوحشية,التعديات الْعَنَف,2,100.00%,1.0,1.0,التعديات الْعَنَيفة,,,
1.39e+18,Loaded Language,2, الاعتداءات الوحشية,الاعتداءات دَّهْمَاء,1,50.00%,1.0,1.0,الاعتداءات العنيفة,,,
1.39e+18,Loaded Language,3, الاعتداءات الوحشية,الاعتداءات توحش,1,50.00%,1.0,1.0,الهجمات العنيفة,,,
1.39e+18,Loaded Language,4, الاعتداءات الوحشية,الهجمات توحش,2,100.00%,1.0,1.0,الهجمات الوحشية,,,
1.39e+18,Loaded Language,1, الاعتداءات الوحشية,التعديات الْعَنَف,2,100.00%,1.0,1.0,الضربات القاسية,,,
1.39e+18,Loaded Language,2, الاعتداءات الوحشية,الاعتداءات دَّهْمَاء,1,50.00%,1.0,1.0,المداهمات الدموية,,,
1.39e+18,Loaded Language,3, الاعتداءات الوحشية,الاعتداءات توحش,1,50.00%,1.0,1.0,الاعتداءات القاسية,,,
1.39e+18,Appeal to fear/prejudice,1,الاعتداءات الوحشية لقوات الاحتلال في #المسجد_الأقصى هي تحد جديد للمجتمع الدولي,الضربات قساوة لقوات استيلاء في مسجد نهاية هي تحد جديد للمجتمع فوقَ وطني,5,38.50%,1.0,1.0,التعديات الْعَنَيفة لقوات الاستيلاء في المسجد الأقصى هي تحد جديد للمجتمع الدولي,,,
1.39e+18,Appeal to fear/prejudice,2,الاعتداءات الوحشية لقوات الاحتلال في #المسجد_الأقصى هي تحد جديد للمجتمع الدولي,المداهمات دموية حشود احتلال في مسجد بعيد هي إشكال مُتجدد للمجتمع عالمي,7,58.30%,1.0,1.0,الاعتداءات العنيفة للفرق العسكرية المسيطرة في المسجد الأقصى هي إشكال مُتجدد للمجتمع العالمي,,,
1.39e+18,Appeal to fear/prejudice,3,الاعتداءات الوحشية لقوات الاحتلال في #المسجد_الأقصى هي تحد جديد للمجتمع الدولي,الاعتداءات غريزية جيوش احتلال في مكان سجود نائي هي تحد مستحدث عامة دولي,6,46.20%,1.0,1.0,الهجمات العنيفة لعساكر الاحتلال في المسجد الأقصى هي تحد مستحدث للعالم,,,
1.39e+18,Appeal to fear/prejudice,4,الاعتداءات الوحشية لقوات الاحتلال في #المسجد_الأقصى هي تحد جديد للمجتمع الدولي,الاعتداءات وحشية جنود تسلط في بيت له غاية هي تحد جديد للمجتمع فوقَ وطني,5,35.70%,1.0,1.0,الهجمات الوحشية للجنود المقاتلة المقتحمة في المسجد الأقصى هي تحد جديد للمجتمع الدولي,,,
1.39e+18,Appeal to fear/prejudice,1,الاعتداءات الوحشية لقوات الاحتلال في #المسجد_الأقصى هي تحد جديد للمجتمع الدولي,الضربات قساوة لقوات استيلاء في مسجد نهاية هي تحد جديد للمجتمع فوقَ وطني,5,38.50%,1.0,1.0,الضربات القاسية لقوات الاستيلاء في المسجد الأقصى هي تحد جديد للمجتمع الدولي,,,
1.39e+18,Appeal to fear/prejudice,2,الاعتداءات الوحشية لقوات الاحتلال في #المسجد_الأقصى هي تحد جديد للمجتمع الدولي,المداهمات دموية حشود احتلال في مسجد بعيد هي إشكال مُتجدد للمجتمع عالمي,7,58.30%,1.0,1.0,المداهمات الدموية لحشود الاحتلال في المسجد الأقصى هي إشكال مُتجدد للمجتمع العالمي,,,
1.39e+18,Appeal to fear/prejudice,3,الاعتداءات الوحشية لقوات الاحتلال في #المسجد_الأقصى هي تحد جديد للمجتمع الدولي,الاعتداءات غريزية جيوش احتلال في مكان سجود نائي هي تحد مستحدث عامة دولي,6,46.20%,1.0,1.0,الاعتداءات القاسية لجيوش الاحتلال في المسجد الأقصى هي تحد مستحدث للعالم,,,
1.39e+18,Name calling/Labeling,1,لقوات الاحتلال,الجنود قهر,2,100.00%,1.0,1.0,لقوات الاستيلاء,,,
1.39e+18,Name calling/Labeling,2,لقوات الاحتلال,الفرق عسكرية سيطرة,2,66.70%,1.0,1.0,للفرق العسكرية المسيطرة,,,
1.39e+18,Name calling/Labeling,3,لقوات الاحتلال,العساكر احتلال,1,50.00%,1.0,1.0,لعساكر الاحتلال,,,
1.39e+18,Name calling/Labeling,4,لقوات الاحتلال,الجنود مقاتلة اقتحام,2,66.70%,1.0,1.0,للجنود المقاتلة المقتحمة,,,
1.39e+18,Name calling/Labeling,5,لقوات الاحتلال,الجنود سيطرة,2,100.00%,1.0,1.0,للجنود المسيطرة,,,
1.39e+18,Name calling/Labeling,6,لقوات الاحتلال,الفرق عسكرية احتلال,1,33.30%,1.0,1.0,للفرق العسكرية المحتلة,,,
1.39e+18,Name calling/Labeling,5,لقوات الاحتلال,الجنود سيطرة,2,100.00%,1.0,1.0,لحشود الاحتلال,,,
1.39e+18,Name calling/Labeling,6,لقوات الاحتلال,الفرق عسكرية احتلال,1,33.30%,1.0,1.0,لجيوش الاحتلال,,,
1.36e+18,Loaded Language,1,تنتقد تطبيع,تنتقد تسوية,1,50.00%,,1.0,تنتقد تسوية,,,
1.36e+18,Loaded Language,2,تنتقد تطبيع,إِمْعَانُ نَّظَرِ تجانس,2,66.70%,,1.0,إِمْعَانُ في النَّظَرِ للتطبيع,,,
1.36e+18,Loaded Language,3,تنتقد تطبيع,تنتقد تاقلم,1,50.00%,,1.0,تنتقد تاقلم,,,
1.36e+18,Loaded Language,4,تنتقد تطبيع,تنتقد تهذيب,1,50.00%,,1.0,تنتقد تسوية العلاقات,,,
1.36e+18,Loaded Language,5,تنتقد تطبيع,تَحْقِيقُ تقارب,2,100.00%,,1.0,تعلق على تَحْقِيقُ تقارب,,,
1.36e+18,Loaded Language,6,تنتقد تطبيع,تنتقد تقارب,1,50.00%,,1.0,تنتقد تقارب,,,
1.36e+18,Loaded Language,1,بقتل واغتصاب ,فناء سلب,2,100.00%,1.0,1.0,بقتل وسلب شرف,,,
1.36e+18,Loaded Language,2,بقتل واغتصاب ,انهيارا واغتصاب,1,50.00%,1.0,1.0,بفناء واغتصاب,,,
1.36e+18,Loaded Language,3,بقتل واغتصاب ,فناء سَلبُ حُرمَة,2,66.70%,1.0,1.0,بفناء وسَلبُ حُرمَة,,,
1.36e+18,Loaded Language,4,بقتل واغتصاب ,هلاك سلب,2,100.00%,1.0,1.0,بهلاك وسلب,,,
1.36e+18,Loaded Language,1,بقتل واغتصاب ,فناء سلب,2,100.00%,1.0,1.0,بقتل و نهب,,,
1.36e+18,Loaded Language,2,بقتل واغتصاب ,انهيارا واغتصاب,1,50.00%,1.0,1.0,بقتل واغتصاب,,,
1.36e+18,Loaded Language,3,بقتل واغتصاب ,فناء سَلبُ حُرمَة,2,66.70%,1.0,1.0,بهلك واستيلاء على,,,
1.36e+18,Loaded Language,4,بقتل واغتصاب ,هلاك سلب,2,100.00%,1.0,1.0,باغتنام,,,
1.36e+18,Smears,1,مناهجهم توصي بقتل واغتصاب أرض العربي,مناهجهم أَمَر أذهل نهب بِقاع عربي,4,66.70%,1.0,1.0,مناهجهم تأَمَر بقتل وسلب شرف أرض العربي,,,
1.36e+18,Smears,2,مناهجهم توصي بقتل واغتصاب أرض العربي,سبلهم نصح بقتل واغتصاب تُرْب عربي,3,50.00%,1.0,1.0,سبلهم تنصح بفناء واغتصاب تُرْاب العربي,,,
1.36e+18,Smears,3,مناهجهم توصي بقتل واغتصاب أرض العربي,خططهم أَمَر انبهر استيلاء مُرُوج مَشرقي,6,100.00%,1.0,1.0,خططهم توصي بهلاك وسلب مُرُوج المشرقي,,,
1.36e+18,Smears,4,مناهجهم توصي بقتل واغتصاب أرض العربي,وسائلهم أَمَر اندهش اغتنام سَفْح مَغاربي,6,100.00%,1.0,1.0,وسائلهم تأمر بفناء وسَلبُ حُرمَة سَفْح العربي,,,
1.36e+18,Smears,1,مناهجهم توصي بقتل واغتصاب أرض العربي,مناهجهم أَمَر أذهل نهب بِقاع عربي,4,66.70%,1.0,1.0,مناهجهم تأَمَر بقتل و نهب أرض العربي,,,
1.36e+18,Smears,2,مناهجهم توصي بقتل واغتصاب أرض العربي,سبلهم نصح بقتل واغتصاب تُرْب عربي,3,50.00%,1.0,1.0,سبلهم تنصح بقتل واغتصاب تُرْاب العربي,,,
1.36e+18,Smears,3,مناهجهم توصي بقتل واغتصاب أرض العربي,خططهم أَمَر انبهر استيلاء مُرُوج مَشرقي,6,100.00%,1.0,1.0,خططهم توصي بهلك واستيلاء على مُرُوج المشرقي,,,
1.36e+18,Smears,4,مناهجهم توصي بقتل واغتصاب أرض العربي,وسائلهم أَمَر اندهش اغتنام سَفْح مَغاربي,6,100.00%,1.0,1.0,وسائلهم تأمر باغتنام سَفْح العربي,,,
1.38e+18,Loaded Language,1,بيان ناري,إظهار ناري,1,50.00%,,,إظهار ناري,,,
1.38e+18,Loaded Language,2,بيان ناري,بيان نارِيّة,1,50.00%,,,بيان نارِيّة,,,
1.38e+18,Loaded Language,3,بيان ناري,بيان مُتَوَهِّجَة,1,50.00%,,,بيان مُتَوَهِّجَة,,,
1.38e+18,Loaded Language,4,بيان ناري,تعبير مُتَأَجِّجَة,2,100.00%,,,تعبير مُتَأَجِّجَة,,,
1.38e+18,Loaded Language,5,بيان ناري,توضيح نارِيّة,2,100.00%,,,توضيح نارِيّة,,,
1.38e+18,Loaded Language,1,فشل,قصور,1,100.00%,,,قصور,,,
1.38e+18,Loaded Language,2,فشل,انحسار,1,100.00%,,,انحسار,,,
1.38e+18,Loaded Language,3,فشل,خلل,1,100.00%,,,خلل,,,
1.38e+18,Loaded Language,4,فشل,ضعف,1,100.00%,,,ضعف,,,
1.3e+18,Loaded Language,1,نحن كالبنيان المرصوص,نحن متين بناء متلاحم,2,50.00%,1.0,,نحن مثل الطوب المرصوص,,,
1.3e+18,Loaded Language,2,نحن كالبنيان المرصوص,نحن متراص متكاتف,2,66.70%,1.0,,نحن متينون كالبناء المرصوص,,,
1.3e+18,Loaded Language,3,نحن كالبنيان المرصوص,نحن صلب مرصوص,1,33.30%,1.0,,نحن كالبنيان المحكم,,,
1.3e+18,Loaded Language,4,نحن كالبنيان المرصوص,نحن معماري متجاور,2,66.70%,1.0,,نحن مثل الإنشاء المحكم,,,
1.3e+18,Loaded Language,5,نحن كالبنيان المرصوص,نحن محكم متلاصق,2,66.70%,1.0,,نحن متسقون متلاحمون,,,
1.3e+18,Loaded Language,6,نحن كالبنيان المرصوص,نحن كالبنيان مرتب,1,33.30%,1.0,,نحن كالبنيان المرتب,,,
1.3e+18,Name calling/Labeling,1,الكارهون,المبغضون,1,100.00%,1.0,,المبغضون,,,
1.3e+18,Name calling/Labeling,2,الكارهون,العدائيون,1,100.00%,1.0,,العدائيون,,,
1.3e+18,Name calling/Labeling,3,الكارهون,المستهجنون,1,100.00%,1.0,,المستهجنون,,,
1.3e+18,Name calling/Labeling,4,الكارهون,المعادون,1,100.00%,1.0,,المعادون,,,
1.3e+18,Name calling/Labeling,5,الكارهون,الخصوم,1,100.00%,1.0,,الخصوم,,,
1.3e+18,Name calling/Labeling,6,الكارهون,المنفرون,1,100.00%,1.0,,المنفرون,,,
1.3e+18,Slogans,1,نحن كالبنيان المرصوص,نحن مهيّأ مرصوص,1,33.30%,1.0,1.0,نحن مثل الطوب المرصوص,,,
1.3e+18,Slogans,2,نحن كالبنيان المرصوص,نحن متين بناء مرصوص,1,25.00%,1.0,1.0,نحن متينون كالبناء المرصوص,,,
1.3e+18,Slogans,3,نحن كالبنيان المرصوص,نحن كالبنيان محكم,1,33.30%,1.0,1.0,نحن كالبنيان المحكم,,,
1.3e+18,Slogans,4,نحن كالبنيان المرصوص,نحن محكم إنشاء محكم,2,50.00%,1.0,1.0,نحن مثل الإنشاء المحكم,,,
1.3e+18,Slogans,5,نحن كالبنيان المرصوص,نحن متسق متلاحم,2,66.70%,1.0,1.0,نحن متسقون متلاحمون,,,
1.3e+18,Slogans,5,نحن كالبنيان المرصوص,نحن متسق متلاحم,2,66.70%,1.0,1.0,نحن كالبنيان المرتب,,,
1.3e+18,Loaded Language,1,كره الكارهون,خصومة مُضادّون,2,100.00%,1.0,1.0,خاصم المبغضون,,,
1.3e+18,Loaded Language,2,كره الكارهون,مقت مبغضون,2,100.00%,1.0,1.0,مقت العدائيون,,,
1.3e+18,Loaded Language,3,كره الكارهون,جفاء مُعادون,2,100.00%,1.0,1.0,جفى المستهجنون,,,
1.3e+18,Loaded Language,4,كره الكارهون,كره مُعادون,1,50.00%,1.0,1.0,كره المعادون,,,
1.3e+18,Loaded Language,5,كره الكارهون,اشمئزاز معارِضون,2,100.00%,1.0,1.0,اشمئز الخصوم,,,
1.3e+18,Loaded Language,5,كره الكارهون,اشمئزاز معارِضون,2,100.00%,1.0,1.0,اشمئز المنفرون,,,
1.3e+18,"Obfuscation, Intentional vagueness, Confusion",1,الكارهون,المُعادون,1,100.00%,1.0,0.0,المبغضون,,,
1.3e+18,"Obfuscation, Intentional vagueness, Confusion",2,الكارهون,المُحتقرون,1,100.00%,1.0,0.0,العدائيون,,,
1.3e+18,"Obfuscation, Intentional vagueness, Confusion",1,الكارهون,المُعادون,1,100.00%,1.0,1.0,المستهجنون,,,
1.3e+18,"Obfuscation, Intentional vagueness, Confusion",2,الكارهون,المُحتقرون,1,100.00%,1.0,1.0,المعادون,,,
1.3e+18,"Obfuscation, Intentional vagueness, Confusion",3,الكارهون,المُضادون,1,100.00%,1.0,0.0,الخصوم,,,
1.3e+18,"Obfuscation, Intentional vagueness, Confusion",4,الكارهون,المعارضون,1,100.00%,1.0,0.0,المنفرون,,,
1.3e+18,Name calling/Labeling,1,كالبنيان المرصوص,كالبنيان محكم,1,50.00%,1.0,1.0,مثل الطوب المرصوص,,,
1.3e+18,Name calling/Labeling,2,كالبنيان المرصوص,متراص مترابط,2,100.00%,1.0,1.0,متينون كالبناء المرصوص,,,
1.3e+18,Name calling/Labeling,3,كالبنيان المرصوص,كالبنيان مشدود,1,50.00%,1.0,1.0,كالبنيان المحكم,,,
1.3e+18,Name calling/Labeling,4,كالبنيان المرصوص,كالبنيان مترابط,1,50.00%,1.0,1.0,مثل الإنشاء المحكم,,,
1.3e+18,Name calling/Labeling,5,كالبنيان المرصوص,ثابت مرصوص,1,50.00%,1.0,1.0,متسقون متلاحمون,,,
1.3e+18,Name calling/Labeling,6,كالبنيان المرصوص,متين بناء مرصوص,1,33.30%,1.0,1.0,كالبنيان المرتب,,,
1.4e+18,Name calling/Labeling,1,المقاتل,محارب,1,100.00%,,,محارب,,,
1.4e+18,Name calling/Labeling,2,المقاتل,مُدافع,1,100.00%,,,مُدافع,,,
1.4e+18,Name calling/Labeling,3,المقاتل,مُتصدّر,1,100.00%,,,مُتصدّر,,,
1.4e+18,Name calling/Labeling,4,المقاتل,محارِب,1,100.00%,,,محارِب,,,
1.4e+18,Name calling/Labeling,5,المقاتل,مقاتل شجاع,1,50.00%,,,مقاتل شجاع,,,
1.4e+18,Name calling/Labeling,6,المقاتل,مجاهد,1,100.00%,,,مجاهد,,,
1.4e+18,Loaded Language,1,بمعاداة السامية,معارضة مُعالي,2,100.00%,1.0,1.0,بمضادة السامية,,,
1.4e+18,Loaded Language,2,بمعاداة السامية,عداوة مجيدة,2,100.00%,1.0,1.0,بانها ضد السامية,,,
1.4e+18,Loaded Language,3,بمعاداة السامية,خصومة نبيلة,2,100.00%,1.0,1.0,بانها معادية للسامية,,,
1.4e+18,Loaded Language,4,بمعاداة السامية,مجابهة مُجلّلة,2,100.00%,1.0,1.0,بانها تعادي السامية,,,
1.4e+18,Loaded Language,1,مقلقة بشكل بالغ,مقلقة بشكل راشد,1,33.30%,,,مقلقة بشكل راشد,,,
1.4e+18,Loaded Language,2,مقلقة بشكل بالغ,مُستَفزَّة بشكل مُمَيَّز,2,66.70%,,,مُستَفزَّة بشكل مُمَيَّز,,,
1.4e+18,Loaded Language,3,مقلقة بشكل بالغ,مُقلقَة بشكل مُتَمِّم,2,66.70%,,,مُقلقَة بشكل مُتَمِّم,,,
1.4e+18,Loaded Language,4,مقلقة بشكل بالغ,مُحَيِّرَة بشكل مُنْتَهٍ,2,66.70%,,,مُحَيِّرَة بشكل مُنْتَهٍ,,,
1.4e+18,Loaded Language,5,مقلقة بشكل بالغ,مُبَهمَة بشكل مُمَيَّز,2,66.70%,,,مُبَهمَة بشكل مُمَيَّز,,,
1.4e+18,Loaded Language,1,اتهامات إسرائيل للمحكمة الجنائية الدولية,ظنون عِبْرَانِيُّونَ مَقْعَد عقابية محيطة,5,100.00%,,,ظنون عِبْرَانِيُّونَ مَقْعَد عقابية محيطة,,,
1.4e+18,Loaded Language,2,اتهامات إسرائيل للمحكمة الجنائية الدولية,ظنون يَهُود دَّار جنائية شاملة,4,80.00%,,,ظنون يَهُود دَّار جنائية شاملة,,,
1.4e+18,Loaded Language,3,اتهامات إسرائيل للمحكمة الجنائية الدولية,مزاعم يَهُوذَا مَقْضَى جزائية دولية,4,80.00%,,,مزاعم يَهُوذَا مَقْضَى جزائية دولية,,,
1.4e+18,Loaded Language,4,اتهامات إسرائيل للمحكمة الجنائية الدولية,تخرصات يَهُود للمحكمة إثمية شاملة,4,80.00%,,,تخرصات يَهُود للمحكمة إثمية شاملة,,,
1.4e+18,Loaded Language,5,اتهامات إسرائيل للمحكمة الجنائية الدولية,أقاويل سَبْطَة دَّار جنائية أممية,4,80.00%,,,أقاويل سَبْطَة دَّار جنائية أممية,,,
1.4e+18,Loaded Language,6,اتهامات إسرائيل للمحكمة الجنائية الدولية,ظنون قَبَائِلُ اثْنَا عَشَر للمحكمة إثمية كونية,4,57.10%,,,ظنون قَبَائِلُ اثْنَا عَشَر للمحكمة إثمية كونية,,,
1.4e+18,Name calling/Labeling,1,بمعاداة السامية,مضادة سامية,1,50.00%,1.0,1.0,بمضادة السامية,,,
1.4e+18,Name calling/Labeling,2,بمعاداة السامية,خصام عليا,2,100.00%,1.0,1.0,بانها ضد السامية,,,
1.4e+18,Name calling/Labeling,3,بمعاداة السامية,منازعة مجيدة,2,100.00%,1.0,1.0,بانها معادية للسامية,,,
1.4e+18,Name calling/Labeling,4,بمعاداة السامية,مضادة رفيعة,2,100.00%,1.0,1.0,بانها تعادي السامية,,,
1.4e+18,Smears,1,اتهامات إسرائيل للمحكمة الجنائية الدولية بمعاداة السامية مقلقة بشكل بالغ,تَبْرِئَةٌ مِنْ ذَنْبٍ إسرائيل للمحكمة معاقبة مشتركة محاربة مُنيفة مُزعِجَة بشكل مُحكَم,7,58.30%,1.0,1.0,اتهامات إسرائيل للمحكمة الجنائية الدولية بانها ضد السامية مضطربة بشكل بالغ,,,
1.4e+18,Smears,2,اتهامات إسرائيل للمحكمة الجنائية الدولية بمعاداة السامية مقلقة بشكل بالغ,تَحْمِيلُ الْجُرْمِ سَبْطَة مُحِيطُ إجرامية دولية بمعاداة سامقة مُضْطَرِبَة بشكل بالغ,6,54.50%,1.0,1.0,تحميل إسرائيل الاتهامات للمحكمة الجنائية الدولية بانها معادية للسامية مقلق بشكل بالغ,,,
1.4e+18,Smears,3,اتهامات إسرائيل للمحكمة الجنائية الدولية بمعاداة السامية مقلقة بشكل بالغ,تَنْحِيَةٌ مُلْتَبِسَةٌ سَبْطَة للمحكمة عقابية موحدة مضادة رفيعة مُضْطَرِبَة بشكل شَديد,8,72.70%,1.0,1.0,توجيه إسرائيل الاتهامات للمحكمة الجنائية الدولية بمضادة السامية امر مربك بشكل واضح,,,
1.4e+18,Smears,4,اتهامات إسرائيل للمحكمة الجنائية الدولية بمعاداة السامية مقلقة بشكل بالغ,تَحْمِيلُ الْمَسْؤُولِيَّةِ إسرائيل مَرْكَزُ مخالفة إنسانية معارضة رفيعة مُرْبِكَة بشكل راشِد,8,72.70%,1.0,1.0,توجيه إسرائيل الاتهامات للمحكمة الجنائية الدولية بانها تعادي السامية امر مربك بشكل كبير,,,
1.35e+18,Loaded Language,1,الاغتيالات,الإجهازات,1,100.00%,1.0,0.0,الإجهازات,,,
1.35e+18,Loaded Language,2,الاغتيالات,الاغتصاب,1,100.00%,1.0,1.0,القتل,,,
1.35e+18,Loaded Language,4,الاغتيالات,الإزالات,1,100.00%,1.0,0.0,الإزالات,,,
1.35e+18,Loaded Language,5,الاغتيالات,الاغتياب,1,100.00%,1.0,0.0,الاغتياب,,,
1.35e+18,Loaded Language,1,الدمار للبلاد,القحط أرض,2,100.00%,1.0,1.0,الخراب للبلاد,,,
1.35e+18,Loaded Language,2,الدمار للبلاد,الهلاك مَحلّة,2,100.00%,1.0,1.0,الهلاك للبلاد,,,
1.35e+18,Loaded Language,3,الدمار للبلاد,الفناء إقليم,2,100.00%,1.0,1.0,الفناء للإقليم,,,
1.35e+18,Loaded Language,4,الدمار للبلاد,الفناء للبلاد,1,50.00%,1.0,1.0,دك العمار,,,
1.35e+18,Loaded Language,5,الدمار للبلاد,الدمار ديار,1,50.00%,1.0,1.0,الدمار للديار,,,
1.35e+18,"Obfuscation, Intentional vagueness, Confusion",1,ناس ما قدمت كان الدمار للبلاد و الاغتيالات و الجهاز السري,البشرية ما أَسْرَعَتْ كان خراب أوطنة و اغتيالات و تجهيز سري,5,45.50%,1.0,1.0,لا يذكر ما عملت كان الخراب للبلاد و القتل و الجهاز السري,,,
1.35e+18,"Obfuscation, Intentional vagueness, Confusion",2,ناس ما قدمت كان الدمار للبلاد و الاغتيالات و الجهاز السري,أفراد ما سَبَقَتْ كان خرابيش ممالك و اغتياب و وسيط مستكنّ,7,63.60%,1.0,1.0,ناس ما عملت كان الهلاك للبلاد و الإجهازات و المخابرات,,,
1.35e+18,"Obfuscation, Intentional vagueness, Confusion",3,ناس ما قدمت كان الدمار للبلاد و الاغتيالات و الجهاز السري,الخَلقُ ما تَدَفَّقَتْ كان هلاك بقاع و اغتيالات و وسيلة مستكنّ,6,54.50%,1.0,1.0,متناس ما فعلت كان الفناء للإقليم و الإزالات و الجهاز المخفي,,,
1.35e+18,"Obfuscation, Intentional vagueness, Confusion",4,ناس ما قدمت كان الدمار للبلاد و الاغتيالات و الجهاز السري,ناس ما قدمت كان دك معمور و اغتصاب و جهاز مخفي,4,36.40%,1.0,1.0,ناس ما قدمت كان دك العمار و الاغتياب و الجهاز السري,,,
1.35e+18,"Obfuscation, Intentional vagueness, Confusion",5,ناس ما قدمت كان الدمار للبلاد و الاغتيالات و الجهاز السري,الناسُ ما تَقَدَّمَتْ كان دمار ممالك و اغدرار و تجهيز مستكنّ,6,54.50%,1.0,1.0,ناس ما فعلت من الدمار للديار والقتل و الجهاز السري,,,
1.4e+18,Name calling/Labeling,1,ميليشيا #الحوثي,عصبة حوثي,1,50.00%,,,عصبة حوثي,,,
1.4e+18,Name calling/Labeling,2,ميليشيا #الحوثي,ميليشيا متظاهر,1,50.00%,,,ميليشيا متظاهر,,,
1.4e+18,Name calling/Labeling,3,ميليشيا #الحوثي,خِصْص ثائر,2,100.00%,,,خِصْص ثائر,,,
1.4e+18,Name calling/Labeling,4,ميليشيا #الحوثي,مليشيات زيدي,2,100.00%,,,مليشيات زيدي,,,
1.4e+18,Name calling/Labeling,5,ميليشيا #الحوثي,خِصْص متظاهر,2,100.00%,,,خِصْص متظاهر,,,
1.4e+18,Appeal to fear/prejudice,1,الاستعداد لمواجهة كارثة محتملة,الاستعداد مجابهة مُصِيبَة محتملة حدوث,3,60.00%,1.0,1.0,الاستعداد لمجابهة مُصِيبَة محتملة حدوث,,,
1.4e+18,Appeal to fear/prejudice,2,الاستعداد لمواجهة كارثة محتملة,التزود لمواجهة مَصْدَرَة واضحة,3,75.00%,1.0,1.0,التزود لمواجهة شَدَيدَة واضحة,,,
1.4e+18,Appeal to fear/prejudice,3,الاستعداد لمواجهة كارثة محتملة,الاستباق لمواجهة بَلِيَّة محتملة حدوث,3,60.00%,1.0,1.0,الاستباق لمواجهة جَلَلَة محتملة الحدوث,,,
1.4e+18,Appeal to fear/prejudice,4,الاستعداد لمواجهة كارثة محتملة,الاستعدادية مواجهة نَقْمَة مقبولة,4,100.00%,1.0,1.0,الاستعداد لمواجهة نَقْمَة متوقعة,,,
1.4e+18,Appeal to fear/prejudice,5,الاستعداد لمواجهة كارثة محتملة,التخطيط مدافعة شَدَيدَة متوقعة,4,100.00%,1.0,1.0,التخطيط لمواجهة بلية شَدَيدَة متوقعة,,,
1.4e+18,Appeal to fear/prejudice,6,الاستعداد لمواجهة كارثة محتملة,الاستعداد مدافعة نَازِلَة محتملة حدوث,3,60.00%,1.0,1.0,الاستعداد للتصدي لنَازِلَة محتملة الحدوث,,,
1.4e+18,Appeal to fear/prejudice,6,الاستعداد لمواجهة كارثة محتملة,الاستعداد مدافعة نَازِلَة محتملة حدوث,3,60.00%,1.0,1.0,الاستعداد للتصدي لنكبة محتملة الحدوث,,,
1.4e+18,Loaded Language,1,كارثة,شَدَيدَة,1,100.00%,1.0,1.0,شَدَيدَة,,,
1.4e+18,Loaded Language,2,كارثة,جَلَلَة,1,100.00%,1.0,1.0,جَلَلَة,,,
1.4e+18,Loaded Language,3,كارثة,مَصْدَرَة,1,100.00%,1.0,1.0,مُصِيبَة,,,
1.4e+18,Loaded Language,4,كارثة,بَلِيَّة,1,100.00%,1.0,1.0,نقمة,,,
1.4e+18,Loaded Language,3,كارثة,مَصْدَرَة,1,100.00%,1.0,1.0,نازلة,,,
1.4e+18,Loaded Language,4,كارثة,بَلِيَّة,1,100.00%,1.0,1.0,بلية,,,
1.4e+18,Loaded Language,5,كارثة,نَكْبَة,1,100.00%,1.0,1.0,نَكْبَة,,,
1.38e+18,Loaded Language,1,"حول 1,821 طفلاً إلى أشلاء ",حول حدثا إلى أشلاء,1,25.00%,,,حول حدثا إلى أشلاء,,,
1.38e+18,Loaded Language,2,"حول 1,821 طفلاً إلى أشلاء ",حول غلاما إلى أعضا,2,50.00%,,,حول غلاما إلى أعضا,,,
1.38e+18,Loaded Language,3,"حول 1,821 طفلاً إلى أشلاء ",حول رضيعا إلى أشلاء,1,25.00%,,,حول رضيعا إلى أشلاء,,,
1.38e+18,Loaded Language,4,"حول 1,821 طفلاً إلى أشلاء ",حول حدثا إلى حطام,2,50.00%,,,حول حدثا إلى حطام,,,
1.38e+18,Loaded Language,5,"حول 1,821 طفلاً إلى أشلاء ",حول فتى إلى رُكام,2,50.00%,,,حول فتى إلى رُكام,,,
1.4e+18,Name calling/Labeling,1,صانع النصر,مُبتكر نصر,1,50.00%,,,مُبتكر نصر,,,
1.4e+18,Name calling/Labeling,2,صانع النصر,مُهندس نصر,1,50.00%,,,مُهندس نصر,,,
1.4e+18,Name calling/Labeling,3,صانع النصر,صانع ظَّاهر,1,50.00%,,,صانع ظَّاهر,,,
1.4e+18,Name calling/Labeling,4,صانع النصر,باني إِفحام,2,100.00%,,,باني إِفحام,,,
1.4e+18,Name calling/Labeling,5,صانع النصر,حِرفي فَتح,2,100.00%,,,حِرفي فَتح,,,
1.4e+18,Name calling/Labeling,6,صانع النصر,صنّاع ظَّاهر,2,100.00%,,,صنّاع ظَّاهر,,,
1.4e+18,Name calling/Labeling,1,عنوان البطولة,عنوان بريد بطولة,1,33.30%,,,عنوان بريد بطولة,,,
1.4e+18,Name calling/Labeling,2,عنوان البطولة,إشارة بطولة,1,50.00%,,,إشارة بطولة,,,
1.4e+18,Name calling/Labeling,3,عنوان البطولة,عنوان جُرأة,1,50.00%,,,عنوان جُرأة,,,
1.4e+18,Name calling/Labeling,4,عنوان البطولة,رَقم بطولة,1,50.00%,,,رَقم بطولة,,,
1.4e+18,Name calling/Labeling,5,عنوان البطولة,رَقم بسالة,2,100.00%,,,رَقم بسالة,,,
1.4e+18,Flag-waving,1,تحية لشعبنا,تحية للمواطنين,1,50.00%,1.0,1.0,تحية لمواطنينا,,,
1.4e+18,Flag-waving,2,تحية لشعبنا,مرحبة للمواطنين,2,100.00%,1.0,1.0,مرحبا لمواطنينا,,,
1.4e+18,Flag-waving,3,تحية لشعبنا,تبجيل لجماهيرنا,2,100.00%,1.0,1.0,تبجيل لجماهيرنا,,,
1.4e+18,Flag-waving,4,تحية لشعبنا,تكريمًا للعباد,2,100.00%,1.0,1.0,تكريمًا لشعبنا,,,
1.4e+18,Loaded Language,1,تهديد,إرعاب,1,100.00%,,,إرعاب,,,
1.4e+18,Loaded Language,2,تهديد,إرهاب,1,100.00%,,,إرهاب,,,
1.4e+18,Loaded Language,3,تهديد,تخويف,1,100.00%,,,تخويف,,,
1.4e+18,Loaded Language,4,تهديد,تنبيه,1,100.00%,,,تنبيه,,,
1.4e+18,Name calling/Labeling,1,شهيد الحقيقة,شهيد صريح,1,50.00%,1.0,1.0,شهيد الصراحة,,,
1.4e+18,Name calling/Labeling,2,شهيد الحقيقة,قتيل حقيقة محققة,2,66.70%,1.0,1.0,قتيل الحقيقة المحققة,,,
1.4e+18,Name calling/Labeling,3,شهيد الحقيقة,قتيل صدق,2,100.00%,1.0,1.0,قتيل الصدق,,,
1.4e+18,Name calling/Labeling,4,شهيد الحقيقة,مقتول حقيقة,1,50.00%,1.0,1.0,مقتول الحقيقة,,,
1.4e+18,Name calling/Labeling,5,شهيد الحقيقة,مقتول جلي,2,100.00%,1.0,1.0,مقتول للحقيقة,,,
1.4e+18,Name calling/Labeling,1,شهيد الحقيقة,شهيد صريح,1,50.00%,1.0,1.0,مقتول لأجل الصواب,,,
1.4e+18,Name calling/Labeling,2,شهيد الحقيقة,قتيل حقيقة محققة,2,66.70%,1.0,1.0,مجاهد الصواب,,,
1.4e+18,Name calling/Labeling,3,شهيد الحقيقة,قتيل صدق,2,100.00%,1.0,1.0,مجاهد الحقيقة,,,
1.4e+18,Name calling/Labeling,4,شهيد الحقيقة,مقتول حقيقة,1,50.00%,1.0,1.0,فدائي للحقيقة,,,
1.4e+18,Name calling/Labeling,5,شهيد الحقيقة,مقتول جلي,2,100.00%,1.0,1.0,مقتول للحقيقة,,,
1.4e+18,Name calling/Labeling,5,شهيد الحقيقة,مقتول جلي,2,100.00%,1.0,1.0,مضرج الصدق,,,
1.4e+18,Glittering generalities (Virtue),1,شهيد الحقيقة,حَمِيم حقيقة,1,50.00%,1.0,1.0,شهيد الصراحة,,,
1.4e+18,Glittering generalities (Virtue),2,شهيد الحقيقة,مجاهد صواب,2,100.00%,1.0,1.0,قتيل الحقيقة المحققة,,,
1.4e+18,Glittering generalities (Virtue),3,شهيد الحقيقة,مجاهد حقيقة,1,50.00%,1.0,1.0,قتيل الصدق,,,
1.4e+18,Glittering generalities (Virtue),4,شهيد الحقيقة,فدائي حقيقة,1,50.00%,1.0,1.0,مقتول الحقيقة,,,
1.4e+18,Glittering generalities (Virtue),5,شهيد الحقيقة,مقتول حقيقة,1,50.00%,1.0,1.0,مقتول للحقيقة,,,
1.4e+18,Glittering generalities (Virtue),1,شهيد الحقيقة,حَمِيم حقيقة,1,50.00%,1.0,1.0,مقتول لأجل الصواب,,,
1.4e+18,Glittering generalities (Virtue),2,شهيد الحقيقة,مجاهد صواب,2,100.00%,1.0,1.0,مجاهد الصواب,,,
1.4e+18,Glittering generalities (Virtue),3,شهيد الحقيقة,مجاهد حقيقة,1,50.00%,1.0,1.0,مجاهد الحقيقة,,,
1.4e+18,Glittering generalities (Virtue),4,شهيد الحقيقة,فدائي حقيقة,1,50.00%,1.0,1.0,فدائي للحقيقة,,,
1.4e+18,Glittering generalities (Virtue),5,شهيد الحقيقة,مقتول حقيقة,1,50.00%,1.0,1.0,مقتول للحقيقة,,,
1.4e+18,Glittering generalities (Virtue),6,شهيد الحقيقة,مضرج صدق,2,100.00%,1.0,1.0,مضرج الصدق,,,
1.39e+18,Name calling/Labeling,1,مدينة #حيفا المحتلة,بلدة إِثْم محتلة,2,66.70%,,,بلدة إِثْم محتلة,,,
1.39e+18,Name calling/Labeling,2,مدينة #حيفا المحتلة,مدينة غَبْن محتلة,1,33.30%,,,مدينة غَبْن محتلة,,,
1.39e+18,Name calling/Labeling,3,مدينة #حيفا المحتلة,محلة حيفا مُستعبَدة,2,66.70%,,,محلة حيفا مُستعبَدة,,,
1.39e+18,Name calling/Labeling,4,مدينة #حيفا المحتلة,مجمع هَلَكَة مُستَولَى عليها,3,75.00%,,,مجمع هَلَكَة مُستَولَى عليها,,,
1.39e+18,Name calling/Labeling,5,مدينة #حيفا المحتلة,حىّ إِثْم مستباحة,3,100.00%,,,حىّ إِثْم مستباحة,,,
1.39e+18,Name calling/Labeling,6,مدينة #حيفا المحتلة,مدينة إِثْم مغتصبة,2,66.70%,,,مدينة إِثْم مغتصبة,,,
1.39e+18,Loaded Language,1,التحــام من النــهر إلى البحــر,التحــام من سَوْق إلى يمُّ,2,40.00%,,,التحــام من سَوْق إلى يمُّ,,,
1.39e+18,Loaded Language,2,التحــام من النــهر إلى البحــر,التحــام من جَرَي إلى سَّاحِـل,2,40.00%,,,التحــام من جَرَي إلى سَّاحِـل,,,
1.39e+18,Loaded Language,3,التحــام من النــهر إلى البحــر,الاصطدام من جَدْوَل إلى دُّنيا,3,60.00%,,,الاصطدام من جَدْوَل إلى دُّنيا,,,
1.39e+18,Loaded Language,4,التحــام من النــهر إلى البحــر,الانضمام من نــهر إلى خليج,2,40.00%,,,الانضمام من نــهر إلى خليج,,,
1.39e+18,Loaded Language,5,التحــام من النــهر إلى البحــر,الانصهار من سَوْق إلى واحـة,3,60.00%,,,الانصهار من سَوْق إلى واحـة,,,
1.39e+18,Loaded Language,1,شراهة الصين,طَمَع صين,1,50.00%,,,طَمَع صين,,,
1.39e+18,Loaded Language,2,شراهة الصين,شراهة صَيْنِيّةُ آنية,1,33.30%,,,شراهة صَيْنِيّةُ آنية,,,
1.39e+18,Loaded Language,3,شراهة الصين,لَعِب صين,1,50.00%,,,لَعِب صين,,,
1.39e+18,Loaded Language,4,شراهة الصين,غَدَّار جُرْجَان,2,100.00%,,,غَدَّار جُرْجَان,,,
1.39e+18,Loaded Language,5,شراهة الصين,شره صِنْيِنيّ,2,100.00%,,,شره صِنْيِنيّ,,,
1.39e+18,Loaded Language,1,نعمة,لطف,1,100.00%,,,لطف,,,
1.39e+18,Loaded Language,2,نعمة,كرامة,1,100.00%,,,كرامة,,,
1.39e+18,Loaded Language,3,نعمة,هدية,1,100.00%,,,هدية,,,
1.39e+18,Loaded Language,4,نعمة,بركة,1,100.00%,,,بركة,,,
1.39e+18,Loaded Language,5,نعمة,موهبة,1,100.00%,,,موهبة,,,
1.39e+18,Loaded Language,1,نقمة,هزيمة,1,100.00%,,,هزيمة,,,
1.39e+18,Loaded Language,2,نقمة,نكبة,1,100.00%,,,نكبة,,,
1.39e+18,Loaded Language,3,نقمة,نقمة/ بلية,1,50.00%,,,نقمة/ بلية,,,
1.39e+18,Loaded Language,4,نقمة,شدة,1,100.00%,,,شدة,,,
1.39e+18,Loaded Language,1,كل شئ حولي رماد,كل شئ متاخمة رماد,1,25.00%,,,كل شئ متاخمة رماد,,,
1.39e+18,Loaded Language,2,كل شئ حولي رماد,كل شئ ملاصق كَسَر,2,50.00%,,,كل شئ ملاصق كَسَر,,,
1.39e+18,Loaded Language,3,كل شئ حولي رماد,كل شئ مجاور رماد,1,25.00%,,,كل شئ مجاور رماد,,,
1.39e+18,Loaded Language,4,كل شئ حولي رماد,كل شئ متاخم مُحْرَق,2,50.00%,,,كل شئ متاخم مُحْرَق,,,
1.39e+18,Loaded Language,1,مأساتها,مَرْثَيَةُ,1,100.00%,,,مَرْثَيَةُ,,,
1.39e+18,Loaded Language,2,مأساتها,مُصِيبَةُ,1,100.00%,,,مُصِيبَةُ,,,
1.39e+18,Loaded Language,3,مأساتها,مَحْزَنَةُ,1,100.00%,,,مَحْزَنَةُ,,,
1.39e+18,Loaded Language,4,مأساتها,مَصْطَرَةُ,1,100.00%,,,مَصْطَرَةُ,,,
1.39e+18,Loaded Language,5,مأساتها,كَارِثَةُ,1,100.00%,,,كَارِثَةُ,,,
9.61e+17,Name calling/Labeling,1,عاشق مرتبك,ولع محتار,2,100.00%,,,ولع محتار,,,
9.61e+17,Name calling/Labeling,2,عاشق مرتبك,هائم حَيْرَان,2,100.00%,,,هائم حَيْرَان,,,
9.61e+17,Name calling/Labeling,3,عاشق مرتبك,مُتعلق مبهوت,2,100.00%,,,مُتعلق مبهوت,,,
9.61e+17,Name calling/Labeling,4,عاشق مرتبك,مُولع مُتَوَتر,2,100.00%,,,مُولع مُتَوَتر,,,
9.61e+17,Name calling/Labeling,5,عاشق مرتبك,عاشق مدهوش,1,50.00%,,,عاشق مدهوش,,,
1.39e+18,Loaded Language,1,زيادة فاضحة,علاوة مُجَرِّحة,2,100.00%,,,علاوة مُجَرِّحة,,,
1.39e+18,Loaded Language,2,زيادة فاضحة,فائض مُخزية,2,100.00%,,,فائض مُخزية,,,
1.39e+18,Loaded Language,3,زيادة فاضحة,زخر فاضحة,1,50.00%,,,زخر فاضحة,,,
1.39e+18,Loaded Language,4,زيادة فاضحة,تضاعف فاضحة,1,50.00%,,,تضاعف فاضحة,,,
1.39e+18,Loaded Language,5,زيادة فاضحة,إضافة فضيحة,2,100.00%,,,إضافة فضيحة,,,
1.39e+18,Loaded Language,6,زيادة فاضحة,وفرة عريّة,2,100.00%,,,وفرة عريّة,,,
1.39e+18,Loaded Language,1, تسيء للسياحة المغربية ,أذى ركح أطلسية,3,100.00%,,1.0,أذى ركح أطلسية,,,
1.39e+18,Loaded Language,2, تسيء للسياحة المغربية ,تسيء سفر إسفارية,2,66.70%,,1.0,تسيء سفر إسفارية,,,
1.39e+18,Loaded Language,3, تسيء للسياحة المغربية ,تسيء تنزه مغاربية,2,66.70%,,0.0,تسيء تنزه مغاربية,,,
1.39e+18,Loaded Language,4, تسيء للسياحة المغربية ,تسيء ركح مغاربية,2,66.70%,,1.0,تسيء ركح مغاربية,,,
1.39e+18,Loaded Language,5, تسيء للسياحة المغربية ,ظلم ركح أمازيغية,3,100.00%,,1.0,ظلم ركح أمازيغية,,,
1.39e+18,Loaded Language,6, تسيء للسياحة المغربية ,تسيء للسياحة مغربيات,1,33.30%,,0.0,تسيء للسياحة مغربيات,,,
1.29e+18,Loaded Language,1,باستشهاد,تأييد,1,100.00%,,1.0,تأييد,,,
1.29e+18,Loaded Language,2,باستشهاد,تقرير,1,100.00%,,1.0,تقرير,,,
1.29e+18,Loaded Language,3,باستشهاد,تدعيم,1,100.00%,,1.0,تدعيم,,,
1.29e+18,Loaded Language,4,باستشهاد,تمثيل,1,100.00%,,1.0,تمثيل,,,
1.29e+18,Loaded Language,5,باستشهاد,شهادة,1,100.00%,,0.0,شهادة,,,
1.4e+18,Exaggeration/Minimisation,1,لص حنون,لص عطوف,1,50.00%,1.0,0.0,لص عطوف,,,
1.4e+18,Exaggeration/Minimisation,2,لص حنون,لص ودود,1,50.00%,1.0,0.0,لص ودود,,,
1.4e+18,Exaggeration/Minimisation,3,لص حنون,لص حبيب,1,50.00%,1.0,0.0,لص رءوف,,,
1.4e+18,Name calling/Labeling,3,لص حنون,لص حنوّة,1,50.00%,1.0,1.0,لص عطوف,,,
1.4e+18,Name calling/Labeling,4,لص حنون,لص حبيب,1,50.00%,1.0,1.0,لص ودود,,,
1.4e+18,Name calling/Labeling,5,لص حنون,لص رقيق,1,50.00%,1.0,1.0,لص رءوف,,,
1.39e+18,Appeal to fear/prejudice,1,المدنيون هم الأهداف الحقيقية لجيش الاحتلال,الْمَدَنُونَ هم غايات حقيقية حشود اغتصاب,4,66.70%,1.0,1.0,المواطنون هم أهداف حقيقية لحشود الاحتلال,,,
1.39e+18,Appeal to fear/prejudice,2,المدنيون هم الأهداف الحقيقية لجيش الاحتلال,المدنيون هم أهداف وقائعية لجيش ضم,2,33.30%,1.0,1.0,المدنيون هم أهداف وقائعية لجيش العدو,,,
1.39e+18,Appeal to fear/prejudice,3,المدنيون هم الأهداف الحقيقية لجيش الاحتلال,الْعَامَّةُ هم مقاصد حقيقية رَحَب هيمنة,4,66.70%,1.0,1.0,الْعَامَّةُ هم مقاصد حقيقية لقوات الغزو,,,
1.39e+18,Appeal to fear/prejudice,4,المدنيون هم الأهداف الحقيقية لجيش الاحتلال,الْعَامَّةُ هم تطلعات حقيقية كتيبة استيلاء,4,66.70%,1.0,1.0,الْعَامَّةُ هم مقاصد فعلية لكتيبة الاستيلاء,,,
1.39e+18,Appeal to fear/prejudice,5,المدنيون هم الأهداف الحقيقية لجيش الاحتلال,الأَهْلُ هم أغراض فعلية أسراب سيطرة,5,83.30%,1.0,1.0,الأَهْلُ هم أغراض فعلية لجيش الاستبداد,,,
1.39e+18,Name calling/Labeling,1,"لجيش الاحتلال ""الإسرائيلي",أفواج سّلب عَبْدِيُّ,3,100.00%,1.0,1.0,لحشود الاحتلال الإسرائيلي,,,
1.39e+18,Name calling/Labeling,2,"لجيش الاحتلال ""الإسرائيلي",جيشان استحواذ يَهُودِيُّ,3,100.00%,1.0,1.0,لجيش العدو الأمريكي,,,
1.39e+18,Name calling/Labeling,3,"لجيش الاحتلال ""الإسرائيلي",لجيش اغتصاب إسرائيلي,1,33.30%,1.0,1.0,لقوات الغزو البريطاني,,,
1.39e+18,Name calling/Labeling,4,"لجيش الاحتلال ""الإسرائيلي",جند قمع إِسْمَاعِيلِيُّ,3,100.00%,1.0,1.0,لكتيبة الاستيلاء الإسرائيلي,,,
1.39e+18,Name calling/Labeling,5,"لجيش الاحتلال ""الإسرائيلي",جموع احتلال سِّلْمِيُّ,2,66.70%,1.0,1.0,لجيش الاستبداد البريطاني,,,
1.39e+18,Name calling/Labeling,1,"الاحتلال ""الإسرائيلي",الغزو يَهُودِيٌّ,2,100.00%,1.0,1.0,الاحتلال الإسرائيلي,,,
1.39e+18,Name calling/Labeling,2,"الاحتلال ""الإسرائيلي",الاستيلاء إسرائيلي,1,50.00%,1.0,1.0,العدو الأمريكي,,,
1.39e+18,Name calling/Labeling,3,"الاحتلال ""الإسرائيلي",الامتلاك لاوي,2,100.00%,1.0,1.0,الغزو البريطاني,,,
1.39e+18,Name calling/Labeling,4,"الاحتلال ""الإسرائيلي",الاحتلال ساكن فلسطين,1,33.30%,1.0,1.0,الاستيلاء الإسرائيلي,,,
1.39e+18,Name calling/Labeling,5,"الاحتلال ""الإسرائيلي",القمع إسرائيلي,1,50.00%,1.0,1.0,الاستبداد البريطاني,,,
1.39e+18,Smears,1,"الواقع يكذب ""أفيخاي""",الواقع يكذب أُوارب,1,33.30%,1.0,1.0,الواقع يكذب العدو,,,
1.39e+18,Smears,2,"الواقع يكذب ""أفيخاي""",الوقائع يُدَاوِر أضلل,3,100.00%,1.0,1.0,الوقائع تكشف أفيخاي,,,
1.39e+18,Smears,3,"الواقع يكذب ""أفيخاي""",الحقيقة يُوارِي أُراوغ,3,100.00%,1.0,1.0,الحقيقة تضحض الكاذب,,,
1.39e+18,Smears,4,"الواقع يكذب ""أفيخاي""",الواقع يُموه أُلطف,2,66.70%,1.0,1.0,الواقع يضحض كلام العدو,,,
1.39e+18,Smears,5,"الواقع يكذب ""أفيخاي""",الملموسات يكذب أُبهّج,2,66.70%,1.0,1.0,الملموسات تكذب المجرم,,,
1.37e+18,Presenting Irrelevant Data (Red Herring),1,شابة سعودية تقع في كارثة وتدهس جمعا من الناس بسيارتها الفارهة,غَضَّة حنوبية انحدرت في كارثة سححت اتحادا من جماعة فِي آليَّتِهَا ترف,8,66.70%,1.0,1.0,فتاة اماراتية تقع في مصيبة وتدهس جمعا من المواطنين بسيارتها الثمينة,,,
1.37e+18,Presenting Irrelevant Data (Red Herring),2,شابة سعودية تقع في كارثة وتدهس جمعا من الناس بسيارتها الفارهة,مُعَسْكَرَة يمانية تدحرجت في هَلاَكَة سحقت مجتمعا من دهماء ذَاهِبَةً رفاه,9,81.80%,1.0,1.0,شابة كويتية تقع في نكبة وتدهس مجموعة من الناس بمركبتها الغالية,,,
1.37e+18,Presenting Irrelevant Data (Red Herring),3,شابة سعودية تقع في كارثة وتدهس جمعا من الناس بسيارتها الفارهة,فتية حنوبية تقع في هَلاَكَة رَحست جماعة من بشر مُتَجَهِزَةً فارهة,7,63.60%,1.0,1.0,فتاة سعودية تسقط في هلاك وتدهس مجموعة من العامة بمركبتها الثمينة,,,
1.37e+18,Presenting Irrelevant Data (Red Herring),4,شابة سعودية تقع في كارثة وتدهس جمعا من الناس بسيارتها الفارهة,فتية قحطانية انزوت في كارثة رَحست مجتمع من عباد بسيارتها بذخ,7,63.60%,1.0,1.0,شابة قطرية تسقط في مأزق وتدوس جمعا من الناس بعربتها الغنية,,,
1.37e+18,Presenting Irrelevant Data (Red Herring),5,شابة سعودية تقع في كارثة وتدهس جمعا من الناس بسيارتها الفارهة,شابة قحطانية زلت في شَدَيدَة سححت جمعا من دهماء بسيارتها رغد,6,54.50%,1.0,1.0,شابة سعودية تقع في أزمة وتدهس مجموعة من الناس بسيارتها الغالية,,,
1.37e+18,Loaded Language,1,كارثة,مَصْطَكَة,1,100.00%,1.0,1.0,مصيبة,,,
1.37e+18,Loaded Language,2,كارثة,نَكْبَة,1,100.00%,1.0,0.0,نكبة,,,
1.37e+18,Loaded Language,3,كارثة,هَلاك,1,100.00%,1.0,0.0,هَلاك,,,
1.37e+18,Loaded Language,4,كارثة,رَزِيَّة,1,100.00%,1.0,0.0,مأزق,,,
1.37e+18,Loaded Language,4,كارثة,رَزِيَّة,1,100.00%,1.0,0.0,أزمة,,,
1.37e+18,Name calling/Labeling,1,بسيارتها الفارهة,بمركبتها سعة,2,100.00%,1.0,1.0,بسيارتها الثمينة,,,
1.37e+18,Name calling/Labeling,2,بسيارتها الفارهة,برحلتها ثراء,2,100.00%,1.0,1.0,بمركبتها الغالية,,,
1.37e+18,Name calling/Labeling,3,بسيارتها الفارهة,بسيارتها خصب,1,50.00%,1.0,1.0,بمركبتها الثمينة,,,
1.37e+18,Name calling/Labeling,4,بسيارتها الفارهة,بسيارتها غنى,1,50.00%,1.0,1.0,بعربتها الغنية,,,
1.37e+18,Name calling/Labeling,5,بسيارتها الفارهة,بعتادها غنى,2,100.00%,1.0,1.0,بسيارتها الغالية,,,
1.39e+18,Loaded Language,1,معاناة,عناء,1,100.00%,,0.0,عناء,,,
1.39e+18,Loaded Language,2,معاناة,مشاقّ حياة,1,50.00%,,0.0,مشاقّ حياة,,,
1.39e+18,Loaded Language,3,معاناة,تعب,1,100.00%,,0.0,تعب,,,
1.39e+18,Loaded Language,4,معاناة,ألم,1,100.00%,,0.0,ألم,,,
1.39e+18,Doubt,1, فهل هذا الأمر يشكل له عائق ؟,فهل هذا أمر/الشيء/الموضوع/الموضوعُ/الموضوعَ/الموضعُ/الخلافُ/الرأي/الرغبةُ/الإرادةُ/الغايةُ يُشكّل له عائق ؟,2,28.60%,1.0,1.0, فهل هذا الموضوع يشكل له اشكالية ؟,,,
1.39e+18,Doubt,2, فهل هذا الأمر يشكل له عائق ؟,هلّا هذا أمر/الشيء/الموضوع/الموضوعُ/الموضوعَ/الموضعُ/الخلافُ/الرأي/الرغبةُ/الإرادةُ/الغايةُ يشكل له عثرات ؟,3,42.90%,1.0,1.0, فهل من الممكن ان يجعل هذا الموضوع مشكلة ؟,,,
1.39e+18,Doubt,3, فهل هذا الأمر يشكل له عائق ؟,في واقع هذا أمر/الشيء/الموضوع/الموضوعُ/الموضوعَ/الموضعُ/الخلافُ/الرأي/الرغبةُ/الإرادةُ/الغايةُ يشكل له عائق ؟,2,25.00%,1.0,1.0, أفلا يشكل هذا الأمر مأزق له؟,,,
1.39e+18,Doubt,4, فهل هذا الأمر يشكل له عائق ؟,أمَا هذا أمر يُشكّل له إشكاليات ؟,3,42.90%,1.0,1.0, فهل هذا الأمر يصنع له عثرات ؟,,,
1.39e+18,Doubt,5, فهل هذا الأمر يشكل له عائق ؟,أفلا هذا أمر/الشيء/الموضوع/الموضوعُ/الموضوعَ/الموضعُ/الخلافُ/الرأي/الرغبةُ/الإرادةُ/الغايةُ يُصوّر له حائل ؟,4,57.10%,1.0,1.0, فهل هذا الأمر يصنع له عائق ؟,,,
1.39e+18,Doubt,6, فهل هذا الأمر يشكل له عائق ؟,فهل هذا أمر يَصنَع له عثرات ؟,2,28.60%,1.0,1.0,أفلا يصنع هذا الشيء له حاجز ؟,,,
1.36e+18,Doubt,1,"ما تأثير ""حرب اللقاحات"" على الدول الفقيرة؟",ما تأثير قَتْل لقاحات على أمم مسكينة,3,42.90%,1.0,1.0,ما تأثير صراع اللقاحات على الأمم المسكينة,,,
1.36e+18,Doubt,2,"ما تأثير ""حرب اللقاحات"" على الدول الفقيرة؟",ما عاقبة صِدام مُنَبِّهات على مشاعل فقيرة؟,4,57.10%,1.0,1.0,ما عاقبة صِدام المُنَبِّهات على الدول الفقيرة؟,,,
1.36e+18,Doubt,3,"ما تأثير ""حرب اللقاحات"" على الدول الفقيرة؟",ما أثر صِراع مُقَوِّيات على عواصم محتاجة,5,71.40%,1.0,1.0,ما أثر حرب المُقَوِّيات على العواصم المسكينة,,,
1.36e+18,Doubt,4,"ما تأثير ""حرب اللقاحات"" على الدول الفقيرة؟",ما صدى قَتْل مُعَزِّزات على دول ذليلة,4,57.10%,1.0,1.0,ما تأثير صِدام الوقائيات على الدول الغير غنية,,,
1.36e+18,Doubt,4,"ما تأثير ""حرب اللقاحات"" على الدول الفقيرة؟",ما صدى قَتْل مُعَزِّزات على دول ذليلة,4,57.10%,1.0,1.0,ما تأثير مَعرَكة التطعيمات على الدول الغير غنية,,,
1.36e+18,Loaded Language,1,حرب اللقاحات,صِدام وقائيات,2,100.00%,1.0,0.0,صِدام الوقائيات,,,
1.36e+18,Loaded Language,2,حرب اللقاحات,قَتالٌ ضَارٍ لقاحات,1,33.30%,1.0,1.0,صراع اللقاحات,,,
1.36e+18,Loaded Language,3,حرب اللقاحات,مَعرَكة تطعيمات,2,100.00%,1.0,0.0,مَعرَكة التطعيمات,,,
1.36e+18,Loaded Language,4,حرب اللقاحات,استِعداء مناعيات,2,100.00%,1.0,1.0,صِدام المُنَبِّهات,,,
1.36e+18,Loaded Language,5,حرب اللقاحات,استِعداء واقيات,2,100.00%,1.0,1.0,حرب المُقَوِّيات,,,
1.39e+18,Loaded Language,1,حروب ونزاعات,نزاعات صراعات,2,100.00%,1.0,1.0,نزاعات وصراعات,,,
1.39e+18,Loaded Language,2,حروب ونزاعات,نزاعات معارك,2,100.00%,1.0,1.0,اقتتال ومشاحنات,,,
1.39e+18,Loaded Language,3,حروب ونزاعات,حروب عراكات,1,50.00%,1.0,1.0,حروب وعراكات,,,
1.39e+18,Loaded Language,4,حروب ونزاعات,قساوة ونزاعات,1,50.00%,1.0,0.0,معارك عنيفة ونزاعات,,,
1.39e+18,Loaded Language,5,حروب ونزاعات,صراعات عراكات,2,100.00%,1.0,1.0,صراعات وعراكات,,,
1.39e+18,Loaded Language,1,للإبادة الأرمنية,اضمحلال أرمنية,1,50.00%,1.0,1.0,للقتل الأرماني,,,
1.39e+18,Loaded Language,2,للإبادة الأرمنية,قضاء أرمونِيَّة,2,100.00%,1.0,1.0,للمجازر القوطية,,,
1.39e+18,Loaded Language,3,للإبادة الأرمنية,للإبادة أرمينية أرمن,1,33.30%,1.0,1.0,للإفناء الإنجيلي,,,
1.39e+18,Loaded Language,4,للإبادة الأرمنية,محق أرمِنِيَّة,2,100.00%,1.0,1.0,للإبادة الكشطبية,,,
1.39e+18,Causal Oversimplification,1,حروب ونزاعات تنشأ حتى اليوم بسبب انكار تركيا للإبادة الأرمنية,حروب ونزاعات تربى حتى يوم بسبب تجاهل تركيا اضمحلال أرمينية,4,40.00%,1.0,1.0,نزاعات  و صراعات تحدث حتى اليوم بسبب استنكار تركيا للقتل الأرماني,,,
1.39e+18,Causal Oversimplification,2,حروب ونزاعات تنشأ حتى اليوم بسبب انكار تركيا للإبادة الأرمنية,اقتتال مشاحنات تنبت حتى يوم بسبب إغفال تركيا للإبادة قوطية,5,50.00%,1.0,1.0,اقتتال ومشاحنات تنبت حتى يوم بسبب إغفال تركيا للمجازر القوطية,,,
1.39e+18,Causal Oversimplification,3,حروب ونزاعات تنشأ حتى اليوم بسبب انكار تركيا للإبادة الأرمنية,معارك عنيفة ونزاعات تنشأ حتى يوم بسبب إنكار بلد أناضول إفناء إنجيلية,5,41.70%,1.0,1.0,معارك عنيفة ونزاعات تنشأ حتى يوم بسبب إنكار بلد أناضول للإفناء الإنجيلي,,,
1.39e+18,Causal Oversimplification,4,حروب ونزاعات تنشأ حتى اليوم بسبب انكار تركيا للإبادة الأرمنية,صراعات ونزاعات تربى حتى يوم بسبب انكار إسطنبولية للإبادة كشطبية,4,40.00%,1.0,1.0,حروب وعراكات تظهر حتى يوم بسبب انكار إسطنبولية للإبادة الكشطبية,,,
1.26e+18,Loaded Language,1,انفجار هز مدينة,تطاير هز موطن,2,66.70%,,1.0,تطاير هز موطن,,,
1.26e+18,Loaded Language,2,انفجار هز مدينة,تنفجر هز عمارة,2,66.70%,,1.0,تنفجر هز عمارة,,,
1.26e+18,Loaded Language,3,انفجار هز مدينة,انفلات هز مدينة,1,33.30%,,0.0,انفلات هز مدينة,,,
1.26e+18,Loaded Language,4,انفجار هز مدينة,تفتق هز مدينة,1,33.30%,,1.0,تفتق هز مدينة,,,
1.26e+18,Loaded Language,1,جرح,آفة,1,100.00%,,0.0,آفة,,,
1.26e+18,Loaded Language,2,جرح,خدش,1,100.00%,,0.0,خدش,,,
1.26e+18,Loaded Language,3,جرح,ضرر,1,100.00%,,0.0,ضرر,,,
1.26e+18,Loaded Language,4,جرح,تمزّق,1,100.00%,,0.0,تمزّق,,,
1.26e+18,Loaded Language,5,جرح,إصابة,1,100.00%,,0.0,إصابة,,,
1.26e+18,Loaded Language,6,جرح,علة,1,100.00%,,0.0,علة,,,
1.39e+18,Loaded Language,1,يخنق,كَظَم,1,100.00%,1.0,1.0,يقتل,,,
1.39e+18,Loaded Language,2,يخنق,شَدَّ,1,100.00%,1.0,1.0,يؤذي,,,
1.39e+18,Loaded Language,3,يخنق,أَوْقَذ,1,100.00%,1.0,1.0,يضيق,,,
1.39e+18,Loaded Language,1,تغتال أحلام الشباب,إفناء خُيَلاَءُ رونق,3,100.00%,1.0,1.0,يقتل أحلام الشباب,,,
1.39e+18,Loaded Language,2,تغتال أحلام الشباب,إزهاق خُيَلاَءُ رونق,3,100.00%,1.0,1.0,تقتل طموح الشباب,,,
1.39e+18,Loaded Language,3,تغتال أحلام الشباب,تصفية رؤى خِضّم,3,100.00%,1.0,1.0,يغتال أحلام الرجال,,,
1.39e+18,Loaded Language,4,تغتال أحلام الشباب,تصفية تَرَائِي عزم,3,100.00%,1.0,1.0,تحطم طموح الشباب,,,
1.39e+18,Appeal to fear/prejudice,1,الركود يخنق التنمية والبطالة تغتال أحلام الشباب,الركود خَنْق رقي والبطالة اقْتَلَعَهُ أحلام أمل,4,57.10%,1.0,1.0,الكساد يؤذي التنمية وعدم وجود عمل يقتل أحلام الشباب,,,
1.39e+18,Appeal to fear/prejudice,2,الركود يخنق التنمية والبطالة تغتال أحلام الشباب,ثبات يخنق إنماء كسل أَهْلَكَهُ تطلعات شباب,5,71.40%,1.0,1.0,الركود يضيق النمو والبطالة تقتل طموح الشباب,,,
1.39e+18,Appeal to fear/prejudice,3,الركود يخنق التنمية والبطالة تغتال أحلام الشباب,رَجْمَحة أَخْنَق تطور والبطالة اقْتَلَعَهُ أضغاث شباب,5,71.40%,1.0,1.0,البوار يقتل التنمية والتعطل عن العمل يغتال أحلام الرجال,,,
1.39e+18,Appeal to fear/prejudice,4,الركود يخنق التنمية والبطالة تغتال أحلام الشباب,خُمُول خَنَّق رقي عطالة انْتَزَعَهُ منامات شباب,6,85.70%,1.0,1.0,الكساد يخنق النمو والبطالة تحطم طموح الشباب,,,
1.39e+18,Appeal to fear/prejudice,5,الركود يخنق التنمية والبطالة تغتال أحلام الشباب,سُبات يخنق تنمية والبطالة قَتْلُهُ تطلعات شباب,3,42.90%,1.0,1.0,الركود يقتل التنمية والبطالة تحطم طموح الشباب,,,
1.39e+18,Loaded Language,1,ابتهاجًا ببسالة المقاومة,سرورًا ببسالة مقاومة,1,33.30%,,0.0,سرورًا ببسالة مقاومة,,,
1.39e+18,Loaded Language,2,ابتهاجًا ببسالة المقاومة,ابتهاجا ثبات صلابة,2,66.70%,,1.0,ابتهاجا ثبات صلابة,,,
1.39e+18,Loaded Language,3,ابتهاجًا ببسالة المقاومة,بهاءً ببسالة عناد,2,66.70%,,1.0,بهاءً ببسالة عناد,,,
1.39e+18,Loaded Language,4,ابتهاجًا ببسالة المقاومة,ابتهاجاً صلابة مناعة,3,100.00%,,1.0,ابتهاجاً صلابة مناعة,,,
1.4e+18,Flag-waving,1,معركتنا لبنانية ولا يمكننا إنقاذ طائفة بمعزل عن طائفة أخرى لذا علينا خلق جبهة عابرة للطوائف,نزالنا مُوسِيقِيَّة ولا قادرون نجاة فئة اجتماعية معزل عن طبقة اجتماعية أخرى لذا حَقّا خلق إِقْبَال عابرة للطوائف,9,50.00%,1.0,1.0,حربنا لبنانية ولا يمكننا إنقاذ جماعة بدون الجماعات الأخرى لذلك علينا خلق جبهة تشمل جميع الجماعات,,,
1.4e+18,Flag-waving,2,معركتنا لبنانية ولا يمكننا إنقاذ طائفة بمعزل عن طائفة أخرى لذا علينا خلق جبهة عابرة للطوائف,خصومتنا رُومَنْسِيَّة ولا يمكننا تدارك حاشدة بمعزل عن فرقة ثانية لذا علينا أتى جبهة مُعبرّة مذاهب,9,56.20%,1.0,1.0,حربنا لبنانية ولا يمكننا إنقاذ طائفة بدون الطوائف الأخرى لذا علينا ايجاد جبهة عابرة للطوائف,,,
1.4e+18,Flag-waving,3,معركتنا لبنانية ولا يمكننا إنقاذ طائفة بمعزل عن طائفة أخرى لذا علينا خلق جبهة عابرة للطوائف,جدالنا لبنانية ولا يمكننا نجاة جماعة بمعزل عن طبقة أخرى لِذلك فَرْضٌ خلق وَجْهَة مُخترِقة للطوائف,8,50.00%,1.0,1.0,معركتنا خاصة ببلدنا ولا يمكنا مساعدة طائفة لوحدها بدون الطوائف الأخرى لذلك علينا خلق جبهة مؤقتة للطوائف,,,
1.4e+18,Flag-waving,4,معركتنا لبنانية ولا يمكننا إنقاذ طائفة بمعزل عن طائفة أخرى لذا علينا خلق جبهة عابرة للطوائف,معركتنا شَرْقِيَّة ولا يمكننا إنقاذ كَوكَبة خلوة عن طائفة بديلة لِذَاكَ واجِبٌ صنع جبهة عابرة فرق,8,50.00%,1.0,1.0,معركتنا ذات طابع لبناني ولا نستطيع مساعدة طائفة بدون الأخرى لذا علينا ايجاد جبهة عابرة للطوائف,,,
1.39e+18,Loaded Language,1,انتشال ضحايا,اقتلاع ضحايا,1,50.00%,,0.0,اقتلاع ضحايا,,,
1.39e+18,Loaded Language,2,انتشال ضحايا,إخراج ضحايا,1,50.00%,,0.0,إخراج ضحايا,,,
1.39e+18,Loaded Language,3,انتشال ضحايا,انتشال مضرورون,1,50.00%,,0.0,انتشال مضرورون,,,
1.39e+18,Loaded Language,4,انتشال ضحايا,إزاحة ضحايا,1,50.00%,,0.0,إزاحة ضحايا,,,
1.39e+18,Loaded Language,5,انتشال ضحايا,استرداد ضحايا,1,50.00%,,0.0,استرداد ضحايا,,,
1.39e+18,Loaded Language,1,قصف ,رشق,1,100.00%,1.0,0.0,هدم,,,
1.39e+18,Loaded Language,2,قصف ,رمي,1,100.00%,1.0,0.0,رمي,,,
1.39e+18,Loaded Language,4,قصف ,ركّز,1,100.00%,1.0,1.0,ضرب صارخ,,,
1.39e+18,Loaded Language,5,قصف ,قَنَف,1,100.00%,1.0,1.0,نسف,,,
1.39e+18,Loaded Language,1,نزوح كبير,تَنَقُّل رفيع,2,100.00%,1.0,1.0,هجرة كبيرة,,,
1.39e+18,Loaded Language,2,نزوح كبير,نزوح مهيب,1,50.00%,1.0,0.0,رحيل كبير,,,
1.39e+18,Loaded Language,3,نزوح كبير,نزوح عظيم شأن,1,33.30%,1.0,0.0,رحيل واسع,,,
1.39e+18,Loaded Language,4,نزوح كبير,رَحيل واسع,2,100.00%,1.0,0.0,نزوح عظيم,,,
1.39e+18,Loaded Language,5,نزوح كبير,نزوح عظيم,1,50.00%,1.0,0.0,نزوح مهيب,,,
1.39e+18,Appeal to fear/prejudice,1,انتشال ضحايا من عائلة كاملة قصف منزلها في شمال غزة.. ونزوح كبير,إزالة ضحايا من أُسرة كاملة رصّع عشها في شمال غزة ونزوح واسع,5,41.70%,1.0,1.0,استخراج منكوبين من عائلة كاملة هدم بيتها في شمال غزة.. وهجرة كبيرة,,,
1.39e+18,Appeal to fear/prejudice,2,انتشال ضحايا من عائلة كاملة قصف منزلها في شمال غزة.. ونزوح كبير,استخراج خسائر من صلة كاملة رصّع موئلها في شمال عزيمة تَحَوُّل كبير,7,58.30%,1.0,1.0,استخراج قتلى من اسرة كاملة رمي منزلها في شرق غزة.. ورحيل كبير,,,
1.39e+18,Appeal to fear/prejudice,3,انتشال ضحايا من عائلة كاملة قصف منزلها في شمال غزة.. ونزوح كبير,انتشال خسائر من قبيلة كاملة رمي عشها في شمال غزة هجاجة جسيم,6,50.00%,1.0,1.0,انتشال قتلى من اسرة واحدة ضرب صاروخ منزلها في الجنوب.. ورحيل واسع,,,
1.39e+18,Appeal to fear/prejudice,4,انتشال ضحايا من عائلة كاملة قصف منزلها في شمال غزة.. ونزوح كبير,استرداد شهداء من جماعة كاملة رمي مأوى في شمال صخرة ونزوح واسع,7,58.30%,1.0,1.0,انتشال شهداء من جماعة كاملة رمي مأواهم بصارخ في جنوب البلد ونزوح عظيم,,,
1.39e+18,Appeal to fear/prejudice,5,انتشال ضحايا من عائلة كاملة قصف منزلها في شمال غزة.. ونزوح كبير,رفع ضحايا من عائلة مُكتملة أركان رمي دارها في شمال عزيمة ونزوح مهيب,6,46.20%,1.0,1.0,رفع ضحايا من عائلة مُكتملة نسف دارها في جنوب غزة ونزوح مهيب,,,
1.3e+18,Loaded Language,1, قتيل وانهيار آلاف المنازل والمنشآت,قتيل انهدام وفير حِمَى مرافق,4,80.00%,,,قتيل انهدام وفير حِمَى مرافق,,,
1.3e+18,Loaded Language,2, قتيل وانهيار آلاف المنازل والمنشآت,مَقْتُولٌ وانهيار رَبَوات قصور مباني,4,80.00%,,,مَقْتُولٌ وانهيار رَبَوات قصور مباني,,,
1.3e+18,Loaded Language,3, قتيل وانهيار آلاف المنازل والمنشآت,مُهْزَم اضمحلال وف دور مرافق,5,100.00%,,,مُهْزَم اضمحلال وف دور مرافق,,,
1.3e+18,Loaded Language,4, قتيل وانهيار آلاف المنازل والمنشآت,قَتْلى انهدام كثرة قصور عمليات,5,100.00%,,,قَتْلى انهدام كثرة قصور عمليات,,,
1.37e+18,Exaggeration/Minimisation,1,عزيمة رجال الحرس الملكي وإصرارهم سيوصلهم إلى قمة إفرست,عزما رجال حرس مَهِيب تمسكهم سيوصلهم إلى أوج سماء,5,55.60%,1.0,1.0,ارادة رجال الحرس الجمهوري وإصرارهم سيبلغهم إلى قمة إفرست,,,
1.37e+18,Exaggeration/Minimisation,2,عزيمة رجال الحرس الملكي وإصرارهم سيوصلهم إلى قمة إفرست,عزيمة ذُكور حامي ملكي وإصرارهم سيبلغهم إلى قمة شاهق,4,44.40%,1.0,1.0,عزيمة الحرس الملكي وإصرارهم سيبلغهم إلى قمة شاهقة,,,
1.37e+18,Exaggeration/Minimisation,3,عزيمة رجال الحرس الملكي وإصرارهم سيوصلهم إلى قمة إفرست,عزيمة مضارع حرس ملكي وإصرارهم سيحملهم إلى ارتفاع علياء,4,44.40%,1.0,1.0,عزيمة قوات الحرس الرئاسي وارادتهم سيصل بهم إلى العلياء,,,
1.37e+18,Exaggeration/Minimisation,4,عزيمة رجال الحرس الملكي وإصرارهم سيوصلهم إلى قمة إفرست,عزما مضارع راعي سيادي تمسكهم سيُسَيِّرهم إلى قمة شاهقُ ارتفاع,7,70.00%,1.0,1.0,تصميم رجال الحرس وتمسكهم سيُسَيِّرهم إلى قمة شاهقُة الارتفاع,,,
1.39e+18,Glittering generalities (Virtue),1,حملت أصواتهم غيث القلوب.. وصدحوا بآيات تعطر النفوس.. ثم انقطعت أيامهم.. ولم تنقطع أصواتهم.. #جود_الراحلين لنا.. ولهم..,احتملت رنّاتهم مطر مضغة ترنموا حُجج تعطر نفوس ثم انعزلت عصورهم ولم توقفت وقعهم معونة ماضين لنا وحقهم,13,72.20%,1.0,1.0,حملت أصواتهم رحمة القلوب.. وانشدوا بآيات تعطر النفوس.. ثم رحلوا.. ولم ترحل أصواتهم.. #جود_الراحلين لنا.. ولهم..,,,
1.39e+18,Glittering generalities (Virtue),2,حملت أصواتهم غيث القلوب.. وصدحوا بآيات تعطر النفوس.. ثم انقطعت أيامهم.. ولم تنقطع أصواتهم.. #جود_الراحلين لنا.. ولهم..,حملقت أطوارهم رَحْمَة مضغة ترنموا براهين تطيب أنا ثم انفصلت أسابيعهم ولم انقضت ترديدهم جود راحلين لنا ويجب أن يكون,13,65.00%,1.0,1.0,نشرت أصواتهم غيث القلوب.. وترنموا بآيات القران التي تطيب النفوس.. ثم ماتوا.. ولم تمت أصواتهم.. #جود_الراحلين لنا.. ولهم..,,,
1.39e+18,Glittering generalities (Virtue),3,حملت أصواتهم غيث القلوب.. وصدحوا بآيات تعطر النفوس.. ثم انقطعت أيامهم.. ولم تنقطع أصواتهم.. #جود_الراحلين لنا.. ولهم..,تاقت أصواتهم رَحْمَة خواطر وصدحوا بآيات عطّر إحساسات ثم انقطعت صلة أيامهم ولم انقطعت نغماتهم إحسان عابرين لنا ويجب أن يكون,11,52.40%,1.0,1.0,حملت أصواتهم ملاذ القلوب.. وعزفوا بآيات تعطر النفوس.. ثم انقطعت أيامهم.. ولم ترحل اأصواتهم.. #جود_الراحلين لنا.. ولهم..,,,
1.39e+18,Glittering generalities (Virtue),4,حملت أصواتهم غيث القلوب.. وصدحوا بآيات تعطر النفوس.. ثم انقطعت أيامهم.. ولم تنقطع أصواتهم.. #جود_الراحلين لنا.. ولهم..,حملت رنّاتهم هَطْل قلوب وصدحوا براهين تعطّر نفوس ثم انقطعت أجيالهم ولم انقضت أصواتهم جود مُغتبَرين لنا ربما,8,44.40%,1.0,1.0,رافقت أصواتهم ما يريح القلوب.. وصدحوا بآيات تطيب النفوس.. ثم انتهت أيامهم.. ولم تنتهي أصواتهم.. #جود_الراحلين لنا.. ولهم..,,,
1.39e+18,Glittering generalities (Virtue),5,حملت أصواتهم غيث القلوب.. وصدحوا بآيات تعطر النفوس.. ثم انقطعت أيامهم.. ولم تنقطع أصواتهم.. #جود_الراحلين لنا.. ولهم..,حملت أصواتهم مُزْن قلوب تغنّوا براهين تبخر أرواح ثم انقطعت مراحلهم ولم انعدمت أصواتهم جود مُودَعين لنا من محتمل,9,47.40%,1.0,1.0,حمل صوتهم غيث القلوب.. وانشدوا بآيات تطيب النفوس.. ثم انقطعت أيامهم.. ولم تنقطع أصواتهم.. #جود_الراحلين لنا.. ولهم..,,,
1.39e+18,Loaded Language,1,الشغف,الهوى,1,100.00%,,,الهوى,,,
1.39e+18,Loaded Language,2,الشغف,الاهتمام,1,100.00%,,,الاهتمام,,,
1.39e+18,Loaded Language,3,الشغف,الجدع,1,100.00%,,,الجدع,,,
1.39e+18,Loaded Language,4,الشغف,الرغبة,1,100.00%,,,الرغبة,,,
1.39e+18,Loaded Language,5,الشغف,الوله,1,100.00%,,,الوله,,,
1.29e+18,Doubt,1,هل هذا يعني ان السعوديه تاوي ارهابي؟,هل هذا يدل ان بلاد عرب تاوي مُخرب,3,37.50%,1.0,1.0,هل هذا يدل ان بلاد العرب تاوي مُخرب,,,
1.29e+18,Doubt,2,هل هذا يعني ان السعوديه تاوي ارهابي؟,هل هذا يقصد ان بلاد مقدسة تُعَايِرُ ارهابي؟,3,37.50%,1.0,1.0,هل هذا يقصد ان البلاد المقدسة تتستر على معتدي,,,
1.29e+18,Doubt,3,هل هذا يعني ان السعوديه تاوي ارهابي؟,هل هذا يحمل ان شبه جزيرة عربية تُسَاكِنُ مُتطرف,4,44.40%,1.0,1.0,هل هذا يحمل ان شبه جزيرة العرب تأوي مُتطرف,,,
1.29e+18,Doubt,4,هل هذا يعني ان السعوديه تاوي ارهابي؟,هل هذا يفيد ان شبه جزيرة عربية تُسَاكِنُ ارهابي؟,3,33.30%,1.0,1.0,هل هذا يفيد ان شبه الجزيرة العربية تسكن متطرف,,,
1.29e+18,Name calling/Labeling,1,ارهابي,متطرف,1,100.00%,1.0,1.0,متطرف,,,
1.29e+18,Name calling/Labeling,2,ارهابي,مُعَتدي,1,100.00%,1.0,1.0,مُعَتدي,,,
1.29e+18,Name calling/Labeling,4,ارهابي,مُخرب,1,100.00%,1.0,1.0,مُخرب,,,
1.38e+18,Loaded Language,1,معاناة ,بلاء,1,100.00%,,,بلاء,,,
1.38e+18,Loaded Language,2,معاناة ,محنة,1,100.00%,,,محنة,,,
1.38e+18,Loaded Language,3,معاناة ,همّ,1,100.00%,,,همّ,,,
1.38e+18,Loaded Language,4,معاناة ,عذاب,1,100.00%,,,عذاب,,,
1.38e+18,Loaded Language,5,معاناة ,كرب,1,100.00%,,,كرب,,,
1.38e+18,Loaded Language,6,معاناة ,مشقة,1,100.00%,,,مشقة,,,
1.39e+18,Loaded Language,1,شرخ,كسر,1,100.00%,,,كسر,,,
1.39e+18,Loaded Language,2,شرخ,تخلخل,1,100.00%,,,تخلخل,,,
1.39e+18,Loaded Language,3,شرخ,تصدعّ,1,100.00%,,,تصدعّ,,,
1.39e+18,Loaded Language,4,شرخ,انخلخ,1,100.00%,,,انخلخ,,,
1.39e+18,Loaded Language,1,تسريبات,تفجّرات,1,100.00%,,,تفجّرات,,,
1.39e+18,Loaded Language,2,تسريبات,تسربات,1,100.00%,,,تسربات,,,
1.39e+18,Loaded Language,3,تسريبات,تدفقات,1,100.00%,,,تدفقات,,,
1.39e+18,Loaded Language,4,تسريبات,انسكابات,1,100.00%,,,انسكابات,,,
1.39e+18,Loaded Language,5,تسريبات,تسربيس,1,100.00%,,,تسربيس,,,
1.39e+18,Name calling/Labeling,1,المؤسسات الإيرانية,التجمعات فُرسية,2,100.00%,,,التجمعات فُرسية,,,
1.39e+18,Name calling/Labeling,2,المؤسسات الإيرانية,الاتحادات فُرسية,2,100.00%,,,الاتحادات فُرسية,,,
1.39e+18,Name calling/Labeling,3,المؤسسات الإيرانية,الأجهزة أعجمية,2,100.00%,,,الأجهزة أعجمية,,,
1.39e+18,Name calling/Labeling,4,المؤسسات الإيرانية,الهيئات فارسيَّة,2,100.00%,,,الهيئات فارسيَّة,,,
1.39e+18,Name calling/Labeling,5,المؤسسات الإيرانية,المؤسسات فارسيّة,1,50.00%,,,المؤسسات فارسيّة,,,
1.38e+18,Name calling/Labeling,1,رمضان المبارك,شهر رمضان مَرْحُوم,2,66.70%,,,شهر رمضان مَرْحُوم,,,
1.38e+18,Name calling/Labeling,2,رمضان المبارك,شهر صوم مُزَكّى,2,66.70%,,,شهر صوم مُزَكّى,,,
1.38e+18,Name calling/Labeling,3,رمضان المبارك,شهر مبارك مبارك,1,33.30%,,,شهر مبارك مبارك,,,
1.38e+18,Name calling/Labeling,4,رمضان المبارك,شهر رمضان مُزَكّى,2,66.70%,,,شهر رمضان مُزَكّى,,,
1.38e+18,Name calling/Labeling,5,رمضان المبارك,شهر مغفرة مَرْضِيّ,2,66.70%,,,شهر مغفرة مَرْضِيّ,,,
1.39e+18,Name calling/Labeling,1,الاحتلال,الاحتواء,1,100.00%,,,الاحتواء,,,
1.39e+18,Name calling/Labeling,2,الاحتلال,الاستيلاء,1,100.00%,,,الاستيلاء,,,
1.39e+18,Name calling/Labeling,3,الاحتلال,الاستعباد,1,100.00%,,,الاستعباد,,,
1.39e+18,Name calling/Labeling,4,الاحتلال,السيطرة,1,100.00%,,,السيطرة,,,
1.39e+18,Name calling/Labeling,5,الاحتلال,الغزو,1,100.00%,,,الغزو,,,
1.39e+18,Loaded Language,1,يقصــف,يُضعف,1,100.00%,,,يُضعف,,,
1.39e+18,Loaded Language,2,يقصــف,يُوهِن,1,100.00%,,,يُوهِن,,,
1.39e+18,Loaded Language,3,يقصــف,يقصفّـه,1,100.00%,,,يقصفّـه,,,
1.39e+18,Loaded Language,4,يقصــف,يَحسِم,1,100.00%,,,يَحسِم,,,
1.39e+18,Loaded Language,5,يقصــف,يبتر,1,100.00%,,,يبتر,,,
1.38e+18,Exaggeration/Minimisation,1, سرقة أكبر أرنب في العالم وصاحبته البريطانية تعرض مكافأة مجزية لمن يجده! ,ابتزاز أفسح أرنب في مَوْجُودات رفيقتها بريطانية انكشاف للخطر جَزاء مُثمِرة صوب يكتشفه,9,69.20%,1.0,1.0, سبي أضخم أرنب في العالم وصاحبته البريطانية تعرض مكافأة مجزية لمن يجده! ,,,
1.38e+18,Exaggeration/Minimisation,2, سرقة أكبر أرنب في العالم وصاحبته البريطانية تعرض مكافأة مجزية لمن يجده! ,سَلب ونهب أزيد أرنب في عالم وصاحبته رُّومُ انفعال صَدَقَة مُوفِية بحضرة يعثر عليه,8,57.10%,1.0,1.0,تهريب أغلى أرنب في العالم وصاحبته توعد من يعثر عليه بمبلغ مالي,,,
1.38e+18,Exaggeration/Minimisation,3, سرقة أكبر أرنب في العالم وصاحبته البريطانية تعرض مكافأة مجزية لمن يجده! ,سطو أضخم أَبْرَص في مَوْجُودات خليلته بريطانية انكشاف للخطر عِدَة مُجزِلة بحضرة يجدوله,10,76.90%,1.0,1.0,سطو على أضخم سلحفاة في العالم وتم عرض مبلغ مرضي لمن يعثر عليه,,,
1.38e+18,Exaggeration/Minimisation,4, سرقة أكبر أرنب في العالم وصاحبته البريطانية تعرض مكافأة مجزية لمن يجده! ,سرقة أعظم هَرْتَف في كون رفيقته بريطانية ظهور صَدَقَة مجزية عند يجده,7,58.30%,1.0,1.0,نهب أعظم هاتف في الكون وصاحبته تعرض مبلغ مالي لمن يجده,,,
1.38e+18,Exaggeration/Minimisation,5, سرقة أكبر أرنب في العالم وصاحبته البريطانية تعرض مكافأة مجزية لمن يجده! ,سرقة أكبر أرنب في كون حبيبته إِبْرِيق تعرض مكافأة وافِرة عند يجدوله,6,50.00%,1.0,1.0,اختلاس أفخم سيارة في الدنيا وصاحبه يعرض مبلغ مالي,,,
1.38e+18,Exaggeration/Minimisation,6, سرقة أكبر أرنب في العالم وصاحبته البريطانية تعرض مكافأة مجزية لمن يجده! ,اختلاس أكبر فَأْفَاء في رَّحْب وصاحبته بَرِيطَانِيَّة انكشاف للضرر هَدِيَّة مجزية بحضرة يظفر به,8,57.10%,1.0,1.0,لخفاء أكبر ببغاء في الكون وصاحبته البَرِيطَانِيَّة تعطي هَدِيَّة مجزية لمن يظفر به,,,
1.38e+18,Name calling/Labeling,1, سرقة,سَبْي,1,100.00%,1.0,0.0,سبي,,,
1.38e+18,Name calling/Labeling,2, سرقة,تهريب,1,100.00%,1.0,0.0,تهريب,,,
1.38e+18,Name calling/Labeling,3, سرقة,سطو,1,100.00%,1.0,0.0,سطو,,,
1.38e+18,Name calling/Labeling,4, سرقة,اخفاء,1,100.00%,1.0,0.0,اخفاء,,,
1.38e+18,Name calling/Labeling,5, سرقة,نهب,1,100.00%,1.0,0.0,نهب,,,
1.38e+18,Name calling/Labeling,6, سرقة,اختلاس,1,100.00%,1.0,0.0,اختلاس,,,
1.1e+18,Glittering generalities (Virtue),1,المتوج,مُتَوْشَح,1,100.00%,1.0,1.0,المكلل,,,
1.1e+18,Glittering generalities (Virtue),2,المتوج,مُتَوْج,1,100.00%,1.0,1.0,المتوجب,,,
1.1e+18,Glittering generalities (Virtue),3,المتوج,مُتَوِّج,1,100.00%,1.0,1.0,المتألق,,,
1.1e+18,Glittering generalities (Virtue),4,المتوج,مُتَوَجَّب,1,100.00%,1.0,1.0,الملك,,,
1.1e+18,Glittering generalities (Virtue),5,المتوج,مُتَألِّق,1,100.00%,1.0,1.0,صاحب السمو,,,
1.1e+18,Glittering generalities (Virtue),6,المتوج,مُتَوَّشٍ,1,100.00%,1.0,1.0,المتوشح,,,
1.39e+18,Name calling/Labeling,1,مستوطنًا,حاملُ سكن,1,50.00%,,,حاملُ سكن,,,
1.39e+18,Name calling/Labeling,2,مستوطنًا,مستأنس,1,100.00%,,,مستأنس,,,
1.39e+18,Name calling/Labeling,3,مستوطنًا,موطن,1,100.00%,,,موطن,,,
1.39e+18,Name calling/Labeling,4,مستوطنًا,مستعمر,1,100.00%,,,مستعمر,,,
1.39e+18,Name calling/Labeling,5,مستوطنًا,مستقر,1,100.00%,,,مستقر,,,
1.39e+18,Name calling/Labeling,1,#القدس المحتلة,المدينة مقدسة محتلة,1,33.30%,,,المدينة مقدسة محتلة,,,
1.39e+18,Name calling/Labeling,2,#القدس المحتلة,حَرَم محتسبة,2,100.00%,,,حَرَم محتسبة,,,
1.39e+18,Name calling/Labeling,3,#القدس المحتلة,المدينة مقدسة مُستعبَدة,2,66.70%,,,المدينة مقدسة مُستعبَدة,,,
1.39e+18,Name calling/Labeling,4,#القدس المحتلة,القِبلة محتلة,1,50.00%,,,القِبلة محتلة,,,
1.39e+18,Name calling/Labeling,5,#القدس المحتلة,القدس مسيطر عليها,1,33.30%,,,القدس مسيطر عليها,,,
1.39e+18,Loaded Language,1,انهيار,انحطاط,1,100.00%,,,انحطاط,,,
1.39e+18,Loaded Language,2,انهيار,تضعضع,1,100.00%,,,تضعضع,,,
1.39e+18,Loaded Language,3,انهيار,هزيمة,1,100.00%,,,هزيمة,,,
1.39e+18,Loaded Language,4,انهيار,انكسار,1,100.00%,,,انكسار,,,
1.39e+18,Loaded Language,1,الخطر الشديد,الخوف شديد قوة,2,66.70%,,,الخوف شديد قوة,,,
1.39e+18,Loaded Language,2,الخطر الشديد,الحرج عنيف,2,100.00%,,,الحرج عنيف,,,
1.39e+18,Loaded Language,3,الخطر الشديد,الأذى عتيد,2,100.00%,,,الأذى عتيد,,,
1.39e+18,Loaded Language,4,الخطر الشديد,المجازفة عنيف,2,100.00%,,,المجازفة عنيف,,,
1.39e+18,Loaded Language,5,الخطر الشديد,الخطر قاس,1,50.00%,,,الخطر قاس,,,
1.39e+18,Loaded Language,6,الخطر الشديد,التهديد عنفوان,2,100.00%,,,التهديد عنفوان,,,
1.39e+18,Loaded Language,1,العاصفة,سَيْل,1,100.00%,,,سَيْل,,,
1.39e+18,Loaded Language,2,العاصفة,زوْبَعة,1,100.00%,,,زوْبَعة,,,
1.39e+18,Loaded Language,3,العاصفة,طَوْفان,1,100.00%,,,طَوْفان,,,
1.39e+18,Loaded Language,4,العاصفة,سَحْن,1,100.00%,,,سَحْن,,,
1.39e+18,Name calling/Labeling,1,الوضع الوبائي,المِحنة مُستَشْرى,2,100.00%,,,المِحنة مُستَشْرى,,,
1.39e+18,Name calling/Labeling,2,الوضع الوبائي,الحالة أَسْرِىّ,2,100.00%,,,الحالة أَسْرِىّ,,,
1.39e+18,Name calling/Labeling,3,الوضع الوبائي,الموقف وبائي,1,50.00%,,,الموقف وبائي,,,
1.39e+18,Name calling/Labeling,4,الوضع الوبائي,الحالة طاعونى,2,100.00%,,,الحالة طاعونى,,,
1.39e+18,Name calling/Labeling,5,الوضع الوبائي,المِحنة وبائى,2,100.00%,,,المِحنة وبائى,,,
1.39e+18,Name calling/Labeling,6,الوضع الوبائي,الوضع طاعونى,1,50.00%,,,الوضع طاعونى,,,
1.35e+18,Loaded Language,1, لإنقاذ,إنقاذاً,1,100.00%,,,إنقاذاً,,,
1.35e+18,Loaded Language,2, لإنقاذ,إغاثة,1,100.00%,,,إغاثة,,,
1.35e+18,Loaded Language,3, لإنقاذ,فكاك,1,100.00%,,,فكاك,,,
1.35e+18,Loaded Language,4, لإنقاذ,نجاح,1,100.00%,,,نجاح,,,
1.35e+18,Loaded Language,5, لإنقاذ,تخصيص,1,100.00%,,,تخصيص,,,
1.35e+18,Loaded Language,1,الفوضى,الفوضوية,1,100.00%,,,الفوضوية,,,
1.35e+18,Loaded Language,2,الفوضى,العبث,1,100.00%,,,العبث,,,
1.35e+18,Loaded Language,3,الفوضى,الإضطراب,1,100.00%,,,الإضطراب,,,
1.35e+18,Loaded Language,4,الفوضى,الاضطراب,1,100.00%,,,الاضطراب,,,
1.4e+18,Name calling/Labeling,1,القضية المنسية,الموضوع مخبوءة,2,100.00%,,,الموضوع مخبوءة,,,
1.4e+18,Name calling/Labeling,2,القضية المنسية,القضية مغيبة,1,50.00%,,,القضية مغيبة,,,
1.4e+18,Name calling/Labeling,3,القضية المنسية,المسألة منسية,1,50.00%,,,المسألة منسية,,,
1.4e+18,Name calling/Labeling,4,القضية المنسية,الدعوى مغيبة,2,100.00%,,,الدعوى مغيبة,,,
1.4e+18,Loaded Language,1,المحتلة,المسلوبة,1,100.00%,,,المسلوبة,,,
1.4e+18,Loaded Language,2,المحتلة,المغصوبة,1,100.00%,,,المغصوبة,,,
1.4e+18,Loaded Language,3,المحتلة,المُحتَسَبة,1,100.00%,,,المُحتَسَبة,,,
1.4e+18,Loaded Language,4,المحتلة,المقموعة,1,100.00%,,,المقموعة,,,
1.4e+18,Loaded Language,5,المحتلة,المُستَباحة,1,100.00%,,,المُستَباحة,,,
1.27e+18,Name calling/Labeling,1,شهداء,خُلّص,1,100.00%,,,خُلّص,,,
1.27e+18,Name calling/Labeling,2,شهداء,صِدّيقون,1,100.00%,,,صِدّيقون,,,
1.27e+18,Name calling/Labeling,3,شهداء,رُفَاة,1,100.00%,,,رُفَاة,,,
1.27e+18,Name calling/Labeling,4,شهداء,قُتلى,1,100.00%,,,قُتلى,,,
1.27e+18,Name calling/Labeling,5,شهداء,حَمَلةُ رَايَةٍ,1,50.00%,,,حَمَلةُ رَايَةٍ,,,
1.27e+18,Name calling/Labeling,6,شهداء,مَوْتَى في سَبيلِ لهِ,1,25.00%,,,مَوْتَى في سَبيلِ لهِ,,,
1.39e+18,Name calling/Labeling,1,الاحتلال,الاستحواذ,1,100.00%,,,الاستحواذ,,,
1.39e+18,Name calling/Labeling,2,الاحتلال,الاستعباد,1,100.00%,,,الاستعباد,,,
1.39e+18,Name calling/Labeling,3,الاحتلال,الاستيلاء,1,100.00%,,,الاستيلاء,,,
1.39e+18,Name calling/Labeling,4,الاحتلال,السيطرة,1,100.00%,,,السيطرة,,,
1.3e+18,Loaded Language,1,تتألم,تَكْتَئِبُ,1,100.00%,,,تَكْتَئِبُ,,,
1.3e+18,Loaded Language,2,تتألم,تَبْتَئِسُ,1,100.00%,,,تَبْتَئِسُ,,,
1.3e+18,Loaded Language,3,تتألم,تَتَوجَّعُ,1,100.00%,,,تَتَوجَّعُ,,,
1.3e+18,Loaded Language,4,تتألم,تَنْحَنِي بِأَلَمٍ,1,50.00%,,,تَنْحَنِي بِأَلَمٍ,,,
1.3e+18,Loaded Language,5,تتألم,تَتَجَهَّمُ,1,100.00%,,,تَتَجَهَّمُ,,,
1.3e+18,Loaded Language,6,تتألم,تَتَزَمَّقُ,1,100.00%,,,تَتَزَمَّقُ,,,
1.14e+18,Loaded Language,1,باهتة,مُتَبَاهِتة,1,100.00%,,,مُتَبَاهِتة,,,
1.14e+18,Loaded Language,2,باهتة,واهنة,1,100.00%,,,واهنة,,,
1.14e+18,Loaded Language,3,باهتة,مُغبَرة,1,100.00%,,,مُغبَرة,,,
1.38e+18,Loaded Language,1,طعنات,صَدْمات,1,100.00%,,,صَدْمات,,,
1.38e+18,Loaded Language,2,طعنات,نَزْفات,1,100.00%,,,نَزْفات,,,
1.38e+18,Loaded Language,3,طعنات,جروح,1,100.00%,,,جروح,,,
1.38e+18,Name calling/Labeling,1,العنف الأسري,الْقُوَّةُ الْعَمياءُ مُحْتجَر,2,66.70%,,,الْقُوَّةُ الْعَمياءُ مُحْتجَر,,,
1.38e+18,Name calling/Labeling,2,العنف الأسري,الْقُوَّةُ الْعَمياءُ أسري,1,33.30%,,,الْقُوَّةُ الْعَمياءُ أسري,,,
1.38e+18,Name calling/Labeling,3,العنف الأسري,الشِّدَّةُ مُكَبَّل,2,100.00%,,,الشِّدَّةُ مُكَبَّل,,,
1.38e+18,Name calling/Labeling,4,العنف الأسري,الْقُوَّةُ الْعَمياءُ حَبِيسُ,2,66.70%,,,الْقُوَّةُ الْعَمياءُ حَبِيسُ,,,
1.38e+18,Loaded Language,1,العنف,القمع,1,100.00%,,,القمع,,,
1.38e+18,Loaded Language,2,العنف,الفظاظة,1,100.00%,,,الفظاظة,,,
1.38e+18,Loaded Language,3,العنف,القساوة,1,100.00%,,,القساوة,,,
1.38e+18,Loaded Language,4,العنف,القهر,1,100.00%,,,القهر,,,
1.38e+18,Loaded Language,5,العنف,الغلظة,1,100.00%,,,الغلظة,,,
1.38e+18,Loaded Language,6,العنف,العنفوان,1,100.00%,,,العنفوان,,,
1.4e+18,Loaded Language,1,نجم,لامِع,1,100.00%,,,لامِع,,,
1.4e+18,Loaded Language,2,نجم,سَنَاء,1,100.00%,,,سَنَاء,,,
1.4e+18,Loaded Language,3,نجم,مُنِير,1,100.00%,,,مُنِير,,,
1.4e+18,Name calling/Labeling,1,"""العدل"" أداة ""الملك""",الاستقامة آلة صاحب سيادة,3,75.00%,,,الاستقامة آلة صاحب سيادة,,,
1.4e+18,Name calling/Labeling,2,"""العدل"" أداة ""الملك""",العَدالة آلة سلطان,3,100.00%,,,العَدالة آلة سلطان,,,
1.4e+18,Name calling/Labeling,3,"""العدل"" أداة ""الملك""",العدل جهاز رَّبّ,2,66.70%,,,العدل جهاز رَّبّ,,,
1.4e+18,Name calling/Labeling,4,"""العدل"" أداة ""الملك""",العدل مِعْوَل سلطان,2,66.70%,,,العدل مِعْوَل سلطان,,,
1.4e+18,Name calling/Labeling,5,"""العدل"" أداة ""الملك""",الاستقامة زِرّ مالك,3,100.00%,,,الاستقامة زِرّ مالك,,,
1.4e+18,Name calling/Labeling,6,"""العدل"" أداة ""الملك""",الإنصاف زِرّ حاكم,3,100.00%,,,الإنصاف زِرّ حاكم,,,
1.4e+18,Name calling/Labeling,1,المـ ـقاومة,المُـكَـمَّـلَـةُ مُوَاجَهَة,2,100.00%,,,المُـكَـمَّـلَـةُ مُوَاجَهَة,,,
1.4e+18,Name calling/Labeling,2,المـ ـقاومة,المـ مُجَابَهَة,1,50.00%,,,المـ مُجَابَهَة,,,
1.4e+18,Name calling/Labeling,3,المـ ـقاومة,المُـفْـتَـرَضَـةُ مُنَازَلَة,2,100.00%,,,المُـفْـتَـرَضَـةُ مُنَازَلَة,,,
1.4e+18,Name calling/Labeling,4,المـ ـقاومة,المُـسْـتَـوْجَـبَـةُ مُبَارَزَة,2,100.00%,,,المُـسْـتَـوْجَـبَـةُ مُبَارَزَة,,,
1.4e+18,Loaded Language,1,بتنسيق كامل,إعداد تامّ بدن,2,66.70%,,,إعداد تامّ بدن,,,
1.4e+18,Loaded Language,2,بتنسيق كامل,تجهيز مُتَمَكِّن,2,100.00%,,,تجهيز مُتَمَكِّن,,,
1.4e+18,Loaded Language,3,بتنسيق كامل,تدبير مُتَمَكِّن,2,100.00%,,,تدبير مُتَمَكِّن,,,
1.4e+18,Loaded Language,4,بتنسيق كامل,ترتيبات كامل,1,50.00%,,,ترتيبات كامل,,,
1.4e+18,Loaded Language,5,بتنسيق كامل,تنظيم كامل,1,50.00%,,,تنظيم كامل,,,
1.4e+18,Loaded Language,6,بتنسيق كامل,إعداد مُتَمِّم,2,100.00%,,,إعداد مُتَمِّم,,,
1.38e+18,Appeal to fear/prejudice,1,"""الأخطر في العالم"".. الكشف عن سلالة جديدة لكورونا",الأغدر في عالم كشف عن عَقِب فتية لكورونا,3,37.50%,1.0,1.0,الأشد ضرراً في العالم.. اكتشاف عن سلالة جديدة لكورونا,,,
1.38e+18,Appeal to fear/prejudice,2,"""الأخطر في العالم"".. الكشف عن سلالة جديدة لكورونا",الأشدّ ضررًا في عالم إماطة عن مَوْجُودَة حديثة لكورونا,4,44.40%,1.0,1.0,الأكثر خطورة في الدنيا العثور على عائلة جديدة لكورونا,,,
1.38e+18,Appeal to fear/prejudice,3,"""الأخطر في العالم"".. الكشف عن سلالة جديدة لكورونا",الأخطر في عالم تبيان عن سلالة جديدة طراز كارثة,3,33.30%,1.0,1.0,الأجدر بالخوف في العالم الاعلان عن سلالة جديدة لفيروس كورونا,,,
1.38e+18,Appeal to fear/prejudice,4,"""الأخطر في العالم"".. الكشف عن سلالة جديدة لكورونا",الأكثر خطورة في كون إيضاح عن أَصْل حديثة نشأة محنة,6,60.00%,1.0,1.0,الأشد خطورة في الكون الكشف عن متحور جديد لكورونا,,,
1.38e+18,Appeal to fear/prejudice,4,"""الأخطر في العالم"".. الكشف عن سلالة جديدة لكورونا",الأكثر خطورة في كون إيضاح عن أَصْل حديثة نشأة محنة,6,60.00%,1.0,1.0,المهلك في الكون الكشف عن متحور جديد لكورونا,,,
1.38e+18,Appeal to fear/prejudice,2,"""الأخطر في العالم"".. الكشف عن سلالة جديدة لكورونا",الأشدّ ضررًا في عالم إماطة عن مَوْجُودَة حديثة لكورونا,4,44.40%,1.0,1.0,الأكثر تهديدا في الدنيا العثور على عائلة جديدة لكورونا,,,
1.38e+18,Appeal to fear/prejudice,3,"""الأخطر في العالم"".. الكشف عن سلالة جديدة لكورونا",الأخطر في عالم تبيان عن سلالة جديدة طراز كارثة,3,33.30%,1.0,1.0,الأرعب في العالم الاعلان عن سلالة جديدة لفيروس كورونا,,,
1.38e+18,Appeal to fear/prejudice,4,"""الأخطر في العالم"".. الكشف عن سلالة جديدة لكورونا",الأكثر خطورة في كون إيضاح عن أَصْل حديثة نشأة محنة,6,60.00%,1.0,1.0,الأفظع في الكون الكشف عن متحور جديد لكورونا,,,
1.38e+18,Appeal to fear/prejudice,4,"""الأخطر في العالم"".. الكشف عن سلالة جديدة لكورونا",الأكثر خطورة في كون إيضاح عن أَصْل حديثة نشأة محنة,6,60.00%,1.0,1.0,الأشد وقعاً في الكون الكشف عن متحور جديد لكورونا,,,
1.38e+18,Loaded Language,1,الأخطر,الأشد ضرراً,1,50.00%,1.0,0.0,الأشد ضرراً,,,
1.38e+18,Loaded Language,2,الأخطر,الأفدح,1,100.00%,1.0,1.0,الأكثر خطورة,,,
1.38e+18,Loaded Language,3,الأخطر,الأجدر بالخوف,1,50.00%,1.0,0.0,الأجدر بالخوف,,,
1.38e+18,Loaded Language,4,الأخطر,الأشد خطورة,1,50.00%,1.0,0.0,الأشد خطورة,,,
1.38e+18,Loaded Language,5,الأخطر,المهلك,1,100.00%,1.0,0.0,المهلك,,,
1.38e+18,Loaded Language,2,الأخطر,الأفدح,1,100.00%,1.0,1.0,الأكثر تهديدا,,,
1.38e+18,Loaded Language,3,الأخطر,الأجدر بالخوف,1,50.00%,1.0,0.0,الأرعب,,,
1.38e+18,Loaded Language,4,الأخطر,الأشد خطورة,1,50.00%,1.0,0.0,الأفظع,,,
1.38e+18,Loaded Language,5,الأخطر,المهلك,1,100.00%,1.0,0.0,الأشد وقعاً,,,
1.38e+18,Exaggeration/Minimisation,1,"""الأخطر في العالم""",الأكثر تهديداً في عالم,1,25.00%,1.0,1.0,الأشد ضرراً في العالم,,,
1.38e+18,Exaggeration/Minimisation,2,"""الأخطر في العالم""",الأرعب في رَّحْبَة,2,66.70%,1.0,1.0,الأكثر خطورة في الدنيا,,,
1.38e+18,Exaggeration/Minimisation,3,"""الأخطر في العالم""",الأشد خطورة في رَّحْبَة,2,50.00%,1.0,1.0,الأجدر بالخوف في العالم,,,
1.38e+18,Exaggeration/Minimisation,4,"""الأخطر في العالم""",الأدهم في عالم,1,33.30%,1.0,1.0,الأشد خطورة في الكون,,,
1.38e+18,Exaggeration/Minimisation,5,"""الأخطر في العالم""",الأشد وقعاً في دُّنيا,2,50.00%,1.0,1.0,المهلك في الكون,,,
1.38e+18,Exaggeration/Minimisation,2,"""الأخطر في العالم""",الأرعب في رَّحْبَة,2,66.70%,1.0,1.0,الأكثر تهديدا في الدنيا,,,
1.38e+18,Exaggeration/Minimisation,3,"""الأخطر في العالم""",الأشد خطورة في رَّحْبَة,2,50.00%,1.0,1.0,الأرعب في العالم,,,
1.38e+18,Exaggeration/Minimisation,4,"""الأخطر في العالم""",الأدهم في عالم,1,33.30%,1.0,1.0,الأفظع في الكون,,,
1.38e+18,Exaggeration/Minimisation,5,"""الأخطر في العالم""",الأشد وقعاً في دُّنيا,2,50.00%,1.0,1.0,الأشد وقعاً في الكون,,,
1.38e+18,Name calling/Labeling,1,"""الأخطر في العالم"".. الكشف عن سلالة جديدة لكورونا",الأخطر في كَوْن إزاحة عن قَبيلَةٌ جديدة داهية,4,50.00%,1.0,1.0,الأشد ضرراً في العالم.. اكتشاف عن سلالة جديدة لكورونا,,,
1.38e+18,Name calling/Labeling,2,"""الأخطر في العالم"".. الكشف عن سلالة جديدة لكورونا",الأجَلّ في دُّنيا إزاحة عن خُلَّةٌ معاصرة لكورونا,5,62.50%,1.0,1.0,الأكثر خطورة في الدنيا العثور على عائلة جديدة لكورونا,,,
1.38e+18,Name calling/Labeling,3,"""الأخطر في العالم"".. الكشف عن سلالة جديدة لكورونا",الأخطر في فَضَاء تبيان عن قَبيلَةٌ جديدة جائحة,4,50.00%,1.0,1.0,الأجدر بالخوف في العالم الاعلان عن سلالة جديدة لفيروس كورونا,,,
1.38e+18,Name calling/Labeling,4,"""الأخطر في العالم"".. الكشف عن سلالة جديدة لكورونا",الأفظع في مَدَار كشف عن سِبْطٌ متجددة جائحة,5,62.50%,1.0,1.0,الأشد خطورة في الكون الكشف عن متحور جديد لكورونا,,,
1.38e+18,Name calling/Labeling,1,"""الأخطر في العالم"".. الكشف عن سلالة جديدة لكورونا",الأخطر في كَوْن إزاحة عن قَبيلَةٌ جديدة داهية,4,50.00%,1.0,1.0,المهلك في الكون الكشف عن متحور جديد لكورونا,,,
1.38e+18,Name calling/Labeling,2,"""الأخطر في العالم"".. الكشف عن سلالة جديدة لكورونا",الأجَلّ في دُّنيا إزاحة عن خُلَّةٌ معاصرة لكورونا,5,62.50%,1.0,1.0,الأكثر تهديدا في الدنيا العثور على عائلة جديدة لكورونا,,,
1.38e+18,Name calling/Labeling,3,"""الأخطر في العالم"".. الكشف عن سلالة جديدة لكورونا",الأخطر في فَضَاء تبيان عن قَبيلَةٌ جديدة جائحة,4,50.00%,1.0,1.0,الأرعب في العالم الاعلان عن سلالة جديدة لفيروس كورونا,,,
1.38e+18,Name calling/Labeling,4,"""الأخطر في العالم"".. الكشف عن سلالة جديدة لكورونا",الأفظع في مَدَار كشف عن سِبْطٌ متجددة جائحة,5,62.50%,1.0,1.0,الأفظع في الكون الكشف عن متحور جديد لكورونا,,,
1.38e+18,Name calling/Labeling,5,"""الأخطر في العالم"".. الكشف عن سلالة جديدة لكورونا",الأدهى في مَجَال تبيان عن فُصيلةٌ جديدة داهية,5,62.50%,1.0,1.0,الأشد وقعاً في الكون الكشف عن متحور جديد لكورونا,,,
1.4e+18,Loaded Language,1,قصف,مبـيد,1,100.00%,,,مبـيد,,,
1.4e+18,Loaded Language,2,قصف,هجـوم,1,100.00%,,,هجـوم,,,
1.4e+18,Loaded Language,3,قصف,امطـار,1,100.00%,,,امطـار,,,
1.4e+18,Loaded Language,4,قصف,غارة,1,100.00%,,,غارة,,,
1.4e+18,Name calling/Labeling,1,مستوطنة,مُعَسْكَر,1,100.00%,,,مُعَسْكَر,,,
1.4e+18,Name calling/Labeling,2,مستوطنة,مُتَوَطِّن,1,100.00%,,,مُتَوَطِّن,,,
1.4e+18,Name calling/Labeling,3,مستوطنة,مُستقَرّ,1,100.00%,,,مُستقَرّ,,,
1.4e+18,Name calling/Labeling,4,مستوطنة,مَحَلَّة,1,100.00%,,,مَحَلَّة,,,
1.4e+18,Name calling/Labeling,5,مستوطنة,مَقَرّ,1,100.00%,,,مَقَرّ,,,
1.4e+18,Name calling/Labeling,6,مستوطنة,مَوْئِل,1,100.00%,,,مَوْئِل,,,
1.39e+18,Name calling/Labeling,1,الشمال المحرر,فوق مؤلف,2,100.00%,,,فوق مؤلف,,,
1.39e+18,Name calling/Labeling,2,الشمال المحرر,الجهة كبدية منقح,2,66.70%,,,الجهة كبدية منقح,,,
1.39e+18,Name calling/Labeling,3,الشمال المحرر,مقابل منقح,2,100.00%,,,مقابل منقح,,,
1.39e+18,Name calling/Labeling,4,الشمال المحرر,الزواية باردة محرر نسخ,2,50.00%,,,الزواية باردة محرر نسخ,,,
1.39e+18,Name calling/Labeling,5,الشمال المحرر,مقابل محرر صحفي,2,66.70%,,,مقابل محرر صحفي,,,
1.39e+18,Loaded Language,1,المحرر,مبدع,1,100.00%,,,مبدع,,,
1.39e+18,Loaded Language,2,المحرر,خبير,1,100.00%,,,خبير,,,
1.39e+18,Loaded Language,3,المحرر,كاتب,1,100.00%,,,كاتب,,,
1.39e+18,Loaded Language,4,المحرر,محرر صحفي,1,50.00%,,,محرر صحفي,,,
1.39e+18,Loaded Language,5,المحرر,مؤلف,1,100.00%,,,مؤلف,,,
1.39e+18,Loaded Language,6,المحرر,باحث,1,100.00%,,,باحث,,,
1.39e+18,Name calling/Labeling,1,النظام,تَسَلسُل,1,100.00%,,,تَسَلسُل,,,
1.39e+18,Name calling/Labeling,2,النظام,تَنَاغُم,1,100.00%,,,تَنَاغُم,,,
1.39e+18,Name calling/Labeling,3,النظام,تَرْتِيب,1,100.00%,,,تَرْتِيب,,,
1.39e+18,Name calling/Labeling,4,النظام,انْضِبَاط,1,100.00%,,,انْضِبَاط,,,
1.39e+18,Name calling/Labeling,5,النظام,تَنْسِيق,1,100.00%,,,تَنْسِيق,,,
1.39e+18,Name calling/Labeling,6,النظام,سِلْسَبِيل,1,100.00%,,,سِلْسَبِيل,,,
1.39e+18,Loaded Language,1,غرس,أَنْبَتَ,1,100.00%,,,أَنْبَتَ,,,
1.39e+18,Loaded Language,2,غرس,فَتَل,1,100.00%,,,فَتَل,,,
1.39e+18,Loaded Language,3,غرس,زرع,1,100.00%,,,زرع,,,
1.39e+18,Loaded Language,4,غرس,دَرَس,1,100.00%,,,دَرَس,,,
1.37e+18,Doubt,1,"صحيفة تكشف عن التوصل لاتفاق لإعادة جثة الجاسوس ""كوهين"" من سوريا وأرملته تشكك",دورية ألقت ضوء عن تحقيق لاتفاق إعادة جُثْمَان/ جَسَد/ هَامَة/ رَمِيم/ مَيْتَة/ مُتَوَفًى/ مُفَارِق/ مُسَجًى/ مُضَجّى/ لَحْد سرِّي مدرس من سوريا وتَبَرْمَلَتِ تشكك,8,34.80%,1.0,1.0,"صحيفة ألق الضوء عن تحقيق اتفاق لإعادة جثة المخبر ""كوهين"" من سوريا وزوجته لا تصدق هذا",,,
1.37e+18,Doubt,2,"صحيفة تكشف عن التوصل لاتفاق لإعادة جثة الجاسوس ""كوهين"" من سوريا وأرملته تشكك",نشرة فضحت عن وصول إلى تآلف إعادة جثة جاسوس مرشد من سوريا وَحَدَها تردد,8,57.10%,1.0,1.0,"جريدة تكشف عن الوصول لاتفاق لإعادة جثة المتآمر ""كوهين"" من سوريا وأرملته لا تعتقد ذلك",,,
1.37e+18,Doubt,3,"صحيفة تكشف عن التوصل لاتفاق لإعادة جثة الجاسوس ""كوهين"" من سوريا وأرملته تشكك",صحن ألقت ضوء عن وصول اتساق تكرار جُثْمَان/ جَسَد/ هَامَة/ رَمِيم/ مَيْتَة/ مُتَوَفًى/ مُفَارِق/ مُسَجًى/ مُضَجّى/ لَحْد مُستطلع مبشر من سوريا اِسْتَرْمَلَتْ ريبة,10,43.50%,1.0,1.0,"صحيفة تظهر التوصل لاتفاق لإسترجاع جثمان المندس ""كوهين"" من لبنان وأرملته ترتاب",,,
1.37e+18,Doubt,4,"صحيفة تكشف عن التوصل لاتفاق لإعادة جثة الجاسوس ""كوهين"" من سوريا وأرملته تشكك",جريدة تكشف عن وصول تلاحم إعادة جُثْمَان/ جَسَد/ هَامَة/ رَمِيم/ مَيْتَة/ مُتَوَفًى/ مُفَارِق/ مُسَجًى/ مُضَجّى/ لَحْد مُتجسس كوهين من دِمَشْقُ وَحَدَها تشكك,8,36.40%,1.0,1.0,"جريدة توضح عن الوصول لصفقة لاسترجاع جسد الراصد ""كوهين"" من سوريا وزوجته لا تظن انه خبر صحيح",,,
1.37e+18,Doubt,5,"صحيفة تكشف عن التوصل لاتفاق لإعادة جثة الجاسوس ""كوهين"" من سوريا وأرملته تشكك",ورقة أبانت عن توصل لاتفاق إعادة صياغة جثة عميل مرشد من سوريا وآخَرَتْهُ شكوكية,7,50.00%,1.0,1.0,"صحيفة تكشف عن انجاز لاتفاق لإعادة جسد العميل ""كوهين"" من امريكا وأهله نكروا",,,
1.37e+18,Doubt,6,"صحيفة تكشف عن التوصل لاتفاق لإعادة جثة الجاسوس ""كوهين"" من سوريا وأرملته تشكك",صحيفة أظهرَ عن بلوغ تواؤم إعادة جُثْمَان/ جَسَد/ هَامَة/ رَمِيم/ مَيْتَة/ مُتَوَفًى/ مُفَارِق/ مُسَجًى/ مُضَجّى/ لَحْد جاسوس كوهين من دِمَشْقُ وأرملته ريبة,7,31.80%,1.0,1.0,"مواقع صحفية  تعلن عن التوصل لصفقة  لإعادة جثة العميل ""كوهين"" من فلسطين وأرملته تبدي ريبة",,,
1.37e+18,Name calling/Labeling,1,الجاسوس,المُخبر,1,100.00%,1.0,0.0,المخبر,,,
1.37e+18,Name calling/Labeling,2,الجاسوس,المندس,1,100.00%,1.0,0.0,المتآمر,,,
1.37e+18,Name calling/Labeling,3,الجاسوس,المخبر,1,100.00%,1.0,0.0,المندس,,,
1.37e+18,Name calling/Labeling,4,الجاسوس,الراصد,1,100.00%,1.0,0.0,الراصد,,,
1.37e+18,Name calling/Labeling,5,الجاسوس,العميل,1,100.00%,1.0,0.0,العميل,,,
1.4e+18,Doubt,1, اعتذار الحريري لم يكون هو الحل وآلية تشكيل الحكومات أصبح خطيراً ,تَحَسُّر لطيف لم يكون هو ـمَـخْـرَج آلية تحقيق تشكيل سلطات أصبح مهما,6,50.00%,1.0,1.0, تحسر الحريري ليس هو الحل وتدبير تكوين الحكومات أصبح رهيبا,,,
1.4e+18,Doubt,2, اعتذار الحريري لم يكون هو الحل وآلية تشكيل الحكومات أصبح خطيراً ,ندم لطيف لم يكون هو إفـلات آلية تطبيق تشكيل حكومات أصبح هائلا,5,41.70%,1.0,1.0, اعتذار رئيس الوزراء لم يكن المخرج للمشكلة وآلية تشكيل الحكومة أصبح جللا,,,
1.4e+18,Doubt,3, اعتذار الحريري لم يكون هو الحل وآلية تشكيل الحكومات أصبح خطيراً ,ندم ناعم لم يكون هو ـنـجـاة تقنيات تخطيط سلطات أصبح خطيرا,6,54.50%,1.0,1.0, لا يمكن ان يكون ندم الحريري هو الحل واجراءات تشكيل الحكومات صار جسيما,,,
1.4e+18,Doubt,4, اعتذار الحريري لم يكون هو الحل وآلية تشكيل الحكومات أصبح خطيراً ,تَرْجِيع منساب لم يكون هو حَـلّ آلية تحقيق تشكيل حكومات أصبح فادحا,5,41.70%,1.0,1.0, ندم الحريري لن يكون هو الحل وآلية اختيار اعضاء الحكومة أصبح مهولا ,,,
1.4e+18,Doubt,5, اعتذار الحريري لم يكون هو الحل وآلية تشكيل الحكومات أصبح خطيراً ,إقلاع حريري لم يكون هو حَـلّ آلية أداء تصميم حكومات أصبح مهما,5,41.70%,1.0,1.0, اعتذار الحريري ما كان هو الحل وآلية تشكيل الحكومات أصبح رهيبا ,,,
1.4e+18,Loaded Language,1,خطيراً,جسيما,1,100.00%,1.0,0.0,رهيبا,,,
1.4e+18,Loaded Language,2,خطيراً,فاديا,1,100.00%,1.0,0.0,جللا,,,
1.4e+18,Loaded Language,3,خطيراً,جسيمًا,1,100.00%,1.0,0.0,جسيما,,,
1.4e+18,Loaded Language,4,خطيراً,جللا,1,100.00%,1.0,0.0,جللا,,,
1.4e+18,Loaded Language,5,خطيراً,مهولا,1,100.00%,1.0,0.0,مهولا,,,
1.4e+18,Appeal to fear/prejudice,1,آلية تشكيل الحكومات أصبح خطيراً,وسيلة تشكيل قيادات أصبح خطيرا,2,40.00%,1.0,1.0,تدبير تكوين الحكومات أصبح رهيبا,,,
1.4e+18,Appeal to fear/prejudice,2,آلية تشكيل الحكومات أصبح خطيراً,تدبير تصميم حكومات أصبح رهيبا,3,60.00%,1.0,1.0,وآلية تشكيل الحكومة أصبح جللا,,,
1.4e+18,Appeal to fear/prejudice,3,آلية تشكيل الحكومات أصبح خطيراً,آلية تشكيل إدارات أصبح رهيبا,2,40.00%,1.0,1.0,واجراءات تشكيل الحكومات صار جسيما,,,
1.4e+18,Appeal to fear/prejudice,4,آلية تشكيل الحكومات أصبح خطيراً,إجراء صياغة سلطات أصبح جللا,4,80.00%,1.0,1.0,وآلية اختيار اعضاء الحكومة أصبح مهولا ,,,
1.4e+18,Appeal to fear/prejudice,4,آلية تشكيل الحكومات أصبح خطيراً,إجراء صياغة سلطات أصبح جللا,4,80.00%,1.0,1.0,آلية تشكيل الحكومات أصبح رهيبا,,,
1.4e+18,Loaded Language,1,عسير وصعب,مُحَال عسير,2,100.00%,,,مُحَال عسير,,,
1.4e+18,Loaded Language,2,عسير وصعب,صَعْبُ مَنَالِ مُتَعَسِّر,2,66.70%,,,صَعْبُ مَنَالِ مُتَعَسِّر,,,
1.4e+18,Loaded Language,3,عسير وصعب,صعب حَرِج,2,100.00%,,,صعب حَرِج,,,
1.4e+18,Loaded Language,4,عسير وصعب,عسير عسر,1,50.00%,,,عسير عسر,,,
1.4e+18,Loaded Language,5,عسير وصعب,مُستَعْصٍ مُمَاحِي,2,100.00%,,,مُستَعْصٍ مُمَاحِي,,,
1.4e+18,Loaded Language,6,عسير وصعب,مُحَال وصعب,1,50.00%,,,مُحَال وصعب,,,
1.4e+18,Loaded Language,1,نجاعة,كفاءة,1,100.00%,,,كفاءة,,,
1.4e+18,Loaded Language,2,نجاعة,إنتاجية,1,100.00%,,,إنتاجية,,,
1.4e+18,Loaded Language,3,نجاعة,جودة,1,100.00%,,,جودة,,,
1.4e+18,Loaded Language,4,نجاعة,إتقان,1,100.00%,,,إتقان,,,
1.4e+18,Loaded Language,5,نجاعة,جدوى,1,100.00%,,,جدوى,,,
1.4e+18,Loaded Language,1,مكبل ,موثوق,1,100.00%,,,موثوق,,,
1.4e+18,Loaded Language,2,مكبل ,مُصفّد,1,100.00%,,,مُصفّد,,,
1.4e+18,Loaded Language,3,مكبل ,مقيّد,1,100.00%,,,مقيّد,,,
1.4e+18,Loaded Language,4,مكبل ,مُغلّل,1,100.00%,,,مُغلّل,,,
1.4e+18,Loaded Language,5,مكبل ,مُكبّر,1,100.00%,,,مُكبّر,,,
1.4e+18,Loaded Language,6,مكبل ,مُكبوت,1,100.00%,,,مُكبوت,,,
1.4e+18,Loaded Language,1,اعتداء,اعتوار,1,100.00%,,,اعتوار,,,
1.4e+18,Loaded Language,2,اعتداء,انتهاك,1,100.00%,,,انتهاك,,,
1.4e+18,Loaded Language,3,اعتداء,تعدٍّ,1,100.00%,,,تعدٍّ,,,
1.4e+18,Loaded Language,4,اعتداء,اعتساف,1,100.00%,,,اعتساف,,,
1.4e+18,Loaded Language,5,اعتداء,غارة,1,100.00%,,,غارة,,,
1.4e+18,Name calling/Labeling,1,الاحتلال,الاستيلاء,1,100.00%,,,الاستيلاء,,,
1.4e+18,Name calling/Labeling,2,الاحتلال,الاجتياح,1,100.00%,,,الاجتياح,,,
1.4e+18,Name calling/Labeling,3,الاحتلال,الضم,1,100.00%,,,الضم,,,
1.4e+18,Name calling/Labeling,4,الاحتلال,الاستحواذ,1,100.00%,,,الاستحواذ,,,
1.4e+18,Name calling/Labeling,1,المحتلة,المُستَعبَدة,1,100.00%,,,المُستَعبَدة,,,
1.4e+18,Name calling/Labeling,2,المحتلة,المسلوبة,1,100.00%,,,المسلوبة,,,
1.4e+18,Name calling/Labeling,3,المحتلة,المحتسبة,1,100.00%,,,المحتسبة,,,
1.4e+18,Name calling/Labeling,4,المحتلة,المغتصبة,1,100.00%,,,المغتصبة,,,
1.4e+18,Name calling/Labeling,5,المحتلة,المدججة,1,100.00%,,,المدججة,,,
1.4e+18,Name calling/Labeling,6,المحتلة,المقموعة,1,100.00%,,,المقموعة,,,
1.4e+18,Appeal to authority,1,مشعل: القضية الفلسطينية واحدة لا تتجزأ ,مُوقِد خلاف فلسطينية واحدة لا تفتقت,3,50.00%,1.0,1.0,قال مشعل: القضية الفلسطينية واحدة لا تنقسم,,,
1.4e+18,Appeal to authority,2,مشعل: القضية الفلسطينية واحدة لا تتجزأ ,مِشْكاة رأي غَزَّوِيَّةٌ أحادية لا انشطرت,5,83.30%,1.0,1.0, صرح محمود: القضية الفلسطينية واحدة لا تتشعب,,,
1.4e+18,Appeal to authority,3,مشعل: القضية الفلسطينية واحدة لا تتجزأ ,مشعل رأي عَرَبِيَّةٌ واحدة لا تفتت,3,50.00%,1.0,1.0,صلاح: القضية العربية وحيدة لا تتقطع,,,
1.4e+18,Appeal to authority,4,مشعل: القضية الفلسطينية واحدة لا تتجزأ ,مِفْتَح خلاف رَحْوَلِيَّةٌ وحيدة معزولة لا تتجزأ,4,57.10%,1.0,1.0,أحمد: القضية الفلسطينية وحيدة قائمة بذاتها لا تتفتت,,,
1.4e+18,Appeal to authority,3,مشعل: القضية الفلسطينية واحدة لا تتجزأ ,مشعل رأي عَرَبِيَّةٌ واحدة لا تفتت,3,50.00%,1.0,1.0,صلاح: القضية العربية واحدة لا تتقطع,,,
1.4e+18,Appeal to authority,4,مشعل: القضية الفلسطينية واحدة لا تتجزأ ,مِفْتَح خلاف رَحْوَلِيَّةٌ وحيدة معزولة لا تتجزأ,4,57.10%,1.0,1.0,أحمد: القضية الفلسطينية واحدة لا تنقسم,,,
1.4e+18,Repetition,1,واحدة لا تتجزأ,وحيدة قائمة بذاتها لا تفتتت,2,40.00%,1.0,1.0,وحيدة قائمة بذاتها لا تتفتت,,,
1.4e+18,Repetition,2,واحدة لا تتجزأ,واحدة لا تشرذمت,1,33.30%,1.0,1.0,واحدة لا تنقسم,,,
1.4e+18,Repetition,3,واحدة لا تتجزأ,الوحيدة لا انقسمت,2,66.70%,1.0,1.0,وحيدة لا تتقطع,,,
1.4e+18,Repetition,4,واحدة لا تتجزأ,فرد عداد لا تفرقت,2,50.00%,1.0,1.0,واحدة لا تتشعب,,,
1.4e+18,Repetition,5,واحدة لا تتجزأ,واحدة لا مثيل لها لا انشعبت,2,33.30%,1.0,1.0,واحدة لا تقسم,,,
1.4e+18,Repetition,5,واحدة لا تتجزأ,واحدة لا مثيل لها لا انشعبت,2,33.30%,1.0,1.0,واحدة لا تتقطع,,,
1.4e+18,Slogans,1,#غزة_تنتصر,قوة تنتصر,1,50.00%,,1.0,القوة تنتصر,,,
1.4e+18,Slogans,2,#غزة_تنتصر,عزيمة تنتصر,1,50.00%,,1.0,العزيمة تنتصر,,,
1.4e+18,Slogans,3,#غزة_تنتصر,قلعة تَظْفَرُ,2,100.00%,,1.0,القلعة تَظْفَرُ,,,
1.4e+18,Slogans,4,#غزة_تنتصر,غزة تَسُودُ,1,50.00%,,1.0,غزة تفوز,,,
1.4e+18,Flag-waving,1,القضية الفلسطينية واحدة لا تتجزأ,الأمر مُقَاوِمَةٌ وحيدة لا انفرطت,4,80.00%,1.0,1.0,القضية الفلسطينية واحدة لا تنقسم,,,
1.4e+18,Flag-waving,2,القضية الفلسطينية واحدة لا تتجزأ,الإشكالية مُهَجَّرَةٌ واحدة لا انشقت,3,60.00%,1.0,1.0,القضية الفلسطينية واحدة لا تتشعب,,,
1.4e+18,Flag-waving,3,القضية الفلسطينية واحدة لا تتجزأ,القضية فلسطينية وحيداء لا انفرطت,2,40.00%,1.0,1.0,القضية العربية وحيدة لا تتقطع,,,
1.4e+18,Flag-waving,4,القضية الفلسطينية واحدة لا تتجزأ,الأمر رَحْوَلِيَّةٌ وحيدة بذاتها لا تباينت,4,66.70%,1.0,1.0,القضية الفلسطينية وحيدة قائمة بذاتها لا تتفتت,,,
1.4e+18,Flag-waving,5,القضية الفلسطينية واحدة لا تتجزأ,القضية فلسطينية خالصة لا تباينت,2,40.00%,1.0,1.0,القضية العربية واحدة لا تتقطع,,,
1.4e+18,Flag-waving,6,القضية الفلسطينية واحدة لا تتجزأ,المقضية مُهَجَّرَةٌ واحدة لا تجزأت,3,60.00%,1.0,1.0,القضية الفلسطينية واحدة لا تنقسم,,,
1.4e+18,Loaded Language,1,تقتحم,اقتحاق,1,100.00%,,,اقتحاق,,,
1.4e+18,Loaded Language,2,تقتحم,انداحت,1,100.00%,,,انداحت,,,
1.4e+18,Loaded Language,3,تقتحم,اندفعت,1,100.00%,,,اندفعت,,,
1.4e+18,Loaded Language,4,تقتحم,اقتحمت,1,100.00%,,,اقتحمت,,,
1.4e+18,Loaded Language,5,تقتحم,تهجمت,1,100.00%,,,تهجمت,,,
1.1e+18,Loaded Language,1,المتوج,مُتَاجِد,1,100.00%,,,مُتَاجِد,,,
1.1e+18,Loaded Language,2,المتوج,مُتَوَشِّح,1,100.00%,,,مُتَوَشِّح,,,
1.1e+18,Loaded Language,3,المتوج,مُتَاكِس,1,100.00%,,,مُتَاكِس,,,
1.1e+18,Loaded Language,4,المتوج,مُتَوَّجٌ بِالذَّهَب,1,50.00%,,,مُتَوَّجٌ بِالذَّهَب,,,
1.05e+18,Name calling/Labeling,1,رجل التوافق,رجل وفاق,1,50.00%,,,رجل وفاق,,,
1.05e+18,Name calling/Labeling,2,رجل التوافق,فَارِسٌ توافق,1,50.00%,,,فَارِسٌ توافق,,,
1.05e+18,Name calling/Labeling,3,رجل التوافق,غُلاَمٌ وفاق,2,100.00%,,,غُلاَمٌ وفاق,,,
1.05e+18,Name calling/Labeling,4,رجل التوافق,فَتَى وفاق,2,100.00%,,,فَتَى وفاق,,,
1.05e+18,Name calling/Labeling,5,رجل التوافق,مَرْءُ وفاق,2,100.00%,,,مَرْءُ وفاق,,,
1.38e+18,Loaded Language,1,صدمة,ضَرْبَةٌ,1,100.00%,,,ضَرْبَةٌ,,,
1.38e+18,Loaded Language,2,صدمة,هَزَّةٌ,1,100.00%,,,هَزَّةٌ,,,
1.38e+18,Loaded Language,3,صدمة,مُفاجَأةٌ,1,100.00%,,,مُفاجَأةٌ,,,
1.38e+18,Name calling/Labeling,1,القرار الروسي,الْبَتُّ كَرَمْلِينِيُّ,2,100.00%,,,الْبَتُّ كَرَمْلِينِيُّ,,,
1.38e+18,Name calling/Labeling,2,القرار الروسي,الْحَسْم روسي,1,50.00%,,,الْحَسْم روسي,,,
1.38e+18,Name calling/Labeling,3,القرار الروسي,القرار رَّوْبَلِيُّ,1,50.00%,,,القرار رَّوْبَلِيُّ,,,
1.38e+18,Name calling/Labeling,4,القرار الروسي,القرار مُوسْكُوفِيُّ,1,50.00%,,,القرار مُوسْكُوفِيُّ,,,
1.38e+18,Name calling/Labeling,5,القرار الروسي,الحُكْم شُّرْطِيُّ,2,100.00%,,,الحُكْم شُّرْطِيُّ,,,
1.38e+18,Name calling/Labeling,6,القرار الروسي,القرار بَلْدَمِيّ,1,50.00%,,,القرار بَلْدَمِيّ,,,
1.38e+18,Loaded Language,1,المفاجئ,فَجْأَةً,1,100.00%,,,فَجْأَةً,,,
1.38e+18,Loaded Language,2,المفاجئ,صَادِمَةٌ,1,100.00%,,,صَادِمَةٌ,,,
1.38e+18,Loaded Language,3,المفاجئ,البَغتة,1,100.00%,,,البَغتة,,,
1.38e+18,Loaded Language,4,المفاجئ,عَنْ قُرْب,1,50.00%,,,عَنْ قُرْب,,,
1.38e+18,Loaded Language,5,المفاجئ,بَاتِرَةً,1,100.00%,,,بَاتِرَةً,,,
1.38e+18,Loaded Language,6,المفاجئ,خَاطِفَةً,1,100.00%,,,خَاطِفَةً,,,
1.4e+18,Loaded Language,1,يجب,لا بُدَّ وَلا بُدَّ,1,25.00%,,,لا بُدَّ وَلا بُدَّ,,,
1.4e+18,Loaded Language,2,يجب,لا بُدَّ وَلا مَحِيصَ,1,25.00%,,,لا بُدَّ وَلا مَحِيصَ,,,
1.4e+18,Loaded Language,3,يجب,يَنْبَغِي,1,100.00%,,,يَنْبَغِي,,,
1.4e+18,Loaded Language,4,يجب,لابُدَّ,1,100.00%,,,لابُدَّ,,,
1.4e+18,Loaded Language,5,يجب,يَا حَبَّذَا,1,50.00%,,,يَا حَبَّذَا,,,
1.4e+18,Loaded Language,6,يجب,يَجِبُ أَنَّ,1,50.00%,,,يَجِبُ أَنَّ,,,
1.4e+18,Loaded Language,1,بحزم,إقدامًا,1,100.00%,,,إقدامًا,,,
1.4e+18,Loaded Language,2,بحزم,حسمًا,1,100.00%,,,حسمًا,,,
1.4e+18,Loaded Language,3,بحزم,حَزْمًا,1,100.00%,,,حَزْمًا,,,
1.4e+18,Loaded Language,4,بحزم,حزمًا,1,100.00%,,,حزمًا,,,
1.4e+18,Name calling/Labeling,1,الاحتلال الإسرائيلي,الإخضاع صهيوني,2,100.00%,,,الإخضاع صهيوني,,,
1.4e+18,Name calling/Labeling,2,الاحتلال الإسرائيلي,الاحتلال يهودي,1,50.00%,,,الاحتلال يهودي,,,
1.4e+18,Name calling/Labeling,3,الاحتلال الإسرائيلي,الاحتلال إسرائيليتي,1,50.00%,,,الاحتلال إسرائيليتي,,,
1.4e+18,Name calling/Labeling,4,الاحتلال الإسرائيلي,الإخضاع يعقوبي,2,100.00%,,,الإخضاع يعقوبي,,,
1.4e+18,Name calling/Labeling,5,الاحتلال الإسرائيلي,السيطرة إسرائيلي,1,50.00%,,,السيطرة إسرائيلي,,,
1.4e+18,Name calling/Labeling,6,الاحتلال الإسرائيلي,القهر إسرائيليتي,2,100.00%,,,القهر إسرائيليتي,,,
1.4e+18,Loaded Language,1,محاسبته,مُفَاحَصَة,1,100.00%,,,مُفَاحَصَة,,,
1.4e+18,Loaded Language,2,محاسبته,مُحَاجَّة,1,100.00%,,,مُحَاجَّة,,,
1.4e+18,Loaded Language,3,محاسبته,مُطَالَبَة,1,100.00%,,,مُطَالَبَة,,,
1.4e+18,Loaded Language,4,محاسبته,مُسَاءَلَة,1,100.00%,,,مُسَاءَلَة,,,
1.4e+18,Loaded Language,5,محاسبته,مُحَاسَبَة,1,100.00%,,,مُحَاسَبَة,,,
1.4e+18,Loaded Language,6,محاسبته,مُحَاورة,1,100.00%,,,مُحَاورة,,,
1.4e+18,Loaded Language,1,الاحتلال,الغزو,1,100.00%,,,الغزو,,,
1.4e+18,Loaded Language,2,الاحتلال,الهيمنة,1,100.00%,,,الهيمنة,,,
1.4e+18,Loaded Language,3,الاحتلال,التسلط,1,100.00%,,,التسلط,,,
1.4e+18,Loaded Language,4,الاحتلال,الإخضاع,1,100.00%,,,الإخضاع,,,
1.39e+18,Loaded Language,1,الخطر,الهلاك,1,100.00%,,0.0,الهلاك,,1.0,
1.39e+18,Loaded Language,2,الخطر,التهديد,1,100.00%,,0.0,التهديد,,1.0,
1.39e+18,Loaded Language,3,الخطر,المحق,1,100.00%,,0.0,الإنذار,,1.0,
1.39e+18,Loaded Language,4,الخطر,الخسران,1,100.00%,,0.0,الخسران,,1.0,
1.39e+18,Appeal to fear/prejudice,1,يدقون ناقوس الخطر,يدقون قَرْقافَة خطر,1,33.30%,,1.0,يدقون طبول الهلاك,,1.0,
1.39e+18,Appeal to fear/prejudice,2,يدقون ناقوس الخطر,يقرعون ناقوس عُسر,2,66.70%,,1.0,يقرعون جرس الإنذار,,1.0,
1.39e+18,Appeal to fear/prejudice,3,يدقون ناقوس الخطر,يُحكِمون صَلْصَلَة تهديد,3,100.00%,,1.0,يصدرون صوت الخطر,,1.0,
1.39e+18,Appeal to fear/prejudice,4,يدقون ناقوس الخطر,يثبتون قَرْقافَة تهديد,3,100.00%,,1.0,يدقون ناقوس الخسران,,1.0,
1.36e+18,Name calling/Labeling,1,كويكب يوم القيامة,كويكب يوم نشأة,1,33.30%,,,كويكب يوم نشأة,,,
1.36e+18,Name calling/Labeling,2,كويكب يوم القيامة,شهاب يوم يوم فصل,2,50.00%,,,شهاب يوم يوم فصل,,,
1.36e+18,Name calling/Labeling,3,كويكب يوم القيامة,مذنب يوم قيامة,1,33.30%,,,مذنب يوم قيامة,,,
1.36e+18,Name calling/Labeling,4,كويكب يوم القيامة,شظية يوم يوم فصل,2,50.00%,,,شظية يوم يوم فصل,,,
1.36e+18,Name calling/Labeling,5,كويكب يوم القيامة,كويكب يوم يوم عرض,1,25.00%,,,كويكب يوم يوم عرض,,,
1.36e+18,Appeal to fear/prejudice,1,سوريا تعاني من أسوأ أزمة جوع حتى الأن,سوريا تكابد من أنكأ هَمّ جُرْعَةٌ حتى أن,4,50.00%,,1.0,تعاني سوريا من أشد أزمة جوع حتى الآن,,1.0,
1.36e+18,Appeal to fear/prejudice,2,سوريا تعاني من أسوأ أزمة جوع حتى الأن,أَرْضُ شَّام تعاني من أخسّ نكبة جوع حتى حالمة,4,44.40%,,1.0,غزة تعاني من أشرس محنة جوع حتى الأن,,1.0,
1.36e+18,Appeal to fear/prejudice,3,سوريا تعاني من أسوأ أزمة جوع حتى الأن,سوريا تعاني من أخسّ ضيق جُرْعَةٌ حتى أن,3,37.50%,,1.0,سوريا تعاني من أسوأ أزمة نقص الطعام حتى الأن,,1.0,
1.36e+18,Appeal to fear/prejudice,4,سوريا تعاني من أسوأ أزمة جوع حتى الأن,سوريا تعاني من أسوأ محنة خَوَاءٌ حتى حالمة,3,37.50%,,1.0,تعامي غزة من أقبح محنة لشح الطعام حتى يومنا هذا,,1.0,
1.36e+18,Appeal to fear/prejudice,1,سوريا تعاني من أسوأ أزمة جوع حتى الأن,سوريا تكابد من أنكأ هَمّ جُرْعَةٌ حتى أن,4,50.00%,,1.0,تعاني سوريا من أحطّ بلية ضَنك حتى الآن,,1.0,
1.36e+18,Appeal to fear/prejudice,2,سوريا تعاني من أسوأ أزمة جوع حتى الأن,أَرْضُ شَّام تعاني من أخسّ نكبة جوع حتى حالمة,4,44.40%,,1.0,غزة تعاني من أسوأ شدة جوع حتى الأن,,1.0,
1.36e+18,Appeal to fear/prejudice,3,سوريا تعاني من أسوأ أزمة جوع حتى الأن,سوريا تعاني من أخسّ ضيق جُرْعَةٌ حتى أن,3,37.50%,,1.0,سوريا تعاني من أسوأ نكبة ضَنك حتى الأن,,1.0,
1.36e+18,Appeal to fear/prejudice,4,سوريا تعاني من أسوأ أزمة جوع حتى الأن,سوريا تعاني من أسوأ محنة خَوَاءٌ حتى حالمة,3,37.50%,,1.0,تعامي غزة من أخسّ أزمة إِملاق حتى يومنا هذا,,1.0,
1.36e+18,Appeal to fear/prejudice,4,سوريا تعاني من أسوأ أزمة جوع حتى الأن,سوريا تعاني من أسوأ محنة خَوَاءٌ حتى حالمة,3,37.50%,,1.0,تعامي غزة من أشقى نكبة جفاف حتى يومنا هذا,,1.0,
1.36e+18,Loaded Language,1,أسوأ أزمة جوع,أحطّ بلية ضَنك,3,100.00%,,1.0,أشد أزمة جوع,,1.0,
1.36e+18,Loaded Language,2,أسوأ أزمة جوع,أسوأ شدة جوع,1,33.30%,,1.0,أشرس محنة جوع,,1.0,
1.36e+18,Loaded Language,3,أسوأ أزمة جوع,أسوأ نكبة ضَنك,2,66.70%,,1.0,أسوأ أزمة نقص الطعام,,1.0,
1.36e+18,Loaded Language,4,أسوأ أزمة جوع,أخسّ أزمة إِملاق,2,66.70%,,1.0,أقبح محنة لشح الطعام,,1.0,
1.36e+18,Loaded Language,1,أسوأ أزمة جوع,أحطّ بلية ضَنك,3,100.00%,,0.0,أحطّ بلية ضَنك,,1.0,
1.36e+18,Loaded Language,2,أسوأ أزمة جوع,أسوأ شدة جوع,1,33.30%,,0.0,أسوأ شدة جوع,,1.0,
1.36e+18,Loaded Language,3,أسوأ أزمة جوع,أسوأ نكبة ضَنك,2,66.70%,,0.0,أسوأ نكبة ضَنك,,1.0,
1.36e+18,Loaded Language,4,أسوأ أزمة جوع,أخسّ أزمة إِملاق,2,66.70%,,0.0,أخسّ أزمة إِملاق,,1.0,
1.36e+18,Loaded Language,5,أسوأ أزمة جوع,أشقى نكبة جفاف,3,100.00%,,0.0,أشقى نكبة جفاف,,1.0,
1.4e+18,Name calling/Labeling,1,المتشددون في #إيران,المُتَعَصّبون في أصفهان,2,66.70%,,,المُتَعَصّبون في أصفهان,,,
1.4e+18,Name calling/Labeling,2,المتشددون في #إيران,المتشددون في أرض فيروز,1,25.00%,,,المتشددون في أرض فيروز,,,
1.4e+18,Name calling/Labeling,3,المتشددون في #إيران,المُتَحَجّرون في إيران,1,33.30%,,,المُتَحَجّرون في إيران,,,
1.4e+18,Name calling/Labeling,4,المتشددون في #إيران,الأصوليّون في بيروز,2,66.70%,,,الأصوليّون في بيروز,,,
1.4e+18,Loaded Language,1,عرقلة,إحْباط,1,100.00%,,,إحْباط,,,
1.4e+18,Loaded Language,2,عرقلة,إعْسار,1,100.00%,,,إعْسار,,,
1.4e+18,Loaded Language,3,عرقلة,مُعارَضة,1,100.00%,,,مُعارَضة,,,
1.4e+18,Loaded Language,4,عرقلة,حَجْر,1,100.00%,,,حَجْر,,,
1.4e+18,Loaded Language,5,عرقلة,إعاقة,1,100.00%,,,إعاقة,,,
1.4e+18,Name calling/Labeling,1,الإصلاحيين,المحدثين,1,100.00%,,,المحدثين,,,
1.4e+18,Name calling/Labeling,2,الإصلاحيين,المصلحين,1,100.00%,,,المصلحين,,,
1.4e+18,Name calling/Labeling,3,الإصلاحيين,التقدميين,1,100.00%,,,التقدميين,,,
1.39e+18,Loaded Language,1,صراع,مجابهة,1,100.00%,,,مجابهة,,,
1.39e+18,Loaded Language,2,صراع,اقتتال,1,100.00%,,,اقتتال,,,
1.39e+18,Loaded Language,3,صراع,صدام,1,100.00%,,,صدام,,,
1.39e+18,Loaded Language,4,صراع,نزاع,1,100.00%,,,نزاع,,,
1.39e+18,Loaded Language,5,صراع,معارك,1,100.00%,,,معارك,,,
1.4e+18,Doubt,1,ماذا يحدث في إيران؟ حرائق وانفجارات وقتلى في ظروف غامضة,ماذا يحدث في إيران؟ نيران هجمات مُدوّية ضَحايا في ظروف غامضة,3,27.30%,,1.0,ماذا يحدث في إيران؟ نيران وتطايرات وضَحايا في حوادث مُبهمة,,1.0,
1.4e+18,Doubt,2,ماذا يحدث في إيران؟ حرائق وانفجارات وقتلى في ظروف غامضة,ماذا يحدث في إيران؟ حرائق هجمات مُدوّية مُنْهَزِمُون في أوضاع مُبهمة ظن,4,33.30%,,1.0,ماذا يحدث في إيران؟ حرائق وانفلات ومهالك في أوضاع مُبهمة,,1.0,
1.4e+18,Doubt,3,ماذا يحدث في إيران؟ حرائق وانفجارات وقتلى في ظروف غامضة,ماذا يَتَحَقَّق في أيران حرائق رَجّات مُدوّية خَسائر في ظروف غامضة,4,36.40%,,1.0,ماذا يحصل في أيران حرائق وغارات مُدوّية وخَسائر في الأرواح في ظروف غامضة,,1.0,
1.4e+18,Doubt,4,ماذا يحدث في إيران؟ حرائق وانفجارات وقتلى في ظروف غامضة,ماذا يحدث في بلاد فارس لهب رَجّات مُدوّية خَسائر في أسباب مُحيّرة,6,50.00%,,1.0,ماذا يحدث في بلاد فارس لهيب واصطدامات وخَسائر بشرية في أسباب مُحيّرة,,1.0,
1.4e+18,Doubt,5,ماذا يحدث في إيران؟ حرائق وانفجارات وقتلى في ظروف غامضة,ماذا يَتَجَسَّد في بلاد فرس حريق وانفجارات فَقْيء في أوضاع مُبهم,6,54.50%,,1.0,ماذا يَتَجَسَّد في بلاد فرس حريق وتشظيات وصرعى في أحداث خَفيّة,,1.0,
1.4e+18,Doubt,5,ماذا يحدث في إيران؟ حرائق وانفجارات وقتلى في ظروف غامضة,ماذا يَتَجَسَّد في بلاد فرس حريق وانفجارات فَقْيء في أوضاع مُبهم,6,54.50%,,1.0,ماذا يَتَجَسَّد في بلاد فرس حريق وتشظيات وصرعى في وقائع مُبهمة,,1.0,
1.4e+18,Loaded Language,1,انفجارات,تطايرات,1,100.00%,,0.0,تطايرات,,1.0,
1.4e+18,Loaded Language,2,انفجارات,انفلات,1,100.00%,,0.0,انفلات,,1.0,
1.4e+18,Loaded Language,3,انفجارات,انفاقات,1,100.00%,,1.0,غارات مُدوّية,,1.0,
1.4e+18,Loaded Language,4,انفجارات,اصطدامات,1,100.00%,,0.0,اصطدامات,,1.0,
1.4e+18,Loaded Language,5,انفجارات,تشظيات,1,100.00%,,0.0,تشظيات,,1.0,
1.4e+18,Loaded Language,1,قتلى,مَهالِك,1,100.00%,,1.0,ضحايا,,1.0,
1.4e+18,Loaded Language,2,قتلى,قَتْلى,1,100.00%,,1.0,مهالك,,1.0,
1.4e+18,Loaded Language,3,قتلى,مَفْقَل,1,100.00%,,1.0,خسائر في الأرواح,,1.0,
1.4e+18,Loaded Language,3,قتلى,مَفْقَل,1,100.00%,,1.0,خسائر بشرية,,1.0,
1.4e+18,Loaded Language,4,قتلى,مَصْرَع,1,100.00%,,1.0,صرعى,,1.0,
1.4e+18,Name calling/Labeling,1,ظروف غامضة,حوادث مُبهمة,2,100.00%,,0.0,حوادث مُبهمة,,1.0,
1.4e+18,Name calling/Labeling,2,ظروف غامضة,أوقات مُتَغَيِّبَة,2,100.00%,,0.0,أوضاع مُبهمة,,1.0,
1.4e+18,Name calling/Labeling,3,ظروف غامضة,أحداث خَفيّة,2,100.00%,,0.0,أحداث خَفيّة,,1.0,
1.4e+18,Name calling/Labeling,4,ظروف غامضة,وقائع مُبهمة معنى,2,66.70%,,0.0,وقائع مُبهمة,,1.0,
1.4e+18,Name calling/Labeling,5,ظروف غامضة,علل مُبهمة معنى,2,66.70%,,1.0,أسباب مُحيّرة,,1.0,
1.4e+18,Name calling/Labeling,6,ظروف غامضة,أوضاع مُبهم,2,100.00%,,0.0,ظروف غامضة,,1.0,
1.33e+18,Glittering generalities (Virtue),1,هكذا ودع #السودان فقيد البلاد الإمام السيد #الصادق_المهدي. لقد زرته مرتين و تحدثنا مطولاً. له الرحمة والمغفرة وللشعب السوداني الصبر وحسن العزاء.,هكذا ودع سودان مُعدم مواطن رئيس رَئِيس صادق غُلام لقد وَفَدْتُهُ مرتين و تحادثنا فَتْرَة له شفقة والمغفرة وللشعب كافة خرطومي جلد جميل ثبات,14,58.30%,,1.0,هكذا فقد #السودان عزيز البلاد الإمام السيد #الصادق_المهدي. لقد زرته مرتين و تحدثنا مطولاً. له المودة والصفح وللشعب السوداني الصبر وحسن العزاء.,,1.0,
1.33e+18,Glittering generalities (Virtue),2,هكذا ودع #السودان فقيد البلاد الإمام السيد #الصادق_المهدي. لقد زرته مرتين و تحدثنا مطولاً. له الرحمة والمغفرة وللشعب السوداني الصبر وحسن العزاء.,هكذا ودع حبشي مَفقود بلاد إمام زَعيم مُؤتمن موعود لقد زرته مرّة و تحاشنا مطولا له رحمة تجاوز وللأمة قحطاني صبر جميل عزاء: مواساة,13,54.20%,,1.0,هكذا ودع #السودان كله حبيب البلاد الإمام السيد #الصادق_المهدي. لقد زرته مرتين و تحدثنا مطولاً. له الرأفة والمغفرة وللشعب السوداني الصبر وحسن العزاء.,,1.0,
1.33e+18,Glittering generalities (Virtue),3,هكذا ودع #السودان فقيد البلاد الإمام السيد #الصادق_المهدي. لقد زرته مرتين و تحدثنا مطولاً. له الرحمة والمغفرة وللشعب السوداني الصبر وحسن العزاء.,هكذا مفارقة عَبَم فقيد مواطن رئيس سيد صادق موعود حقيقةً زرته مرّة و تحدثنا مُيسَم له رحمة والمغفرة وللأمة أسود صبر وحسن سلوان,11,47.80%,,1.0,هكذا سلم #السودان على فقيد البلاد الإمام السيد #الصادق_المهدي. لقد زرته مرتين و تحدثنا مطولاً. له العفو والمغفرة وللشعب السوداني الصبر وحسن العزاء.,,1.0,
1.33e+18,Glittering generalities (Virtue),4,هكذا ودع #السودان فقيد البلاد الإمام السيد #الصادق_المهدي. لقد زرته مرتين و تحدثنا مطولاً. له الرحمة والمغفرة وللشعب السوداني الصبر وحسن العزاء.,هكذا انطلاق كَحْل مَفقود بلاد إمام سيد أمين منتظر عَمَلًا وَفَدْتُهُ مرّتين و تحدثنا مطولا له رقة صفح وسائر شعب أَفْرَق مهلة مُبَارَك عزاء,14,58.30%,,1.0,هكذا شيع #السودان الراحل الغالي الإمام السيد #الصادق_المهدي. لقد زرته مرتين و تحدثنا مطولاً. له الرحمة والمغفرة وللشعب السوداني الصبر وحسن العزاء.,,1.0,
1.33e+18,Glittering generalities (Virtue),5,هكذا ودع #السودان فقيد البلاد الإمام السيد #الصادق_المهدي. لقد زرته مرتين و تحدثنا مطولاً. له الرحمة والمغفرة وللشعب السوداني الصبر وحسن العزاء.,هكذا ودع حبشي مفقود معمور دليل رَبّ أمين سَّيد بالفعل زرته اثنتين و تحاورنا مُدَّة له رحمة والمغفرة وللأمة قحطاني صبر ظريف صبر,15,65.20%,,1.0,هكذا شيع #السودان راحل البلاد الإمام السيد #الصادق_المهدي. لقد زرته مرتين و تحدثنا مطولاً. له الرحمة والمغفرة وللشعب السوداني الصبر وحسن العزاء.,,1.0,
1.33e+18,Glittering generalities (Virtue),6,هكذا ودع #السودان فقيد البلاد الإمام السيد #الصادق_المهدي. لقد زرته مرتين و تحدثنا مطولاً. له الرحمة والمغفرة وللشعب السوداني الصبر وحسن العزاء.,هكذا ودع نَيْل مفقود بلاد إمام مُعَظَّم صادق وَعد عَمَلًا زَارَهُ مرتين و ناقشنا أَجَال له رقة والمغفرة وللشعب بأسره سوداني سكون وحسن ثبات,13,54.20%,,1.0,هكذا ودع #السودان ميت البلاد الإمام السيد #الصادق_المهدي. لقد زرته مرتين و تحدثنا مطولاً. له العفو والمغفرة وللشعب السوداني الصبر وحسن العزاء.,,1.0,
1.33e+18,Loaded Language,1,الرحمة والمغفرة ,المودة صفح,2,100.00%,,0.0,المودة والصفح,,1.0,
1.33e+18,Loaded Language,3,الرحمة والمغفرة ,الرأفة والمغفرة,1,50.00%,,0.0,الرأفة والمغفرة,,1.0,
1.33e+18,Loaded Language,4,الرحمة والمغفرة ,العفو والمغفرة,1,50.00%,,0.0,العفو والمغفرة,,1.0,
1.33e+18,Loaded Language,1,فقيد البلاد,مفقود مُقَام,2,100.00%,,1.0,عزيز البلاد,,1.0,
1.33e+18,Loaded Language,2,فقيد البلاد,مفقود فِلَاح,2,100.00%,,1.0,حبيب البلاد,,1.0,
1.33e+18,Loaded Language,3,فقيد البلاد,مَسْفُوح بلاد,1,50.00%,,1.0,الراحل الغالي,,1.0,
1.33e+18,Loaded Language,4,فقيد البلاد,فقيد فِلَاح,1,50.00%,,1.0,راحل البلاد,,1.0,
1.33e+18,Loaded Language,4,فقيد البلاد,فقيد فِلَاح,1,50.00%,,1.0,ميت البلاد,,1.0,
8.68e+17,Loaded Language,1,هوس,عشق,1,100.00%,,,عشق,,,
8.68e+17,Loaded Language,2,هوس,شغف,1,100.00%,,,شغف,,,
8.68e+17,Loaded Language,3,هوس,ولع,1,100.00%,,,ولع,,,
8.68e+17,Loaded Language,4,هوس,جنون,1,100.00%,,,جنون,,,
8.68e+17,Loaded Language,5,هوس,انبهار,1,100.00%,,,انبهار,,,
8.68e+17,Loaded Language,6,هوس,هوسة,1,100.00%,,,هوسة,,,
8.68e+17,Loaded Language,1,يهيمن,يتسلط,1,100.00%,,,يتسلط,,,
8.68e+17,Loaded Language,2,يهيمن,يقهر,1,100.00%,,,يقهر,,,
8.68e+17,Loaded Language,3,يهيمن,يدبر,1,100.00%,,,يدبر,,,
8.68e+17,Loaded Language,4,يهيمن,يسيطر,1,100.00%,,,يسيطر,,,
8.68e+17,Loaded Language,5,يهيمن,يربح,1,100.00%,,,يربح,,,
1.19e+18,Loaded Language,1,يرعب ,يُرهِق,1,100.00%,,,يُرهِق,,,
1.19e+18,Loaded Language,2,يرعب ,يُزعزع,1,100.00%,,,يُزعزع,,,
1.19e+18,Loaded Language,3,يرعب ,يُرعب,1,100.00%,,,يُرعب,,,
1.19e+18,Loaded Language,4,يرعب ,يُثبط,1,100.00%,,,يُثبط,,,
1.19e+18,Name calling/Labeling,1,"""السيناريو العراقي""",المَكْتَب بَصْري,2,100.00%,,,المَكْتَب بَصْري,,,
1.19e+18,Name calling/Labeling,2,"""السيناريو العراقي""",النص حَلَبي,2,100.00%,,,النص حَلَبي,,,
1.19e+18,Name calling/Labeling,3,"""السيناريو العراقي""",السِفر عراقي,1,50.00%,,,السِفر عراقي,,,
1.19e+18,Name calling/Labeling,4,"""السيناريو العراقي""",السيناريو مَوْصِلي,1,50.00%,,,السيناريو مَوْصِلي,,,
1.39e+18,Loaded Language,1,إعلام العدو,تبصير مُباغِض,2,100.00%,,,تبصير مُباغِض,,,
1.39e+18,Loaded Language,2,إعلام العدو,تبصير وَحش,2,100.00%,,,تبصير وَحش,,,
1.39e+18,Loaded Language,3,إعلام العدو,إعلان مناوئ,2,100.00%,,,إعلان مناوئ,,,
1.39e+18,Loaded Language,4,إعلام العدو,تنبيه مُحارب,2,100.00%,,,تنبيه مُحارب,,,
1.39e+18,Loaded Language,1,غزة_تحت_القصف,غزة تحت تخريب,1,33.30%,,1.0,غزة تحت التخريب,,1.0,
1.39e+18,Loaded Language,2,غزة_تحت_القصف,مَدْيَنة تحت ضرب,2,66.70%,,1.0,غزة تحت الإبادة,,1.0,
1.39e+18,Loaded Language,3,غزة_تحت_القصف,حصن تحت هجوم,2,66.70%,,1.0,غزة تحت التدمير,,1.0,
1.39e+18,Loaded Language,4,غزة_تحت_القصف,غزة تحت هجوم,1,33.30%,,1.0,سوريا تحت القصف,,1.0,
1.39e+18,Loaded Language,5,غزة_تحت_القصف,مُعَقَّل تحت رمي,2,66.70%,,1.0,غزة تباد,,1.0,
1.39e+18,Loaded Language,6,غزة_تحت_القصف,مَعْقِل تحت تخريب,2,66.70%,,1.0,غزة تحت مرمى السلاح,,1.0,
1.39e+18,Name calling/Labeling,1,إعلام العدو,إفادة مُباغت,2,100.00%,,,إفادة مُباغت,,,
1.39e+18,Name calling/Labeling,2,إعلام العدو,إعلام مُخاصِم,1,50.00%,,,إعلام مُخاصِم,,,
1.39e+18,Name calling/Labeling,3,إعلام العدو,تبليغ معادي,2,100.00%,,,تبليغ معادي,,,
1.39e+18,Name calling/Labeling,4,إعلام العدو,إرشاد مُحارب,2,100.00%,,,إرشاد مُحارب,,,
1.39e+18,Name calling/Labeling,5,إعلام العدو,إعلام خصم,1,50.00%,,,إعلام خصم,,,
1.39e+18,Name calling/Labeling,6,إعلام العدو,تنبيه مُعادِي,2,100.00%,,,تنبيه مُعادِي,,,
1.39e+18,Slogans,1,#غزة_تحت_القصف,عزة تحت إبادة,2,66.70%,,1.0,غزة تحت الإبادة,,1.0,
1.39e+18,Slogans,2,#غزة_تحت_القصف,غزة تحت تدمير,1,33.30%,,1.0,غزة تحت التدمير,,1.0,
1.39e+18,Slogans,3,#غزة_تحت_القصف,معقل تحت قنص,2,66.70%,,1.0,سوريا تحت القصف,,1.0,
1.39e+18,Slogans,4,#غزة_تحت_القصف,غزة تحت إبادة,1,33.30%,,1.0,غزة تباد,,1.0,
1.39e+18,Slogans,4,#غزة_تحت_القصف,غزة تحت إبادة,1,33.30%,,1.0,غزة تحت التخريب,,1.0,
1.39e+18,Slogans,5,#غزة_تحت_القصف,غزة تحت رمي,1,33.30%,,1.0,غزة تحت مرمى السلاح,,1.0,
1.4e+18,Name calling/Labeling,1,الاحتلال,الضم,1,100.00%,,,الضم,,,
1.4e+18,Name calling/Labeling,2,الاحتلال,الاستحواذ,1,100.00%,,,الاستحواذ,,,
1.4e+18,Name calling/Labeling,3,الاحتلال,التسلط,1,100.00%,,,التسلط,,,
1.4e+18,Name calling/Labeling,4,الاحتلال,الهيمنة,1,100.00%,,,الهيمنة,,,
1.4e+18,Loaded Language,1,باقتحام,اندفاعًا,1,100.00%,,,اندفاعًا,,,
1.4e+18,Loaded Language,2,باقتحام,إفضاءً,1,100.00%,,,إفضاءً,,,
1.4e+18,Loaded Language,3,باقتحام,اقتحاميةً,1,100.00%,,,اقتحاميةً,,,
1.4e+18,Loaded Language,4,باقتحام,إبانةً,1,100.00%,,,إبانةً,,,
1.4e+18,Loaded Language,1,الاحتلال,الضم,1,100.00%,,,الضم,,,
1.4e+18,Loaded Language,2,الاحتلال,الاستعباد,1,100.00%,,,الاستعباد,,,
1.4e+18,Loaded Language,3,الاحتلال,السيطرة,1,100.00%,,,السيطرة,,,
1.39e+18,Appeal to authority,1,علماء متخصصون: من المرجح أن الصاروخ الصيني سوف يسقط في البحر كون أن الماء يغطي 70% من الكرة الأرضية.,مُجَرِّبُون خبراء من ساطع أن قذيفة غَرْبِيُّ أَوْسَطِيُّ سوف زوالاً في بحر كون أن ماء يُوَارِي من هَيْزَع رَحَى,9,47.40%,,1.0,علماء خبراء يقولوا انه من المرجح أن الصاروخ الصيني سوف يقع في البحر كون أن الماء يغطي مساحة كبيرة من الكرة الأرضية.,,1.0,
1.39e+18,Appeal to authority,2,علماء متخصصون: من المرجح أن الصاروخ الصيني سوف يسقط في البحر كون أن الماء يغطي 70% من الكرة الأرضية.,مُنَظِّرُون بارعون من أغلب أن منجنيق صيني سوف يسقط في خليج كون أن ماء/ ماءٌ/ مُطْر/ سَيْل/ مَوْج/ غَدَق/ نَمِيْر/ رَوَاء/ مَاءَة/ سَحَّا/ زُلال يُلبِسُ من دُّنْيَا أرضية,8,28.60%,,1.0,قال علماء متخصصون: انه من المتوقع أن الصاروخ الصيني سوف يسقط في البحر كون أن الماء يغطي 70% من الكرة الأرضية.,,1.0,
1.39e+18,Appeal to authority,3,علماء متخصصون: من المرجح أن الصاروخ الصيني سوف يسقط في البحر كون أن الماء يغطي 70% من الكرة الأرضية.,علماء فنيون من راجح أن قذيفة صاروخية شرق آسيوي سوف يسقط في أمواج مخلوق أن ماء يُغَطِّي من علّبة مَدَاس,9,45.00%,,1.0,باحثون متخصصون: حسب الدراسات نقول أن الصاروخ الصيني سوف يسقط في البحر كون أن الماء يغطي 70% من الكرة الأرضية.,,1.0,
1.39e+18,Appeal to authority,4,علماء متخصصون: من المرجح أن الصاروخ الصيني سوف يسقط في البحر كون أن الماء يغطي 70% من الكرة الأرضية.,بَاحِثُون مُتقنون من مرجح أن نشّابة صيني سوف زوالاً في واحة عالم أن ماء/ ماءٌ/ مُطْر/ سَيْل/ مَوْج/ غَدَق/ نَمِيْر/ رَوَاء/ مَاءَة/ سَحَّا/ زُلال يغطي من دُّنْيَا بَلاطِيَّة,9,32.10%,,1.0,حسب ما يقوله العلماء من المرجح أن الصاروخ الصيني سوف يسقط في البحر كون أن الماء يغطي 70% من الكرة الأرضية.,,1.0,
1.39e+18,Appeal to authority,5,علماء متخصصون: من المرجح أن الصاروخ الصيني سوف يسقط في البحر كون أن الماء يغطي 70% من الكرة الأرضية.,مُتَعَلِّمُون مُحْكَمون من مرجح أن صاروخ مَغُولِيُّ سوف يسقط في يم حقيقة أن ماء/ ماءٌ/ مُطْر/ سَيْل/ مَوْج/ غَدَق/ نَمِيْر/ رَوَاء/ مَاءَة/ سَحَّا/ زُلال يُغشِي من حَبّ رَضْوَى,9,32.10%,,1.0,اصدر علماء متخصصون: من المرجح أن الصاروخ الصيني سوف يسقط في البحر كون أن الماء يغطي 70% من الكرة الأرضية.,,1.0,
1.4e+18,Loaded Language,1,المفخخة,المُفَجَّرَة,1,100.00%,,,المُفَجَّرَة,,,
1.4e+18,Loaded Language,2,المفخخة,المُحَمَّلَة,1,100.00%,,,المُحَمَّلَة,,,
1.4e+18,Loaded Language,3,المفخخة,المُهَيَّأَة,1,100.00%,,,المُهَيَّأَة,,,
1.4e+18,Loaded Language,4,المفخخة,المُعَدَّة,1,100.00%,,,المُعَدَّة,,,
1.4e+18,Loaded Language,5,المفخخة,المُفَاخِرَة,1,100.00%,,,المُفَاخِرَة,,,
1.4e+18,Loaded Language,6,المفخخة,المُزَوَّدَة,1,100.00%,,,المُزَوَّدَة,,,
1.4e+18,Loaded Language,1,خطير,عظيم,1,100.00%,,,عظيم,,,
1.4e+18,Loaded Language,2,خطير,مروع,1,100.00%,,,مروع,,,
1.4e+18,Loaded Language,3,خطير,مهول,1,100.00%,,,مهول,,,
1.4e+18,Loaded Language,4,خطير,رهيب,1,100.00%,,,رهيب,,,
1.4e+18,Loaded Language,5,خطير,فادح,1,100.00%,,,فادح,,,
1.4e+18,Name calling/Labeling,1,تصعيد خطير,تصوير مُهِمّ,2,100.00%,,,تصوير مُهِمّ,,,
1.4e+18,Name calling/Labeling,2,تصعيد خطير,تصعيد فَذّ,1,50.00%,,,تصعيد فَذّ,,,
1.4e+18,Name calling/Labeling,3,تصعيد خطير,تصعيد عَظِيم,1,50.00%,,,تصعيد عَظِيم,,,
1.4e+18,Name calling/Labeling,4,تصعيد خطير,ارتفاع خطير,1,50.00%,,,ارتفاع خطير,,,
1.4e+18,Name calling/Labeling,5,تصعيد خطير,تعقيد قاتِم,2,100.00%,,,تعقيد قاتِم,,,
1.4e+18,Name calling/Labeling,1,"""إسرائيل""",قَبْط,1,100.00%,,,قَبْط,,,
1.4e+18,Name calling/Labeling,2,"""إسرائيل""",القَبَائِلُ اثْنَا عَشَر,1,33.30%,,,القَبَائِلُ اثْنَا عَشَر,,,
1.4e+18,Name calling/Labeling,3,"""إسرائيل""",سِبْط,1,100.00%,,,سِبْط,,,
1.4e+18,Name calling/Labeling,4,"""إسرائيل""",أَفْرِيقِيَّا,1,100.00%,,,أَفْرِيقِيَّا,,,
1.4e+18,Name calling/Labeling,5,"""إسرائيل""",الإِسْرَائِيلِيُّون,1,100.00%,,,الإِسْرَائِيلِيُّون,,,
1.39e+18,Loaded Language,1, تهديد,وعيد مبهم,1,50.00%,,,وعيد مبهم,,,
1.39e+18,Loaded Language,2, تهديد,تلويح,1,100.00%,,,تلويح,,,
1.39e+18,Loaded Language,3, تهديد,تحذير,1,100.00%,,,تحذير,,,
1.39e+18,Loaded Language,4, تهديد,تهديدات,1,100.00%,,,تهديدات,,,
1.39e+18,Loaded Language,5, تهديد,تخويف,1,100.00%,,,تخويف,,,
1.39e+18,Loaded Language,6, تهديد,تهديد مبطن,1,50.00%,,,تهديد مبطن,,,
1.4e+18,Loaded Language,1,حصار,منع,1,100.00%,,1.0,منع,,1.0,
1.4e+18,Loaded Language,2,حصار,إغلاق,1,100.00%,,1.0,إغلاق,,1.0,
1.4e+18,Loaded Language,3,حصار,خناق,1,100.00%,,1.0,خناق,,1.0,
1.4e+18,Loaded Language,4,حصار,تضييق,1,100.00%,,1.0,تضييق,,1.0,
1.4e+18,Loaded Language,5,حصار,انسداد,1,100.00%,,1.0,انسداد,,1.0,
1.4e+18,Loaded Language,1,للانهيار الشامل,للانهيار وافي,1,50.00%,,1.0,للانهيار الكامل,,1.0,
1.4e+18,Loaded Language,2,للانهيار الشامل,استسلام كافى,2,100.00%,,1.0,للاستسلام الكافى,,1.0,
1.4e+18,Loaded Language,2,للانهيار الشامل,استسلام كافى,2,100.00%,,1.0,للتداعي الشامل,,1.0,
1.4e+18,Loaded Language,3,للانهيار الشامل,للانهيار مُعظم,1,50.00%,,1.0,للانهيار التام,,1.0,
1.4e+18,Loaded Language,4,للانهيار الشامل,انحطاط شامل,1,50.00%,,1.0,للانحطاط الشامل,,1.0,
1.4e+18,Appeal to fear/prejudice,1,هناك حصار خارجي مطبق على #لبنان لدفعه للانهيار الشامل,هناك حجر خارجي مُلتصق على لبنان صرف للانهيار عَامّ,4,44.40%,,1.0,هناك تضييق خارجي محكم على #لبنان لجعله يصل للانهيار الكامل,,1.0,
1.4e+18,Appeal to fear/prejudice,2,هناك حصار خارجي مطبق على #لبنان لدفعه للانهيار الشامل,هناك حَجْر خارجي مطبق على صَّعْد نحيّا استكانة شامل,4,44.40%,,1.0,في هذا الصدد يوجد اغلاق خارجي مطبق على #لبنان لدفعه للتداعي الشامل,,1.0,
1.4e+18,Appeal to fear/prejudice,3,هناك حصار خارجي مطبق على #لبنان لدفعه للانهيار الشامل,هناك حصار خارجي مُلصق على منيع لدفعه للانهيار شَّاسع,3,33.30%,,1.0,هناك خناق من جهات خارجية محكم على #لبنان لتوصيله للاستسلام الكافى,,1.0,
1.4e+18,Appeal to fear/prejudice,4,هناك حصار خارجي مطبق على #لبنان لدفعه للانهيار الشامل,هناك حَجْر خارجي مُتقارب على صَّعْد أبعد تداعي كافي,6,66.70%,,1.0,يوجد منع خارجي شديد على #لبنان لدفعه للانهيار التام,,1.0,
1.4e+18,Appeal to fear/prejudice,5,هناك حصار خارجي مطبق على #لبنان لدفعه للانهيار الشامل,هناك تضييق ظاهري مطبق على أَسَد لدفعه انحطاط مكتمل,5,55.60%,,1.0,يوجد انسداد من جهات خارجية مطبق على #لبنان لدفعه للانحطاط الشامل,,1.0,
1.4e+18,Appeal to fear/prejudice,1,البنك الدولي: أزمة لبنان من بين أسوأ 10 أزمات مالية شهدها العالم منذ 1850,مَرْكَز أممي حيرة لبنان من بين أسوأ أزمات مُقَوِّمَاتٌ مَادِّيَّة رؤيةً عالم منذ,5,38.50%,,1.0,المصرف الدولي: كرب لبنان من بين أردأ 10 محن مالية شهدها العالم منذ 1850,,1.0,
1.4e+18,Appeal to fear/prejudice,2,البنك الدولي: أزمة لبنان من بين أسوأ 10 أزمات مالية شهدها العالم منذ 1850,خزانة دولي محنة لبنان من بين أشنع محن مَالِيَّة معاينتها عالم منذ,6,50.00%,,1.0,الخزانة الدولية: مشكلة لبنان من بين أشنع 10 المشاكل المالية التي شهدها العالم منذ 1850,,1.0,
1.4e+18,Appeal to fear/prejudice,3,البنك الدولي: أزمة لبنان من بين أسوأ 10 أزمات مالية شهدها العالم منذ 1850,كَنْز شامل أزمة لبنان من بين أسوأ مآزق مالية شهدها خليقة منذ,4,33.30%,,1.0,البنك العالمي محنة لبنان من بين أبغض 10 أزمات مالية شهدها العالم منذ 1850,,1.0,
1.4e+18,Appeal to fear/prejudice,4,البنك الدولي: أزمة لبنان من بين أسوأ 10 أزمات مالية شهدها العالم منذ 1850,البنك فوق وطني حيرة فينيقيا من بين أبشع كرب مَالِيَّة متابعتها كون منذ,8,61.50%,,1.0,صندوق النقد الدولي: بلاء لبنان من بين أفظع 10 فظائع مالية شهدها العالم منذ 1850,,1.0,
1.4e+18,Appeal to fear/prejudice,5,البنك الدولي: أزمة لبنان من بين أسوأ 10 أزمات مالية شهدها العالم منذ 1850,البنك دوليّة ضيق أرزة من بين أسوأ محن رَوَافِدُ شهدها خليقة منذ,6,50.00%,,1.0,البنك الدولي: ضائقة لبنان من بين أشد 10 ضائقات مالية شهدها العالم منذ 1850,,1.0,
1.4e+18,Appeal to fear/prejudice,5,البنك الدولي: أزمة لبنان من بين أسوأ 10 أزمات مالية شهدها العالم منذ 1850,البنك دوليّة ضيق أرزة من بين أسوأ محن رَوَافِدُ شهدها خليقة منذ,6,50.00%,,1.0,البنك الدولي: ضائقة لبنان من بين أتعس 10 ضائقات مالية شهدها العالم منذ 1850,,1.0,
1.4e+18,Appeal to fear/prejudice,6,البنك الدولي: أزمة لبنان من بين أسوأ 10 أزمات مالية شهدها العالم منذ 1850,مَتْجَر دولي ضيق بلد أرز من بين أسوأ محن مَالِيَّة حضورها عالم منذ,6,46.20%,,1.0,البنك الدولي: محنة لبنان من بين أردى 10 محن مالية شهدها العالم منذ 1850,,1.0,
1.4e+18,Loaded Language,1,أزمة,كرب,1,100.00%,,0.0,كرب,,1.0,
1.4e+18,Loaded Language,2,أزمة,مِحنة,1,100.00%,,0.0,مشكلة,,1.0,
1.4e+18,Loaded Language,3,أزمة,محنة,1,100.00%,,0.0,محنة,,1.0,
1.4e+18,Loaded Language,3,أزمة,محنة,1,100.00%,,0.0,ضائقة,,1.0,
1.4e+18,Loaded Language,4,أزمة,بلاء,1,100.00%,,0.0,بلاء,,1.0,
1.4e+18,Loaded Language,1,أسوأ,أردأ,1,100.00%,,0.0,أردأ,,1.0,
1.4e+18,Loaded Language,2,أسوأ,أردي,1,100.00%,,0.0,أردى,,1.0,
1.4e+18,Loaded Language,3,أسوأ,أقزّم,1,100.00%,,0.0,أشنع,,1.0,
1.4e+18,Loaded Language,1,أسوأ,أردأ,1,100.00%,,0.0,أبغض,,1.0,
1.4e+18,Loaded Language,2,أسوأ,أردي,1,100.00%,,0.0,أفظع,,1.0,
1.4e+18,Loaded Language,3,أسوأ,أقزّم,1,100.00%,,0.0,أشد,,1.0,
1.4e+18,Loaded Language,4,أسوأ,أتعس,1,100.00%,,1.0,أتعس,,1.0,
1.39e+18,Name calling/Labeling,1,الأزهر_الشريف,مُتَأَلِّق سامي,2,100.00%,,,مُتَأَلِّق سامي,,,
1.39e+18,Name calling/Labeling,2,الأزهر_الشريف,مَعْمُور سامي,2,100.00%,,,مَعْمُور سامي,,,
1.39e+18,Name calling/Labeling,3,الأزهر_الشريف,الأزهر حَسَن,1,50.00%,,,الأزهر حَسَن,,,
1.39e+18,Name calling/Labeling,4,الأزهر_الشريف,وَضَّاء شرف,2,100.00%,,,وَضَّاء شرف,,,
1.39e+18,Repetition,1,الأزهر مُجدِّد ومُتجدِّد دائمًا,المنير مجدد ومتجدد في كل حين,2,33.30%,,1.0,المنير مجدد ومتجدد في كل حين,,1.0,
1.39e+18,Repetition,2,الأزهر مُجدِّد ومُتجدِّد دائمًا,الأزهر مُبْدِع مستمر دائمًا,3,75.00%,,1.0,الأزهر مُبْدِع ومبتدع دائمًا,,1.0,
1.39e+18,Repetition,3,الأزهر مُجدِّد ومُتجدِّد دائمًا,المنير مجدد حيوي أبدا,3,75.00%,,1.0,المنير مجدد ومتجدد أبدا,,1.0,
1.39e+18,Repetition,4,الأزهر مُجدِّد ومُتجدِّد دائمًا,المبهج مجدد مُتألق دائماً أبديا,3,60.00%,,1.0,الأزهر تألق ومتألق دائما,,1.0,
1.29e+18,Name calling/Labeling,1,الاستعمار,التوسع,1,100.00%,,,التوسع,,,
1.29e+18,Name calling/Labeling,2,الاستعمار,الضم,1,100.00%,,,الضم,,,
1.29e+18,Name calling/Labeling,3,الاستعمار,الاستحواذ,1,100.00%,,,الاستحواذ,,,
1.29e+18,Name calling/Labeling,4,الاستعمار,الغزو,1,100.00%,,,الغزو,,,
1.29e+18,Name calling/Labeling,1,المناضلين,المقاتلين,1,100.00%,,,المقاتلين,,,
1.29e+18,Name calling/Labeling,2,المناضلين,المحاربين,1,100.00%,,,المحاربين,,,
1.29e+18,Name calling/Labeling,3,المناضلين,الثوار,1,100.00%,,,الثوار,,,
1.29e+18,Name calling/Labeling,4,المناضلين,الشجعان,1,100.00%,,,الشجعان,,,
1.29e+18,Name calling/Labeling,5,المناضلين,الأبطال,1,100.00%,,,الأبطال,,,
1.39e+18,Name calling/Labeling,1,القصف الصهيوني,الإيقاع عنصري,2,100.00%,,,الإيقاع عنصري,,,
1.39e+18,Name calling/Labeling,2,القصف الصهيوني,الإنزال محتل,2,100.00%,,,الإنزال محتل,,,
1.39e+18,Name calling/Labeling,3,القصف الصهيوني,التخريب يهودي,2,100.00%,,,التخريب يهودي,,,
1.39e+18,Name calling/Labeling,4,القصف الصهيوني,الهجوم وطني,2,100.00%,,,الهجوم وطني,,,
1.39e+18,Name calling/Labeling,5,القصف الصهيوني,التخريب إمبريالي,2,100.00%,,,التخريب إمبريالي,,,
1.39e+18,Name calling/Labeling,6,القصف الصهيوني,الإيقاع يهودي,2,100.00%,,,الإيقاع يهودي,,,
1.39e+18,Loaded Language,1,الصهيوني,معتد,1,100.00%,,,معتد,,,
1.39e+18,Loaded Language,2,الصهيوني,زيوني,1,100.00%,,,زيوني,,,
1.39e+18,Loaded Language,3,الصهيوني,محب للصهيونية,1,50.00%,,,محب للصهيونية,,,
1.39e+18,Loaded Language,4,الصهيوني,إسرائيلي,1,100.00%,,,إسرائيلي,,,
1.39e+18,Loaded Language,5,الصهيوني,مستعمر,1,100.00%,,,مستعمر,,,
1.39e+18,Doubt,1, برأيك، هل نجحت الدراما العربية المشتركة في تقديم محتوى متكامل رغم الأزمات الأقتصادية للدول المنتجة له؟,برأيك أنت هل أفلحت دراما حقيقية أم متآلفة في إفصاح محتوى وافٍ رغم أزمات تَّدْبِيرِيَّةُ قَبَائِل مُنبثقة له: في حوزته,11,55.00%,,1.0,برأيك أنت هل أفلحت الدراما العربية في إفصاح محتوى وافٍ رغم الأزمات للبلدان المنتجة له,,1.0,
1.39e+18,Doubt,2, برأيك، هل نجحت الدراما العربية المشتركة في تقديم محتوى متكامل رغم الأزمات الأقتصادية للدول المنتجة له؟,حسب ما تراه هل أصابت دراما عربية متآلفة في كشف مادة متكامل رَغْمَ ذ?لِكَ عَوَارِضُ أقتصادية للدول مُجدية تحت تصرفه,9,45.00%,,1.0,حسب ما تراه هل أصابت الدراما العربية في عرض مادة متكامل رَغْمَ أزمات البلاد المنتجة له,,1.0,
1.39e+18,Doubt,3, برأيك، هل نجحت الدراما العربية المشتركة في تقديم محتوى متكامل رغم الأزمات الأقتصادية للدول المنتجة له؟,برأيك، هل فُزت دراما فصحى معمول بها في إفصاح مُحتوى شيء متكامل رغم نَوَائِبُ الْمَالِ إِقْلِيم مُجدّة ملكه,10,55.60%,,1.0,في تصورك هل نجحت الدراما الفصحى في اخراج محتوى كامل حتى مع أزمات البلدان التي تنتجها,,1.0,
1.39e+18,Doubt,4, برأيك، هل نجحت الدراما العربية المشتركة في تقديم محتوى متكامل رغم الأزمات الأقتصادية للدول المنتجة له؟,في اعتقادك هل أتت ثمارها رواية راقية متوافقة في تطوع مكنونات متكامل رغم عَوَارِضُ أقتصادية أَمْمِيَّة حيويّة لديه,11,61.10%,,1.0,في اعتقادك هل أتت ثمار الدراما العربية في انتاج مادة كاملة رغم ما تمر به البلاد المنتجة لها,,1.0,
1.39e+18,Loaded Language,1,ضحايا,ضحايا مجزرة,1,50.00%,,,ضحايا مجزرة,,,
1.39e+18,Loaded Language,2,ضحايا,خسائر,1,100.00%,,,خسائر,,,
1.39e+18,Loaded Language,3,ضحايا,مذبوحون,1,100.00%,,,مذبوحون,,,
1.39e+18,Loaded Language,4,ضحايا,مصابون,1,100.00%,,,مصابون,,,
1.39e+18,Exaggeration/Minimisation,1,الآلاف من أهالي,الألوف من أهالي,1,33.30%,,1.0,الملايين من الأهالي,,1.0,
1.39e+18,Exaggeration/Minimisation,2,الآلاف من أهالي,الآلاف من أهل,1,33.30%,,1.0,الآلاف من الأهل,,1.0,
1.39e+18,Exaggeration/Minimisation,3,الآلاف من أهالي,الجموع من أقارب,2,66.70%,,1.0,الجموع من الأقارب,,1.0,
1.39e+18,Exaggeration/Minimisation,4,الآلاف من أهالي,الوف من أهالي,1,33.30%,,1.0,الوف من الأهالي,,1.0,
1.39e+18,Name calling/Labeling,1,شهود العيان الحقيقيين,مُشاهدين بادي موثوقين,3,100.00%,,,مُشاهدين بادي موثوقين,,,
1.39e+18,Name calling/Labeling,2,شهود العيان الحقيقيين,مُعاينين واقع فعليين,3,100.00%,,,مُعاينين واقع فعليين,,,
1.39e+18,Name calling/Labeling,3,شهود العيان الحقيقيين,مُعتَمين ظاهر للعيان موثوقين,3,75.00%,,,مُعتَمين ظاهر للعيان موثوقين,,,
1.39e+18,Name calling/Labeling,4,شهود العيان الحقيقيين,شهود عيان صادقين,1,33.30%,,,شهود عيان صادقين,,,
1.36e+18,Loaded Language,1,خطيرة,فَادِحَة,1,100.00%,,0.0,فادحة,,1.0,
1.36e+18,Loaded Language,2,خطيرة,جَلَل,1,100.00%,,1.0,هامة,,1.0,
1.36e+18,Loaded Language,3,خطيرة,مُخَطِّرَة,1,100.00%,,1.0,رهيبة,,1.0,
1.36e+18,Loaded Language,3,خطيرة,مُخَطِّرَة,1,100.00%,,1.0,كبيرة,,1.0,
1.36e+18,Loaded Language,3,خطيرة,مُخَطِّرَة,1,100.00%,,1.0,فارقة,,1.0,
1.36e+18,Loaded Language,3,خطيرة,مُخَطِّرَة,1,100.00%,,1.0,مخطرة,,1.0,
1.36e+18,Loaded Language,4,خطيرة,بَالِغَة,1,100.00%,,1.0,بالغة الخطورة,,1.0,
1.36e+18,Loaded Language,5,خطيرة,مُهِمَّة,1,100.00%,,1.0,مهمة,,1.0,
1.36e+18,Appeal to fear/prejudice,1,في تطورات خطيرة ..طهران ترفض الوساطة الفرنسية وتهاجم أوروبا,في تَغْيِيرات هَامَّة دِّيَار تَستَكْبِرُ تحكيم فرنسية وتهاجم غرب,6,66.70%,,1.0,في تغيرات هامة ..طهران تستكبر الوساطة الفرنسية وتهاجم الغرب,,1.0,
1.36e+18,Appeal to fear/prejudice,2,في تطورات خطيرة ..طهران ترفض الوساطة الفرنسية وتهاجم أوروبا,في تَقَدُّمات كَبِيرَة قَصْد تَدْفَعُ بِحَزْمٍ نيابة أوروبية اِقْتَحَمَت فرنجة,8,80.00%,,1.0,في تقدمات رهيبة ..طهران لا توافق على الوساطة الفرنسية وتهاجم أوروبا,,1.0,
1.36e+18,Appeal to fear/prejudice,2,في تطورات خطيرة ..طهران ترفض الوساطة الفرنسية وتهاجم أوروبا,في تَقَدُّمات كَبِيرَة قَصْد تَدْفَعُ بِحَزْمٍ نيابة أوروبية اِقْتَحَمَت فرنجة,8,80.00%,,1.0,في تقدمات مهمة ..طهران لا توافق على الوساطة الفرنسية وتهاجم أوروبا,,1.0,
1.36e+18,Appeal to fear/prejudice,3,في تطورات خطيرة ..طهران ترفض الوساطة الفرنسية وتهاجم أوروبا,في تَقَدُّمات فَارِقَة قَصْد تَصْدُ صلحية قارية وتهاجم روم,7,77.80%,,1.0,في تطورات بالغة الخطورة ..طهران تنبذ الوساطة الفرنسية وتهاجم أوروبا,,1.0,
1.36e+18,Appeal to fear/prejudice,4,في تطورات خطيرة ..طهران ترفض الوساطة الفرنسية وتهاجم أوروبا,في تطورات كَبِيرَة مَوْطِن ترفض تحكيم فرنسية وتهاجم أوروبا,3,33.30%,,1.0,في مستجدات فادحة ..طهران ترفض الوساطة الفرنسية وتهاجم الفرنجة,,1.0,
1.36e+18,Appeal to fear/prejudice,5,في تطورات خطيرة ..طهران ترفض الوساطة الفرنسية وتهاجم أوروبا,في حَوَادث خطيرة طهران ترفض وساطة قارية تَوَغَّلَت فلقة قمر,4,40.00%,,1.0,في حوادث كبيرة ..طهران لا توافق على الوساطة الفرنسية وتهاجم أوروبا,,1.0,
1.36e+18,Appeal to fear/prejudice,6,في تطورات خطيرة ..طهران ترفض الوساطة الفرنسية وتهاجم أوروبا,في مُستَجِدات فَاخِرَة طهران تَنبَذُ وكالة أوروبية غَزَت روم,7,77.80%,,1.0,في تطورات فارقة ..طهران توقف الوساطة الفرنسية وتهاجم أوروبا,,1.0,
1.36e+18,Appeal to fear/prejudice,5,في تطورات خطيرة ..طهران ترفض الوساطة الفرنسية وتهاجم أوروبا,في حَوَادث خطيرة طهران ترفض وساطة قارية تَوَغَّلَت فلقة قمر,4,40.00%,,1.0,في حوادث كبيرة ..طهران لا توافق على الوساطة الفرنسية وتهاجم أوروبا,,1.0,
1.36e+18,Appeal to fear/prejudice,6,في تطورات خطيرة ..طهران ترفض الوساطة الفرنسية وتهاجم أوروبا,في مُستَجِدات فَاخِرَة طهران تَنبَذُ وكالة أوروبية غَزَت روم,7,77.80%,,1.0,في تطورات مخطرة ..طهران توقف الوساطة الفرنسية وتهاجم أوروبا,,1.0,
1.3e+18,Loaded Language,1,في قلوبنا,في أَفئِدَتُنا,1,50.00%,,,في أَفئِدَتُنا,,,
1.3e+18,Loaded Language,2,في قلوبنا,في أَعْيُنُنا,1,50.00%,,,في أَعْيُنُنا,,,
1.3e+18,Loaded Language,3,في قلوبنا,في وِسادُنا,1,50.00%,,,في وِسادُنا,,,
1.3e+18,Loaded Language,4,في قلوبنا,في مَحَاجِرُنا,1,50.00%,,,في مَحَاجِرُنا,,,
1.3e+18,Loaded Language,5,في قلوبنا,في نِياطُنا,1,50.00%,,,في نِياطُنا,,,
1.3e+18,Loaded Language,6,في قلوبنا,في فؤُادنا,1,50.00%,,,في فؤُادنا,,,
1.3e+18,Loaded Language,1,الشقيق,العشير,1,100.00%,,,العشير,,,
1.3e+18,Loaded Language,2,الشقيق,التوأم,1,100.00%,,,التوأم,,,
1.3e+18,Loaded Language,3,الشقيق,الرفيق,1,100.00%,,,الرفيق,,,
1.3e+18,Loaded Language,4,الشقيق,النظير,1,100.00%,,,النظير,,,
1.3e+18,Loaded Language,5,الشقيق,المماثل,1,100.00%,,,المماثل,,,
1.3e+18,Loaded Language,1,بأهله الطيبين,بأهله مُطهرين,1,50.00%,,,بأهله مُطهرين,,,
1.3e+18,Loaded Language,2,بأهله الطيبين,بأهله مُحسِنين,1,50.00%,,,بأهله مُحسِنين,,,
1.3e+18,Loaded Language,3,بأهله الطيبين,بين أهله مُتَفَضِّلين,2,66.70%,,,بين أهله مُتَفَضِّلين,,,
1.3e+18,Loaded Language,4,بأهله الطيبين,مع ذووه خيِّرين,2,66.70%,,,مع ذووه خيِّرين,,,
1.39e+18,Loaded Language,1,الاغتيال,الاغتياض,1,100.00%,,,الاغتياض,,,
1.39e+18,Loaded Language,2,الاغتيال,الإجهاز,1,100.00%,,,الإجهاز,,,
1.39e+18,Loaded Language,3,الاغتيال,الاغتياب,1,100.00%,,,الاغتياب,,,
1.39e+18,Loaded Language,4,الاغتيال,الإزهاق,1,100.00%,,,الإزهاق,,,
1.39e+18,Loaded Language,5,الاغتيال,القضاء,1,100.00%,,,القضاء,,,
1.39e+18,Loaded Language,6,الاغتيال,الإعدام,1,100.00%,,,الإعدام,,,
1.38e+18,Loaded Language,1,بحق,حقيقةً,1,100.00%,,1.0,من حق,,1.0,
1.38e+18,Loaded Language,2,بحق,واقعًا,1,100.00%,,1.0,حق,,1.0,
1.38e+18,Loaded Language,1,"""خط أحمر""",خط تُرَابِي,1,50.00%,,1.0,خطر,,1.0,
1.38e+18,Loaded Language,2,"""خط أحمر""",خط أَفْوَح,1,50.00%,,1.0,خط لا يمكن تجاوزه,,1.0,
1.38e+18,Loaded Language,3,"""خط أحمر""",خط قِرمِزِي,1,50.00%,,1.0,حد أحمر,,1.0,
1.38e+18,Appeal to fear/prejudice,1,"السيسي يحذر من المساس بحق مصر في مياه النيل ويقول إنها ""خط أحمر""",الفاني يحذر من ملامسة بالفعليّة مصر في مياه/ ماء/ سوائل/ أمواه/ سائل/ مائعة/ مائية/ مروج/ بحار/ أنهار/ محيطات نهر نيل يحكي إنها خط أحمر,6,25.00%,,1.0,"السيسي ينذر من الاقتراب من حق مصر في مياه النيل ويقول إنها ""خط أحمر""",,1.0,
1.38e+18,Appeal to fear/prejudice,2,"السيسي يحذر من المساس بحق مصر في مياه النيل ويقول إنها ""خط أحمر""",الشيخ يخبر من مساس بحق أرض كنانة في مياه مسيل يوضح إنها خط أحمر,5,35.70%,,1.0,"الرئيس المصري يحذر من مساس حق مصر في مياه النيل ويقول إنها ""خطر""",,1.0,
1.38e+18,Appeal to fear/prejudice,3,"السيسي يحذر من المساس بحق مصر في مياه النيل ويقول إنها ""خط أحمر""",المسِن يوجه من محاكاة بحق مهد حضارة في مياه/ ماء/ سوائل/ أمواه/ سائل/ مائعة/ مائية/ مروج/ بحار/ أنهار/ محيطات سيل يقول إنها خط أحمر,7,29.20%,,1.0,"السيسي ينبه من ملامسة حق مصر في نهر النيل ويقول إنها ""خط لا يمكن تجاوزه""",,1.0,
1.38e+18,Appeal to fear/prejudice,4,"السيسي يحذر من المساس بحق مصر في مياه النيل ويقول إنها ""خط أحمر""",المسِن يوضح من مساس واقعاً أرض فراعنة في مياه/ ماء/ سوائل/ أمواه/ سائل/ مائعة/ مائية/ مروج/ بحار/ أنهار/ محيطات مسيل ويقول إنها خط أَقْحَوَاني,7,29.20%,,1.0,"السيسي يتوعد من الاقتراب من حق مصر في نهر النيل ويقول إنها ""حد أحمر""",,1.0,
1.4e+18,Exaggeration/Minimisation,1,"دراسة تكشف عن ""أطول زلزال في العالم"" استمر 32 عاما وربما قتل الآلاف",دراسة ظهر عن أَطْوَلُ رَجَّة في كَونَـكُـبْرَة ثَبَتَ عاما لَعَلَّ قتل آلاف,6,50.00%,,1.0,"دراسة تكشف عن ""أقوى هزة ارضية في العالم"" استمر 32 عاما وربما قتل الآلاف",,1.0,
1.4e+18,Exaggeration/Minimisation,2,"دراسة تكشف عن ""أطول زلزال في العالم"" استمر 32 عاما وربما قتل الآلاف",مُطَالَعَة أبان عن أَرْفَعُ زَلْزَالَة في عالم سَارَ عاما رُبَّ فتك رِّحَلات,8,66.70%,,1.0,"دراسة تكشف عن ""أطول هزة أرضية في العالم"" استمر 32 عاما وربما قتل الآلاف",,1.0,
1.4e+18,Exaggeration/Minimisation,3,"دراسة تكشف عن ""أطول زلزال في العالم"" استمر 32 عاما وربما قتل الآلاف",مَعْرِفَة عرّى عن أطول هَزَّة في عالم استمر عاما رُبَّمَا فتك خَرار,6,50.00%,,1.0,"دراسة تكشف عن ""أشد زلزال في العالم"" استمر 32 عاما وربما قتل الآلاف",,1.0,
1.4e+18,Exaggeration/Minimisation,4,"دراسة تكشف عن ""أطول زلزال في العالم"" استمر 32 عاما وربما قتل الآلاف",تَمْحِيص تكشف عن أَزْيَدُ انْفِجَار في كَونَـكُـبْرَة دَأَبَ عاما لَعَلَّهُ قتل أوف,7,58.30%,,1.0,"دراسة تكشف عن ""أزيد زلزال في العالم"" استمر 32 عاما وربما قتل الآلاف",,1.0,
1.4e+18,Exaggeration/Minimisation,5,"دراسة تكشف عن ""أطول زلزال في العالم"" استمر 32 عاما وربما قتل الآلاف",تَعْمِيق تكشف عن أَرْفَعُ رَجَّة في مَـدَار استمر عاما رُبَّمَا يَكُونُ قتل آلاف,5,38.50%,,1.0,"دراسة تكشف عن ""أمد زلزال في العالم"" استمر 32 عاما وربما قتل الآلاف",,1.0,
1.4e+18,Exaggeration/Minimisation,6,"دراسة تكشف عن ""أطول زلزال في العالم"" استمر 32 عاما وربما قتل الآلاف",مُطَالَعَة أزال ستار عن أطول زلزال في عالم دَأَبَ عاما وربما فتك رَّحَلات,5,38.50%,,1.0,"بحث يكشف عن ""أبعد زلزال في العالم"" استمر 32 عاما وربما قتل الآلاف",,1.0,
1.4e+18,Loaded Language,1,تضامنًا,تأييدًا,1,100.00%,,,تأييدًا,,,
1.4e+18,Loaded Language,2,تضامنًا,تكاتفًا,1,100.00%,,,تكاتفًا,,,
1.4e+18,Loaded Language,3,تضامنًا,تآزرًا,1,100.00%,,,تآزرًا,,,
1.4e+18,Loaded Language,4,تضامنًا,اتحادًا,1,100.00%,,,اتحادًا,,,
1.37e+18,Loaded Language,1,اقتتال,حرب,1,100.00%,,,حرب,,,
1.37e+18,Loaded Language,2,اقتتال,صراع,1,100.00%,,,صراع,,,
1.37e+18,Loaded Language,3,اقتتال,قتال,1,100.00%,,,قتال,,,
1.37e+18,Loaded Language,4,اقتتال,نزال,1,100.00%,,,نزال,,,
1.37e+18,Name calling/Labeling,1,الميليشيات,جماعات,1,100.00%,,,جماعات,,,
1.37e+18,Name calling/Labeling,2,الميليشيات,لجان,1,100.00%,,,لجان,,,
1.37e+18,Name calling/Labeling,3,الميليشيات,خلايا,1,100.00%,,,خلايا,,,
1.37e+18,Name calling/Labeling,4,الميليشيات,ألوية,1,100.00%,,,ألوية,,,
1.37e+18,Name calling/Labeling,5,الميليشيات,تشكيلات,1,100.00%,,,تشكيلات,,,
1.37e+18,Loaded Language,1,يهدد,يُلوّح,1,100.00%,,,يُلوّح,,,
1.37e+18,Loaded Language,2,يهدد,يتوعّد,1,100.00%,,,يتوعّد,,,
1.37e+18,Loaded Language,3,يهدد,يُهدّد,1,100.00%,,,يُهدّد,,,
1.37e+18,Loaded Language,4,يهدد,يُحذر,1,100.00%,,,يُحذر,,,
1.37e+18,Loaded Language,5,يهدد,يُبَوِّئ,1,100.00%,,,يُبَوِّئ,,,
1.4e+18,Loaded Language,1,مريض نفسياً,خَارِج وجدانًا,2,100.00%,,,خَارِج وجدانًا,,,
1.4e+18,Loaded Language,2,مريض نفسياً,مُسْتَسْقِم حسيا,2,100.00%,,,مُسْتَسْقِم حسيا,,,
1.4e+18,Loaded Language,3,مريض نفسياً,مُتَوَجِّع شعوريا,2,100.00%,,,مُتَوَجِّع شعوريا,,,
1.4e+18,Loaded Language,4,مريض نفسياً,مُعْتَل نفسويا,2,100.00%,,,مُعْتَل نفسويا,,,
1.4e+18,Loaded Language,5,مريض نفسياً,مُسْتَسْقِم شعوريا,2,100.00%,,,مُسْتَسْقِم شعوريا,,,
1.4e+18,Name calling/Labeling,1,مريض نفسياً,نَتِن نفسيًا,2,100.00%,,,نَتِن نفسيًا,,,
1.4e+18,Name calling/Labeling,2,مريض نفسياً,مُتَوَجِّع ذهنيًا,2,100.00%,,,مُتَوَجِّع ذهنيًا,,,
1.4e+18,Name calling/Labeling,3,مريض نفسياً,حَبِيط عقليًا,2,100.00%,,,حَبِيط عقليًا,,,
1.4e+18,Name calling/Labeling,4,مريض نفسياً,مُعْوِج نفسيا,1,50.00%,,,مُعْوِج نفسيا,,,
1.4e+18,Name calling/Labeling,5,مريض نفسياً,مريض وجدانيًا,1,50.00%,,,مريض وجدانيًا,,,
1.4e+18,Name calling/Labeling,6,مريض نفسياً,عليل روحانيًا,2,100.00%,,,عليل روحانيًا,,,
1.4e+18,Loaded Language,1,الدمار,دمار شامل,1,50.00%,,,دمار شامل,,,
1.4e+18,Loaded Language,2,الدمار,حريق,1,100.00%,,,حريق,,,
1.4e+18,Loaded Language,3,الدمار,هلاك,1,100.00%,,,هلاك,,,
1.4e+18,Loaded Language,4,الدمار,خراب سماوي,1,50.00%,,,خراب سماوي,,,
1.4e+18,Loaded Language,5,الدمار,فساد,1,100.00%,,,فساد,,,
1.4e+18,Loaded Language,6,الدمار,خريبة,1,100.00%,,,خريبة,,,
1.4e+18,Name calling/Labeling,1,صاحب السمو,رفيق درب سمو,1,33.30%,,,رفيق درب سمو,,,
1.4e+18,Name calling/Labeling,2,صاحب السمو,صديق سمو,1,50.00%,,,صديق سمو,,,
1.4e+18,Name calling/Labeling,3,صاحب السمو,صاحب قمة,1,50.00%,,,صاحب قمة,,,
1.4e+18,Name calling/Labeling,4,صاحب السمو,صاحب عظمة,1,50.00%,,,صاحب عظمة,,,
1.4e+18,Name calling/Labeling,5,صاحب السمو,رفيق عمر علو,2,66.70%,,,رفيق عمر علو,,,
1.4e+18,Name calling/Labeling,6,صاحب السمو,صاحب مجد,1,50.00%,,,صاحب مجد,,,
1.39e+18,Loaded Language,1,مسرح جيل جديد,سَاحَةُ الْقِتَالِ كوكبة جديد,2,50.00%,,0.0,مكان جيل جديد,,,
1.39e+18,Loaded Language,2,مسرح جيل جديد,مسرح أمة جديد,1,33.30%,,0.0,مسرح أمة جديدة,,,
1.39e+18,Loaded Language,3,مسرح جيل جديد,مسرح جيل حالي,1,33.30%,,0.0,مسرح جيل قادم,,,
1.39e+18,Loaded Language,4,مسرح جيل جديد,مسرح جيل حديث ولادة أو نشأة,1,16.70%,,0.0,مسرح جيل حديث الولادة أو النشأة,,,
1.39e+18,Loaded Language,2,مسرح جيل جديد,مسرح أمة جديد,1,33.30%,,1.0,موقع شعب جديد,,,
1.39e+18,Loaded Language,3,مسرح جيل جديد,مسرح جيل حالي,1,33.30%,,1.0,تجمع فوج جديد,,,
1.39e+18,Loaded Language,4,مسرح جيل جديد,مسرح جيل حديث ولادة أو نشأة,1,16.70%,,1.0,مسرح مجموعة جديدة,,,
1.39e+18,Loaded Language,2,مسرح جيل جديد,مسرح أمة جديد,1,33.30%,,1.0,مجمع جيل مستجد,,,
1.39e+18,Loaded Language,3,مسرح جيل جديد,مسرح جيل حالي,1,33.30%,,1.0,مسرح جماعة جديدة,,1.0,
1.39e+18,Loaded Language,3,الجهاديين,المحاربين,1,100.00%,,0.0,المحاربين,,1.0,
1.39e+18,Loaded Language,4,الجهاديين,المقاتلين شرسين,1,50.00%,,0.0,المقاتلين الشرسين,,1.0,
1.39e+18,Loaded Language,5,الجهاديين,المقاومين,1,100.00%,,0.0,المقاومين,,1.0,
1.39e+18,Loaded Language,3,الجهاديين,المحاربين,1,100.00%,,1.0,الارهابيين,,1.0,
1.39e+18,Loaded Language,4,الجهاديين,المقاتلين شرسين,1,50.00%,,1.0,الانتحاريين,,1.0,
1.39e+18,Loaded Language,4,الجهاديين,المقاتلين شرسين,1,50.00%,,1.0,المقاتلين,,1.0,
1.39e+18,Loaded Language,5,الجهاديين,المقاومين,1,100.00%,,1.0,الفرسان,,1.0,
1.39e+18,Loaded Language,1,جهادي,مقاوم,1,100.00%,,1.0,محارب,,1.0,
1.39e+18,Loaded Language,2,جهادي,فدائي,1,100.00%,,1.0,مقاتل شرس,,1.0,
1.39e+18,Loaded Language,3,جهادي,مناضل,1,100.00%,,1.0,مقاوم,,1.0,
1.39e+18,Loaded Language,4,جهادي,مجاهد,1,100.00%,,1.0,إرهابي,,1.0,
1.39e+18,Loaded Language,5,جهادي,مغوار,1,100.00%,,1.0,انتحاري,,1.0,
1.39e+18,Loaded Language,4,جهادي,مجاهد,1,100.00%,,1.0,مقاتب,,1.0,
1.39e+18,Loaded Language,5,جهادي,مغوار,1,100.00%,,1.0,فارس,,1.0,
1.39e+18,Name calling/Labeling,1,الجهاديين,المجاهدون في سبيل له,1,25.00%,,0.0,المحاربين,,1.0,
1.39e+18,Name calling/Labeling,2,الجهاديين,المدافعين عن عقيدة,1,33.30%,,0.0,المقاتلين الشرسين,,1.0,
1.39e+18,Name calling/Labeling,3,الجهاديين,المجاهدين,1,100.00%,,0.0,المقاومين,,1.0,
1.39e+18,Name calling/Labeling,4,الجهاديين,المقاتلون متدينون,1,50.00%,,1.0,الارهابيين,,1.0,
1.39e+18,Name calling/Labeling,5,الجهاديين,جنود له,1,50.00%,,1.0,الانتحاريين,,1.0,
1.39e+18,Name calling/Labeling,4,الجهاديين,المقاتلون متدينون,1,50.00%,,1.0,المقاتلين,,1.0,
1.39e+18,Name calling/Labeling,5,الجهاديين,جنود له,1,50.00%,,1.0,الفرسان,,1.0,
1.39e+18,Name calling/Labeling,1,حكيم_القروي,حَكَم بَوَادِي,2,100.00%,,,حَكَم بَوَادِي,,,
1.39e+18,Name calling/Labeling,2,حكيم_القروي,حَكَم قروي,1,50.00%,,,حَكَم قروي,,,
1.39e+18,Name calling/Labeling,3,حكيم_القروي,مُبْدِع بدوى,2,100.00%,,,مُبْدِع بدوى,,,
1.39e+18,Name calling/Labeling,4,حكيم_القروي,فَهِيم قروي,1,50.00%,,,فَهِيم قروي,,,
1.39e+18,Name calling/Labeling,5,حكيم_القروي,خَبِير فلاح,2,100.00%,,,خَبِير فلاح,,,
1.39e+18,Name calling/Labeling,6,حكيم_القروي,خَبِير قروي,1,50.00%,,,خَبِير قروي,,,
1.39e+18,Appeal to fear/prejudice,1,#فرنسا قد تكون مسرح جيل جديد من الجهاديين وهناك 10 آلاف جهادي محتمل على أراضيها,فرنسة قد تكون سَاحَةٌ شعب جديد من مُجاهدين في ذلك مكان آلاف جهادي رجحان على بقاعها,7,43.80%,,1.0,#فرنسا قد تكون مكان جيل جديد من الارهابيين وهناك 10 آلاف ارهابي متوقع على أراضيها,,1.0,
1.39e+18,Appeal to fear/prejudice,2,#فرنسا قد تكون مسرح جيل جديد من الجهاديين وهناك 10 آلاف جهادي محتمل على أراضيها,فرنسا قد تكون مَحْفِلٌ قوم بكر من مُخلصين و هناكَ عدّ مناضل مائل على سهولها,9,60.00%,,1.0,#فرنسا قد تكون مسرح مجموعة جديدة من الانتحاريين وهناك 10 آلاف انتحاري محتمل على أراضيها,,1.0,
1.39e+18,Appeal to fear/prejudice,3,#فرنسا قد تكون مسرح جيل جديد من الجهاديين وهناك 10 آلاف جهادي محتمل على أراضيها,فَرَنْسِيَّة قد تكون مَوْقِعٌ جيل جديد من فُرسان ثمَّة جموع جهادي رجح على مساحاتها,7,50.00%,,1.0,#فرنسا قد تكون موقع شعب جديد من المناضلين وهناك 10 آلاف مناضل محتمل على سهولها,,1.0,
1.39e+18,Appeal to fear/prejudice,4,#فرنسا قد تكون مسرح جيل جديد من الجهاديين وهناك 10 آلاف جهادي محتمل على أراضيها,فرنسا قد تكون مسرح خَلْفَة حديث ولادة من فُرسان في ذاك موضع آلاف جهادي محتمل على أوجها,5,29.40%,,1.0,#فرنسا قد تكون تجمع فوج جديد من المقاومين وهناك 10 آلاف مقاوم متوقع على أراضيها,,1.0,1.0
1.39e+18,Appeal to fear/prejudice,5,#فرنسا قد تكون مسرح جيل جديد من الجهاديين وهناك 10 آلاف جهادي محتمل على أراضيها,فرنسا قد تكون مسرح فوج أخّاذ من جهاديين عند ذاك مكان جمهور جهادي محتمل على سهولها,5,31.20%,,1.0,#فرنسا قد تكون مجمع جيل مستجد من المقاتلين الشرسين وهناك 10 آلاف مقاتل شرس محتمل على أراضيها,,1.0,1.0
1.39e+18,Appeal to fear/prejudice,3,#فرنسا قد تكون مسرح جيل جديد من الجهاديين وهناك 10 آلاف جهادي محتمل على أراضيها,فَرَنْسِيَّة قد تكون مَوْقِعٌ جيل جديد من فُرسان ثمَّة جموع جهادي رجح على مساحاتها,7,50.00%,,1.0,#فرنسا قد تكون مسرح أمة جديدة من المحاربين وهناك 10 آلاف محارب محتمل على سهولها,,1.0,1.0
1.39e+18,Appeal to fear/prejudice,4,#فرنسا قد تكون مسرح جيل جديد من الجهاديين وهناك 10 آلاف جهادي محتمل على أراضيها,فرنسا قد تكون مسرح خَلْفَة حديث ولادة من فُرسان في ذاك موضع آلاف جهادي محتمل على أوجها,5,29.40%,,1.0,#فرنسا قد تكون مسرح جيل قادم من المقاومين وهناك 10 آلاف مقاوم متوقع على أراضيها,,1.0,1.0
1.39e+18,Appeal to fear/prejudice,5,#فرنسا قد تكون مسرح جيل جديد من الجهاديين وهناك 10 آلاف جهادي محتمل على أراضيها,فرنسا قد تكون مسرح فوج أخّاذ من جهاديين عند ذاك مكان جمهور جهادي محتمل على سهولها,5,31.20%,,1.0,#فرنسا قد تكون مسرح جيل حديث الولادة أو النشأة من المقاتلين وهناك 10 آلاف مقاتل محتمل على أراضيها,,1.0,
1.39e+18,Appeal to fear/prejudice,6,#فرنسا قد تكون مسرح جيل جديد من الجهاديين وهناك 10 آلاف جهادي محتمل على أراضيها,فَرَنْسَا قد تكون مَجْمَعٌ خَلْفَة مُستجد من فُرسان وهناك آلاف مجاهد محتمل على أراضيها,6,42.90%,,1.0,#فرنسا قد تكون مسرح جماعة جديدة من الفرسان وهناك 10 آلاف فارس محتمل على أراضيها,,1.0,
1.4e+18,Name calling/Labeling,1,جلالة السلطان,جلالة سيد,1,50.00%,,,جلالة سيد,,,
1.4e+18,Name calling/Labeling,2,جلالة السلطان,سـلطان سلطان,1,50.00%,,,سـلطان سلطان,,,
1.4e+18,Name calling/Labeling,3,جلالة السلطان,عظمة سيادة,2,100.00%,,,عظمة سيادة,,,
1.4e+18,Name calling/Labeling,4,جلالة السلطان,جلالة سلطانة,1,50.00%,,,جلالة سلطانة,,,
1.4e+18,Name calling/Labeling,5,جلالة السلطان,مهابة سيد,2,100.00%,,,مهابة سيد,,,
1.4e+18,Name calling/Labeling,6,جلالة السلطان,سـلطان سيادة,2,100.00%,,,سـلطان سيادة,,,
1.39e+18,Name calling/Labeling,1,خنساء غزة,أبو قردان منعة,2,66.70%,,,أبو قردان منعة,,,
1.39e+18,Name calling/Labeling,2,خنساء غزة,شاهين معقل,2,100.00%,,,شاهين معقل,,,
1.39e+18,Name calling/Labeling,3,خنساء غزة,الوصيف غزة,1,50.00%,,,الوصيف غزة,,,
1.39e+18,Name calling/Labeling,4,خنساء غزة,أبو قردان قلعة,2,66.70%,,,أبو قردان قلعة,,,
1.39e+18,Name calling/Labeling,5,خنساء غزة,الوصيف منعة,2,100.00%,,,الوصيف منعة,,,
1.39e+18,Name calling/Labeling,1,شهيداً,فَدائي,1,100.00%,,,فَدائي,,,
1.39e+18,Name calling/Labeling,2,شهيداً,قُرْبَان,1,100.00%,,,قُرْبَان,,,
1.39e+18,Name calling/Labeling,3,شهيداً,مُضَحّ,1,100.00%,,,مُضَحّ,,,
1.39e+18,Name calling/Labeling,4,شهيداً,مَوْفُور,1,100.00%,,,مَوْفُور,,,
1.39e+18,Loaded Language,1,فداءً,عَطاء,1,100.00%,,,عَطاء,,,
1.39e+18,Loaded Language,2,فداءً,فِدْية,1,100.00%,,,فِدْية,,,
1.39e+18,Loaded Language,3,فداءً,بَذْل,1,100.00%,,,بَذْل,,,
1.33e+18,Name calling/Labeling,1,الضحايا,القتلى,1,100.00%,,,القتلى,,,
1.33e+18,Name calling/Labeling,2,الضحايا,المصابون,1,100.00%,,,المصابون,,,
1.33e+18,Name calling/Labeling,3,الضحايا,المنكوبون,1,100.00%,,,المنكوبون,,,
1.33e+18,Name calling/Labeling,4,الضحايا,الهالكون,1,100.00%,,,الهالكون,,,
1.4e+18,Loaded Language,1,لحظات الحزن والألم,ثوان غم عَذاب,3,100.00%,,,ثوان غم عَذاب,,,
1.4e+18,Loaded Language,2,لحظات الحزن والألم,أوقاة غم والألم,2,66.70%,,,أوقاة غم والألم,,,
1.4e+18,Loaded Language,3,لحظات الحزن والألم,لحظة ألم أَزْم,3,100.00%,,,لحظة ألم أَزْم,,,
1.4e+18,Loaded Language,4,لحظات الحزن والألم,دقائق قنوط عَذاب,3,100.00%,,,دقائق قنوط عَذاب,,,
1.4e+18,Glittering generalities (Virtue),1,"المقــــاومة وضعت ""إسرائيل"" في مأزق تاريخي لم يسبق له مثيل",الممانعة أَوْدَع إسرائيل في ضِيق مَرْوِيّ لم تَفَوَّقَ له نظيرٌ مثيلٌ,6,54.50%,,1.0,الممانعة أَوْدَعت إسرائيل في ضيق كبير ليس له نظيرٌ ولا مثيلٌ,,1.0,1.0
1.4e+18,Glittering generalities (Virtue),2,"المقــــاومة وضعت ""إسرائيل"" في مأزق تاريخي لم يسبق له مثيل",المقــــاومة أَرْسَى سِبْطُ لَّهِ في مُعَضْلَة تاريخي لم يسبق له مشابه,4,36.40%,,1.0,"الصلابة جعلت ""إسرائيل"" في أزمة تاريخية لم يكن له مثيل",,1.0,1.0
1.4e+18,Glittering generalities (Virtue),3,"المقــــاومة وضعت ""إسرائيل"" في مأزق تاريخي لم يسبق له مثيل",الصلابة أَوْدَع بَنُو إِسْرَائِيل في مُعَضْلَة تاريخي لم تَعَدَّى له مماثِلٌ,6,54.50%,,1.0,"المقــــاومة أوقعت ""إسرائيل"" في حيرة عالمية لم يسبق لها نظير",,1.0,
1.4e+18,Glittering generalities (Virtue),4,"المقــــاومة وضعت ""إسرائيل"" في مأزق تاريخي لم يسبق له مثيل",المقــــاومة وضعت سِبْط في مَأْزَمَة مَرْوِيّ لم فَزَّ له نظير,5,50.00%,,1.0,"الممانعة وضعت ""إسرائيل"" في محنة لم تمر على تاريخها لم يعد له شبيه",,1.0,
1.4e+18,Glittering generalities (Virtue),5,"المقــــاومة وضعت ""إسرائيل"" في مأزق تاريخي لم يسبق له مثيل",الممانعة وضعت بَيْتُ إِسْرَائِيل في مُحَنَة مَعْلُوم لم تَعَدَّى له شبيه,6,54.50%,,1.0,"المقــــاومة أودعت ""إسرائيل"" في احتياج سيخلده التاريخ لم تعدي له مثيل",,1.0,1.0
1.4e+18,Loaded Language,1,مأزق,مُضِيقَة,1,100.00%,,1.0,أزمة,,1.0,1.0
1.4e+18,Loaded Language,2,مأزق,ضِيق,1,100.00%,,1.0,ضيق ,,1.0,1.0
1.4e+18,Loaded Language,1,مأزق,مُضِيقَة,1,100.00%,,1.0,حيرة,,1.0,1.0
1.4e+18,Loaded Language,2,مأزق,ضِيق,1,100.00%,,1.0,محنة,,1.0,1.0
1.4e+18,Loaded Language,3,مأزق,احْتِيَاج,1,100.00%,,1.0,احتياج,,1.0,1.0
1.4e+18,Name calling/Labeling,1,مأزق تاريخي لم يسبق له مثيل,مأزق تراثي لم يَسبق به له مضارع,3,42.90%,,1.0,ضيق كبير ليس له نظيرٌ ولا مثيلٌ,,1.0,
1.4e+18,Name calling/Labeling,2,مأزق تاريخي لم يسبق له مثيل,ضَيِّق مَرْحَلي لم يَسبق له نظير,4,66.70%,,1.0,أزمة تاريخية لم يكن له مثيل,,1.0,
1.4e+18,Name calling/Labeling,3,مأزق تاريخي لم يسبق له مثيل,مأزق تاريخي لم يتقدم له شبيه,2,33.30%,,1.0,حيرة عالمية لم يسبق لها نظير,,1.0,
1.4e+18,Name calling/Labeling,4,مأزق تاريخي لم يسبق له مثيل,ضِيقَة تاريخي لم يتقدم له نظير,3,50.00%,,1.0,محنة لم تمر على تاريخها لم يعد له شبيه,,1.0,
1.4e+18,Name calling/Labeling,5,مأزق تاريخي لم يسبق له مثيل,مأزق عتيق لم يسبق له مثنًى,2,33.30%,,1.0,احتياج سيخلده التاريخ لم تعدي له مثيل,,1.0,
1.39e+18,Loaded Language,1,مجازر,مسالخ,1,100.00%,,,مسالخ,,,
1.39e+18,Loaded Language,2,مجازر,معاركُ,1,100.00%,,,معاركُ,,,
1.39e+18,Loaded Language,3,مجازر,مذبحة,1,100.00%,,,مذبحة,,,
1.39e+18,Loaded Language,4,مجازر,مقابرُ,1,100.00%,,,مقابرُ,,,
1.39e+18,Loaded Language,5,مجازر,مذابحَ,1,100.00%,,,مذابحَ,,,
1.39e+18,Loaded Language,6,مجازر,مجازرُ,1,100.00%,,,مجازرُ,,,
1.39e+18,Loaded Language,1,محفورة في ذاكرتنا,منحوتة في ذاكرتنا,1,33.30%,,,منحوتة في ذاكرتنا,,,
1.39e+18,Loaded Language,2,محفورة في ذاكرتنا,مجسدة في مَخزَمَةُ أحداث,2,50.00%,,,مجسدة في مَخزَمَةُ أحداث,,,
1.39e+18,Loaded Language,3,محفورة في ذاكرتنا,محفورة في مُخزوننا,1,33.30%,,,محفورة في مُخزوننا,,,
1.39e+18,Loaded Language,4,محفورة في ذاكرتنا,مصوغة في عالَمُ ذكريات,2,50.00%,,,مصوغة في عالَمُ ذكريات,,,
1.4e+18,Loaded Language,1,العدوان,الإيذاء,1,100.00%,,0.0,الإيذاء,,1.0,
1.4e+18,Loaded Language,2,العدوان,الغزو,1,100.00%,,0.0,الغزو,,1.0,
1.4e+18,Loaded Language,2,العدوان,الغزو,1,100.00%,,1.0,القتال,,1.0,
1.4e+18,Glittering generalities (Virtue),1,مصر تُدخل اليوم 35 آلية لغزة لإزالة آثار ركام العدوان وتسريع الإعمار,أرض فراعنة انغماس يوم آلاتية عَزَّةُ نزع آثار ركام قتال إسراع إعمار,7,58.30%,,1.0,أرض الفراعنة تُدخل اليوم 35 آلية لغزة لنزع علامات ركام القتال وتسريع الإعمار,,1.0,
1.4e+18,Glittering generalities (Virtue),2,مصر تُدخل اليوم 35 آلية لغزة لإزالة آثار ركام العدوان وتسريع الإعمار,محروسة اقحام يوم آلية لغزة حذف آثار مُتَحَطِّم حرب تعجيلٌ إعمار,6,54.50%,,1.0,الحروسة تُدخل اليوم العشرات من الآليات لغزة لإزالة علامات حطام الإيذاء وتعجيل الإعمار,,1.0,
1.4e+18,Glittering generalities (Virtue),3,مصر تُدخل اليوم 35 آلية لغزة لإزالة آثار ركام العدوان وتسريع الإعمار,محروسة تدخل يوم طريقة عَزَّةُ حذف أثار دَكَام غزو وتسريع تنمية,8,72.70%,,1.0,ام الدنيا تُدخل اليوم مجموعة آليات لغزة لسحب سمات ركام الغزو وتسريع التنمية,,1.0,
1.4e+18,Loaded Language,1,آثار ركام العدوان,سِمَات خَرِبَة بطش,3,100.00%,,1.0,علامات ركام القتال,,1.0,
1.4e+18,Loaded Language,2,آثار ركام العدوان,مَوَاقِع خرائب غزو,3,100.00%,,1.0,علامات حطام الإيذاء,,1.0,
1.4e+18,Loaded Language,3,آثار ركام العدوان,علامات ركام بطش,2,66.70%,,1.0,سمات ركام الغزو,,1.0,
1.38e+18,Name calling/Labeling,1,شهر الخير,موسم سعادة,2,100.00%,,,موسم سعادة,,,
1.38e+18,Name calling/Labeling,2,شهر الخير,موسم جود,2,100.00%,,,موسم جود,,,
1.38e+18,Name calling/Labeling,3,شهر الخير,عَهْد فضل,2,100.00%,,,عَهْد فضل,,,
1.38e+18,Name calling/Labeling,4,شهر الخير,موسم فضل,2,100.00%,,,موسم فضل,,,
1.38e+18,Loaded Language,1,ابتزاز,استغلال,1,100.00%,,,استغلال,,,
1.38e+18,Loaded Language,2,ابتزاز,استنزاف,1,100.00%,,,استنزاف,,,
1.38e+18,Loaded Language,3,ابتزاز,انتهاز,1,100.00%,,,انتهاز,,,
1.38e+18,Loaded Language,4,ابتزاز,ابتهاز,1,100.00%,,,ابتهاز,,,
1.38e+18,Loaded Language,1,ضغوط ,ضَيْق,1,100.00%,,,ضَيْق,,,
1.38e+18,Loaded Language,2,ضغوط ,ضَغْط,1,100.00%,,,ضَغْط,,,
1.38e+18,Loaded Language,3,ضغوط ,إِرْهَاب,1,100.00%,,,إِرْهَاب,,,
1.38e+18,Loaded Language,4,ضغوط ,ضِيق,1,100.00%,,,ضِيق,,,
1.38e+18,Loaded Language,5,ضغوط ,مَكَرُوه,1,100.00%,,,مَكَرُوه,,,
1.37e+18,Name calling/Labeling,1,جلسة تاريخية,اجتماعية رَسْمِيَّة,2,100.00%,,,اجتماعية رَسْمِيَّة,,,
1.37e+18,Name calling/Labeling,2,جلسة تاريخية,جلسة رَسْمِيَّة,1,50.00%,,,جلسة رَسْمِيَّة,,,
1.37e+18,Name calling/Labeling,3,جلسة تاريخية,جلسةُ مجلس تاريخية,1,33.30%,,,جلسةُ مجلس تاريخية,,,
1.37e+18,Name calling/Labeling,4,جلسة تاريخية,مجلسة مَاضِوِيَّة,2,100.00%,,,مجلسة مَاضِوِيَّة,,,
1.37e+18,Name calling/Labeling,5,جلسة تاريخية,جلسةُ مجلس رَسْمِيَّة,2,66.70%,,,جلسةُ مجلس رَسْمِيَّة,,,
1.39e+18,Name calling/Labeling,1,رشقة صاروخية,سهـام عسكرية,2,100.00%,,,سهـام عسكرية,,,
1.39e+18,Name calling/Labeling,2,رشقة صاروخية,سهمـا قذيفية,2,100.00%,,,سهمـا قذيفية,,,
1.39e+18,Name calling/Labeling,3,رشقة صاروخية,طلقـة حربية,2,100.00%,,,طلقـة حربية,,,
1.39e+18,Name calling/Labeling,4,رشقة صاروخية,رشقة عسكرية,1,50.00%,,,رشقة عسكرية,,,
1.39e+18,Name calling/Labeling,1,الأراضي الفلسطينية المحتلة,الجنان مُهَجَّرَةً مُسْتَخْدَمة,3,100.00%,,,الجنان مُهَجَّرَةً مُسْتَخْدَمة,,,
1.39e+18,Name calling/Labeling,2,الأراضي الفلسطينية المحتلة,الأراضي فِلَسْطِينِيَّةً مُغتصبة,2,66.70%,,,الأراضي فِلَسْطِينِيَّةً مُغتصبة,,,
1.39e+18,Name calling/Labeling,3,الأراضي الفلسطينية المحتلة,الأماكن شَرْقِيَّةً مَغْصوبة,3,100.00%,,,الأماكن شَرْقِيَّةً مَغْصوبة,,,
1.39e+18,Name calling/Labeling,4,الأراضي الفلسطينية المحتلة,الأراضي مُهَجَّرَةً مُسْتَعْمَرة,2,66.70%,,,الأراضي مُهَجَّرَةً مُسْتَعْمَرة,,,
1.39e+18,Name calling/Labeling,5,الأراضي الفلسطينية المحتلة,البقاع مُقَاوِمَةً محتلة,2,66.70%,,,البقاع مُقَاوِمَةً محتلة,,,
1.39e+18,Name calling/Labeling,6,الأراضي الفلسطينية المحتلة,الأراضي جُذُورِيَّةً مَنْكوحة,2,66.70%,,,الأراضي جُذُورِيَّةً مَنْكوحة,,,
1.39e+18,Name calling/Labeling,1,المقاومة,التصدي,1,100.00%,,,التصدي,,,
1.39e+18,Name calling/Labeling,2,المقاومة,الحصانة,1,100.00%,,,الحصانة,,,
1.39e+18,Name calling/Labeling,3,المقاومة,الممانعة,1,100.00%,,,الممانعة,,,
1.39e+18,Name calling/Labeling,4,المقاومة,الثبات,1,100.00%,,,الثبات,,,
1.39e+18,Name calling/Labeling,5,المقاومة,الصدّ,1,100.00%,,,الصدّ,,,
1.39e+18,Slogans,1,#غزة_تحت_القصف,غزة تحت رمي,1,33.30%,1.0,1.0,غزة تحت مرمى النار,,,
1.39e+18,Slogans,2,#غزة_تحت_القصف,غزة تحت إغارة,1,33.30%,1.0,1.0,غزة تحت الإغارة,,,
1.39e+18,Slogans,3,#غزة_تحت_القصف,غزة تحت تطهير,1,33.30%,1.0,1.0,غزة تحت التطهير,,,
1.39e+18,Slogans,4,#غزة_تحت_القصف,معقل تحت قنص,2,66.70%,1.0,1.0,غزة تحت القنص,,,
1.39e+18,Slogans,5,#غزة_تحت_القصف,غزة تحت تخريب,1,33.30%,1.0,1.0,غزة تحت التخريب,,,
1.39e+18,Slogans,6,#غزة_تحت_القصف,عزيمة تحت قصف,1,33.30%,1.0,1.0,عزيمة تحت القصف,,,
1.39e+18,Name calling/Labeling,1,الاحتلال الاسرائيلي,الاحتلال صهيوني,1,50.00%,,,الاحتلال صهيوني,,,
1.39e+18,Name calling/Labeling,2,الاحتلال الاسرائيلي,الاستيلاء حيفاوي,2,100.00%,,,الاستيلاء حيفاوي,,,
1.39e+18,Name calling/Labeling,3,الاحتلال الاسرائيلي,الاحتلال خليلي,1,50.00%,,,الاحتلال خليلي,,,
1.39e+18,Name calling/Labeling,4,الاحتلال الاسرائيلي,الهيمنة صهيوني,2,100.00%,,,الهيمنة صهيوني,,,
1.37e+18,Loaded Language,1,في ذمة الله,في عهد فرد,2,66.70%,,,في عهد فرد,,,
1.37e+18,Loaded Language,2,في ذمة الله,في رَعَاية ـمُعْـتَـقَـد,2,66.70%,,,في رَعَاية ـمُعْـتَـقَـد,,,
1.37e+18,Loaded Language,3,في ذمة الله,في كفالة مهيمن,2,66.70%,,,في كفالة مهيمن,,,
1.37e+18,Loaded Language,4,في ذمة الله,في ذمة ـمُعْـتَـقَـد,1,33.30%,,,في ذمة ـمُعْـتَـقَـد,,,
1.37e+18,Loaded Language,5,في ذمة الله,في ضمان واحد,2,66.70%,,,في ضمان واحد,,,
1.39e+18,Loaded Language,1,متضامنون,متفقون,1,100.00%,,,متفقون,,,
1.39e+18,Loaded Language,2,متضامنون,متعاضدون,1,100.00%,,,متعاضدون,,,
1.39e+18,Loaded Language,3,متضامنون,متآزرون,1,100.00%,,,متآزرون,,,
1.39e+18,Loaded Language,4,متضامنون,متلاحمون,1,100.00%,,,متلاحمون,,,
1.39e+18,Loaded Language,5,متضامنون,متكاتفون,1,100.00%,,,متكاتفون,,,
1.39e+18,Loaded Language,6,متضامنون,متضافرون,1,100.00%,,,متضافرون,,,
1.4e+18,Loaded Language,1,العزة,العظمة,1,100.00%,1.0,0.0,العظمة,,,
1.4e+18,Loaded Language,2,العزة,الفخار,1,100.00%,1.0,0.0,الفخار,,,
1.4e+18,Loaded Language,5,العزة,العلو,1,100.00%,1.0,0.0,العلو,,,
1.4e+18,Name calling/Labeling,1,سمو الأمير,بهاء أمير,1,50.00%,,,بهاء أمير,,,
1.4e+18,Name calling/Labeling,2,سمو الأمير,ارتقاء حاكم,2,100.00%,,,ارتقاء حاكم,,,
1.4e+18,Name calling/Labeling,3,سمو الأمير,ارتفاع أمير,1,50.00%,,,ارتفاع أمير,,,
1.4e+18,Name calling/Labeling,4,سمو الأمير,سمو والي,1,50.00%,,,سمو والي,,,
1.4e+18,Name calling/Labeling,5,سمو الأمير,ارتقاء أمير,1,50.00%,,,ارتقاء أمير,,,
1.4e+18,Name calling/Labeling,6,سمو الأمير,جلال مُقَدَّم,2,100.00%,,,جلال مُقَدَّم,,,
1.4e+18,Glittering generalities (Virtue),1,الأمن والعزة والنصر.. لشعب فلسطين,الاستقرار والعزة سؤدد مجتمع فلسطين,3,60.00%,1.0,1.0,الاستقرار والعظمة والنصر.. للشعب الفلسطيني,,,
1.4e+18,Glittering generalities (Virtue),2,الأمن والعزة والنصر.. لشعب فلسطين,الأمن قوة عزة دهم رَيْحَانَةُ شَّرْقِ,4,66.70%,1.0,1.0,الأمن والفخار والغلبة لشعب فلسطين,,,
1.4e+18,Glittering generalities (Virtue),3,الأمن والعزة والنصر.. لشعب فلسطين,الهدوء والعزة غلب عامة فلسطين,3,60.00%,1.0,1.0,الهدوء والعلو والفوز على الاعداء.. لشعبنا الفلسطيني,,,
1.37e+18,Name calling/Labeling,1,سمو السيد,رفعة سيد,1,50.00%,,,رفعة سيد,,,
1.37e+18,Name calling/Labeling,2,سمو السيد,جلال سيد,1,50.00%,,,جلال سيد,,,
1.37e+18,Name calling/Labeling,3,سمو السيد,عظمة سَيِّدِي,2,100.00%,,,عظمة سَيِّدِي,,,
1.37e+18,Name calling/Labeling,4,سمو السيد,سمو صَاحِب,1,50.00%,,,سمو صَاحِب,,,
1.4e+18,Loaded Language,1,تخلد,تُحفظ,1,100.00%,,,تُحفظ,,,
1.4e+18,Loaded Language,2,تخلد,تُخلّد,1,100.00%,,,تُخلّد,,,
1.4e+18,Loaded Language,3,تخلد,تُدوّن,1,100.00%,,,تُدوّن,,,
1.4e+18,Loaded Language,4,تخلد,تُديم,1,100.00%,,,تُديم,,,
1.4e+18,Loaded Language,5,تخلد,تُبقي,1,100.00%,,,تُبقي,,,
1.4e+18,Loaded Language,6,تخلد,تُثبّت,1,100.00%,,,تُثبّت,,,
1.4e+18,Name calling/Labeling,1,المــ ـــقاومــة,السُّمو مرابطة,2,100.00%,,,السُّمو مرابطة,,,
1.4e+18,Name calling/Labeling,2,المــ ـــقاومــة,العَظَمَة ـــقاومــة,1,50.00%,,,العَظَمَة ـــقاومــة,,,
1.4e+18,Name calling/Labeling,3,المــ ـــقاومــة,المُلوكِيّة ثورة,2,100.00%,,,المُلوكِيّة ثورة,,,
1.4e+18,Name calling/Labeling,4,المــ ـــقاومــة,العَظَمَة مروق,2,100.00%,,,العَظَمَة مروق,,,
1.4e+18,Name calling/Labeling,5,المــ ـــقاومــة,المُلوكِيّة مصادمة,2,100.00%,,,المُلوكِيّة مصادمة,,,
1.4e+18,Name calling/Labeling,1,الشـــ ـــــهداء,الشر ـــــهداء,1,50.00%,,,الشر ـــــهداء,,,
1.4e+18,Name calling/Labeling,2,الشـــ ـــــهداء,الشـــ سكينة,1,50.00%,,,الشـــ سكينة,,,
1.4e+18,Name calling/Labeling,3,الشـــ ـــــهداء,القاتل سُكون,2,100.00%,,,القاتل سُكون,,,
1.4e+18,Name calling/Labeling,4,الشـــ ـــــهداء,الشـــ صفاء,1,50.00%,,,الشـــ صفاء,,,
1.4e+18,Name calling/Labeling,5,الشـــ ـــــهداء,القاتل ـــــهداء,1,50.00%,,,القاتل ـــــهداء,,,
1.4e+18,Name calling/Labeling,6,الشـــ ـــــهداء,الشـــ هدوء,1,50.00%,,,الشـــ هدوء,,,
1.4e+18,Slogans,1,#فلسطين_تنتصر,الأَرْضُ الْمُبَارَكَةُ تنتصر,1,33.30%,1.0,0.0,الأَرْضُ الْمُبَارَكَةُ تنتصر,,,
1.4e+18,Slogans,2,#فلسطين_تنتصر,فلسطين تُحَقِّقُ الْغَلَبَةَ,1,33.30%,1.0,0.0,فلسطين تُحَقِّقُ الْغَلَبَةَ,,,
1.4e+18,Slogans,3,#فلسطين_تنتصر,فلسطين تَسُودُ,1,50.00%,1.0,0.0,فلسطين تَسُودُ,,,
1.4e+18,Slogans,4,#فلسطين_تنتصر,فِلَسْطِينُ تَغْلُبُ,2,100.00%,1.0,0.0,فِلَسْطِينُ تَغْلُبُ,,,
1.4e+18,Slogans,5,#فلسطين_تنتصر,السَّلْعُ تنتصر,1,50.00%,1.0,1.0,أرض العز تنتصر,,,
1.4e+18,Slogans,6,#فلسطين_تنتصر,فلسطين تَفُوزُ,1,50.00%,1.0,0.0,فلسطين تَفُوزُ,,,
1.39e+18,Loaded Language,1,استفزازات,إغاظات,1,100.00%,,,إغاظات,,,
1.39e+18,Loaded Language,2,استفزازات,استهزاءات,1,100.00%,,,استهزاءات,,,
1.39e+18,Loaded Language,3,استفزازات,تحريضات,1,100.00%,,,تحريضات,,,
1.39e+18,Loaded Language,4,استفزازات,استفزازت,1,100.00%,,,استفزازت,,,
1.39e+18,Loaded Language,5,استفزازات,تحديات,1,100.00%,,,تحديات,,,
1.39e+18,Loaded Language,6,استفزازات,استهارات,1,100.00%,,,استهارات,,,
1.39e+18,Name calling/Labeling,1,استفزازات إسرائيلية,تحديات محتلّة,2,100.00%,,,تحديات محتلّة,,,
1.39e+18,Name calling/Labeling,2,استفزازات إسرائيلية,استغواءات خيالية,2,100.00%,,,استغواءات خيالية,,,
1.39e+18,Name calling/Labeling,3,استفزازات إسرائيلية,استغواءات معتدية,2,100.00%,,,استغواءات معتدية,,,
1.39e+18,Name calling/Labeling,4,استفزازات إسرائيلية,استفزازات خرافية,1,50.00%,,,استفزازات خرافية,,,
1.39e+18,Name calling/Labeling,5,استفزازات إسرائيلية,استفزازات مغتصبة,1,50.00%,,,استفزازات مغتصبة,,,
1.4e+18,Name calling/Labeling,1,"""الحكومة""",القيادة,1,100.00%,,,القيادة,,,
1.4e+18,Name calling/Labeling,2,"""الحكومة""",الإدارة,1,100.00%,,,الإدارة,,,
1.4e+18,Name calling/Labeling,3,"""الحكومة""",الوصاية,1,100.00%,,,الوصاية,,,
1.4e+18,Name calling/Labeling,4,"""الحكومة""",الحكم,1,100.00%,,,الحكم,,,
1.4e+18,Name calling/Labeling,1,المقاومة الفلسطينية,المدافعة كفاحيّة,2,100.00%,,,المدافعة كفاحيّة,,,
1.4e+18,Name calling/Labeling,2,المقاومة الفلسطينية,المقاومة عربية,1,50.00%,,,المقاومة عربية,,,
1.4e+18,Name calling/Labeling,3,المقاومة الفلسطينية,المناعة وطنية,2,100.00%,,,المناعة وطنية,,,
1.4e+18,Name calling/Labeling,4,المقاومة الفلسطينية,الممانعة جرحيّة,2,100.00%,,,الممانعة جرحيّة,,,
1.4e+18,Name calling/Labeling,5,المقاومة الفلسطينية,المواجهة فلسطينية,1,50.00%,,,المواجهة فلسطينية,,,
1.4e+18,Name calling/Labeling,1,للاحتلال الاسرائيلي,الاستيلاء مغتصب,2,100.00%,,,الاستيلاء مغتصب,,,
1.4e+18,Name calling/Labeling,2,للاحتلال الاسرائيلي,الهيمنة اسرائيلي,1,50.00%,,,الهيمنة اسرائيلي,,,
1.4e+18,Name calling/Labeling,3,للاحتلال الاسرائيلي,التسلط إسرائيلي,2,100.00%,,,التسلط إسرائيلي,,,
1.4e+18,Name calling/Labeling,4,للاحتلال الاسرائيلي,للاحتلال إفرنجي,1,50.00%,,,للاحتلال إفرنجي,,,
1.4e+18,Slogans,1,#غزة_تنتصر,محميـة مُسودّة,2,100.00%,1.0,1.0,غزة تفوز,,,
1.4e+18,Slogans,2,#غزة_تنتصر,كنـف فائزة,2,100.00%,1.0,1.0,غزة تكسب,,,
1.4e+18,Slogans,3,#غزة_تنتصر,غزة منتصرة,1,50.00%,1.0,1.0,غزة منتصرة,,,
1.4e+18,Slogans,4,#غزة_تنتصر,حـوزة فائزة,2,100.00%,1.0,1.0,غزة غالبة,,,
1.4e+18,Slogans,5,#غزة_تنتصر,غزة مُنتشرة,1,50.00%,1.0,1.0,غزة تهزم العدو,,,
1.4e+18,Appeal to fear/prejudice,1,إن عدتم عدنا ويدنا على الزناد,إن حضرتم قدمنـا أَخْذ على مفجّر,4,66.70%,1.0,1.0,إن حضرتم قدمنـا وايدينا على المفجّر,,,
1.4e+18,Appeal to fear/prejudice,2,إن عدتم عدنا ويدنا على الزناد,إن أقبلتم أتينـا قَبْضَة على مُوقِد,4,66.70%,1.0,1.0,إن أقبلتم أتينـا وقَبْضَتنا على المُوقِد,,,
1.4e+18,Appeal to fear/prejudice,3,إن عدتم عدنا ويدنا على الزناد,إن رجعتم حضرنا ويدنا على مُحَرِّك,3,50.00%,1.0,1.0,إن رجعتم حضرنا ويدنا على السلاح,,,
1.4e+18,Appeal to fear/prejudice,4,إن عدتم عدنا ويدنا على الزناد,إن عدتم عدنا مَأْخَذ على مِفتاح,2,33.30%,1.0,1.0,إن عدتم عدنا وذراعنا ممسك البندقية,,,
1.11e+18,Name calling/Labeling,1,محكمةً صورية,محكمة تَعْبِيرِيَّةٌ,1,50.00%,,,محكمة تَعْبِيرِيَّةٌ,,,
1.11e+18,Name calling/Labeling,2,محكمةً صورية,محفل قضاء رَمْزِيَّةٌ,2,66.70%,,,محفل قضاء رَمْزِيَّةٌ,,,
1.11e+18,Name calling/Labeling,3,محكمةً صورية,مجلس حكم صورية,1,33.30%,,,مجلس حكم صورية,,,
1.11e+18,Name calling/Labeling,4,محكمةً صورية,مجلس قضاة صورية,1,33.30%,,,مجلس قضاة صورية,,,
1.11e+18,Name calling/Labeling,5,محكمةً صورية,دار قضاء صورية,1,33.30%,,,دار قضاء صورية,,,
1.11e+18,Loaded Language,1,ضحايا,قَتْلى,1,100.00%,,,قَتْلى,,,
1.11e+18,Loaded Language,2,ضحايا,مَنْكُوبون,1,100.00%,,,مَنْكُوبون,,,
1.11e+18,Loaded Language,3,ضحايا,مَجْزُورون,1,100.00%,,,مَجْزُورون,,,
1.11e+18,Loaded Language,4,ضحايا,مَصْرُوعُون,1,100.00%,,,مَصْرُوعُون,,,
1.4e+18,Name calling/Labeling,1,بالفصل العنصري,حينئذ قَبْلِي,2,100.00%,,,حينئذ قَبْلِي,,,
1.4e+18,Name calling/Labeling,2,بالفصل العنصري,آنذاك فَاشِي,2,100.00%,,,آنذاك فَاشِي,,,
1.4e+18,Name calling/Labeling,3,بالفصل العنصري,حينها عنصري,1,50.00%,,,حينها عنصري,,,
1.4e+18,Name calling/Labeling,4,بالفصل العنصري,حينها تَعصُّبي,2,100.00%,,,حينها تَعصُّبي,,,
1.4e+18,Name calling/Labeling,5,بالفصل العنصري,بالفصل أَشْرَافِي,1,50.00%,,,بالفصل أَشْرَافِي,,,
1.39e+18,Name calling/Labeling,1,حصيلة غير مسبوقة,غنيمة غير متقدّمة,2,66.70%,,,غنيمة غير متقدّمة,,,
1.39e+18,Name calling/Labeling,2,حصيلة غير مسبوقة,ربح غير ملحقة,2,66.70%,,,ربح غير ملحقة,,,
1.39e+18,Name calling/Labeling,3,حصيلة غير مسبوقة,عائدة غير ظاهرة,2,66.70%,,,عائدة غير ظاهرة,,,
1.39e+18,Name calling/Labeling,4,حصيلة غير مسبوقة,عائدة غير مسبوقة,1,33.30%,,,عائدة غير مسبوقة,,,
1.39e+18,Name calling/Labeling,5,حصيلة غير مسبوقة,ربح غير مسبوقة,1,33.30%,,,ربح غير مسبوقة,,,
1.39e+18,Name calling/Labeling,6,حصيلة غير مسبوقة,نتيجة غير بادية,2,66.70%,,,نتيجة غير بادية,,,
1.4e+18,Doubt,1,هل ينجح #نبيه_بري في تطويق مفاعيل المواجهة السنّية ـ المسيحية في #مجلس_النواب,هل يُنجح نبيه فطري في تطويقٌ تام آثار معارضة رَّائِعَة ـ عهد قديم في مائدة نواب,8,50.00%,1.0,1.0,هل يقدر #نبيه_بري في تطويق مفاعيل المواجهة السنّية ـ المسيحية في #مجلس_الشعب,,,
1.4e+18,Doubt,2,هل ينجح #نبيه_بري في تطويق مفاعيل المواجهة السنّية ـ المسيحية في #مجلس_النواب,هل يُوفق رَزِين بري في تطويح نتاج معارضة سنية ـ ملة حنيفية في اجتماع أَجْنَاد,8,53.30%,1.0,1.0,هل يفلح #نبيه_بري في تطويق مفاعيل المواجهة السنّية ـ المسيحية في #مجلس_النواب,,,
1.4e+18,Doubt,3,هل ينجح #نبيه_بري في تطويق مفاعيل المواجهة السنّية ـ المسيحية في #مجلس_النواب,هل يُدرك نبيه طاهر في تطويق حصائل محاجة رَّائِعَة ـ سِّيَاقة في اجتماع نواب,7,50.00%,1.0,1.0,هل يفوز #نبيه_بري في تطويق مفاعيل المواجهة السنّية ـ المسيحية في #مجلس_النواب,,,
1.4e+18,Doubt,4,هل ينجح #نبيه_بري في تطويق مفاعيل المواجهة السنّية ـ المسيحية في #مجلس_النواب,هل يُفلح نبيه مُحْدَث في تطويق فعائل مدافعة هَادِيَة ـ مَجْسُوليَّة في ملتقى نواب,7,50.00%,1.0,1.0,ترى هل ينجح #نبيه_بري في تطويق مفاعيل المواجهة السنّية ـ المسيحية في #مجلس_النواب,,,
1.36e+18,Glittering generalities (Virtue),1,الشعب الصحراوي إرادته لا تُقهر,الأمة يباب أمنياته لا تُذلّ,4,80.00%,1.0,1.0,الشعب البدوي عزيمته لا تُقهر,,,
1.36e+18,Glittering generalities (Virtue),2,الشعب الصحراوي إرادته لا تُقهر,العوام صحارى إرادته لا تُستضعف,3,60.00%,1.0,1.0,المجتمع الصحراوي رغبته لا تستضعف,,,
1.36e+18,Glittering generalities (Virtue),3,الشعب الصحراوي إرادته لا تُقهر,المجتمع مُقفر رغبته لا تقهر,3,60.00%,1.0,1.0,الشعب الذي يعيش في الصحراء إرادته من حديد,,,
1.36e+18,Glittering generalities (Virtue),4,الشعب الصحراوي إرادته لا تُقهر,الشعب قفراء مقاصده لا تُستضعف,3,60.00%,1.0,1.0,الشعب البدوي عزيمته لا تهزم,,,
1.31e+18,Loaded Language,1,تنتهك,مُسِّت,1,100.00%,,,مُسِّت,,,
1.31e+18,Loaded Language,2,تنتهك,اُغتُصِبَت,1,100.00%,,,اُغتُصِبَت,,,
1.31e+18,Loaded Language,3,تنتهك,تَعَدَّيَ عليها,1,50.00%,,,تَعَدَّيَ عليها,,,
1.31e+18,Loaded Language,4,تنتهك,اُنتُهِزَت,1,100.00%,,,اُنتُهِزَت,,,
1.37e+18,Exaggeration/Minimisation,1,الخرطوم مليانة دهب تحت الأرض,الفُوَّهة مُزْدَحَمَة سُنْدُس تحت ساحة,4,80.00%,1.0,1.0,الخرطوم مزدحمة بالدهب تحت الأرض,,,
1.37e+18,Exaggeration/Minimisation,2,الخرطوم مليانة دهب تحت الأرض,الخرطوم مُمتلِحَة خَرَز تحت عبارة,3,60.00%,1.0,1.0,الخرطوم ممتلئة بالدهب تحت الأرض,,,
1.37e+18,Exaggeration/Minimisation,3,الخرطوم مليانة دهب تحت الأرض,الفُوَّهة مليانة يَاقُوت تحت دار,3,60.00%,1.0,1.0,الخرطوم مليانة ياقوت تحت الأرض,,,
1.37e+18,Exaggeration/Minimisation,4,الخرطوم مليانة دهب تحت الأرض,الخرطوم مُفَيْضَة فِضَّة تحت أرض,2,40.00%,1.0,1.0,الخرطوم تعوم فوق الدهب,,,
1.39e+18,Name calling/Labeling,1,الاحتلال,الهيمنة,1,100.00%,,,الهيمنة,,,
1.39e+18,Name calling/Labeling,2,الاحتلال,الاحتلام,1,100.00%,,,الاحتلام,,,
1.39e+18,Name calling/Labeling,3,الاحتلال,القهر,1,100.00%,,,القهر,,,
1.39e+18,Name calling/Labeling,4,الاحتلال,الاستعباد,1,100.00%,,,الاستعباد,,,
1.39e+18,Name calling/Labeling,5,الاحتلال,الاجتياح,1,100.00%,,,الاجتياح,,,
1.39e+18,Name calling/Labeling,6,الاحتلال,السيطرة,1,100.00%,,,السيطرة,,,
1.39e+18,Loaded Language,1,الصراع الأشد,الصدام أعنف,2,100.00%,,,الصدام أعنف,,,
1.39e+18,Loaded Language,2,الصراع الأشد,النزال أقوى,2,100.00%,,,النزال أقوى,,,
1.39e+18,Loaded Language,3,الصراع الأشد,الصراع أفظ,1,50.00%,,,الصراع أفظ,,,
1.39e+18,Loaded Language,4,الصراع الأشد,المحاربة أفظ,2,100.00%,,,المحاربة أفظ,,,
1.39e+18,Loaded Language,5,الصراع الأشد,الصدام أعتى,2,100.00%,,,الصدام أعتى,,,
1.38e+18,Loaded Language,1,حارقة,مُشتعلة,1,100.00%,,,مُشتعلة,,,
1.38e+18,Loaded Language,2,حارقة,مُستعرة,1,100.00%,,,مُستعرة,,,
1.38e+18,Loaded Language,3,حارقة,ملتهبة,1,100.00%,,,ملتهبة,,,
1.38e+18,Loaded Language,4,حارقة,مُشعة,1,100.00%,,,مُشعة,,,
1.38e+18,Loaded Language,5,حارقة,مُحمرة,1,100.00%,,,مُحمرة,,,
1.38e+18,Loaded Language,6,حارقة,مُتوهجة,1,100.00%,,,مُتوهجة,,,
1.38e+18,Name calling/Labeling,1,اليساري,يساري,1,100.00%,,,يساري,,,
1.38e+18,Name calling/Labeling,2,اليساري,أشـمُـل,1,100.00%,,,أشـمُـل,,,
1.38e+18,Name calling/Labeling,3,اليساري,أَخْـذُم,1,100.00%,,,أَخْـذُم,,,
1.38e+18,Name calling/Labeling,4,اليساري,مَـأْمُـول,1,100.00%,,,مَـأْمُـول,,,
1.38e+18,Name calling/Labeling,5,اليساري,أَيْسَـر,1,100.00%,,,أَيْسَـر,,,
1.33e+18,"Obfuscation, Intentional vagueness, Confusion",1,يتلهى بأمهات القضايا,يتجاهل بِكَرّات معارك,3,100.00%,,1.0,ينشغل بأمهات القضايا,,,
1.33e+18,"Obfuscation, Intentional vagueness, Confusion",2,يتلهى بأمهات القضايا,يلهو قَصَرات مسائل,3,100.00%,,1.0,يتلهى بأهم القضايا,,,
1.33e+18,"Obfuscation, Intentional vagueness, Confusion",3,يتلهى بأمهات القضايا,يتجاهل بأمهات شؤون,2,66.70%,,1.0,يتشاغل بأعظم المسائل,,,
1.33e+18,"Obfuscation, Intentional vagueness, Confusion",4,يتلهى بأمهات القضايا,يتشاغل فَتَيات مسائل,3,100.00%,,1.0,يتسلى بأمهات المعارك,,,
1.33e+18,"Obfuscation, Intentional vagueness, Confusion",5,يتلهى بأمهات القضايا,يتلهى بِكَرّات قضايا,1,33.30%,,1.0,ينشغل بأساسيات الشؤون,,,
1.39e+18,Name calling/Labeling,1,الاحتلال الاسرائيلي,الاستعباد اسرائيلي,1,50.00%,,,الاستعباد اسرائيلي,,,
1.39e+18,Name calling/Labeling,2,الاحتلال الاسرائيلي,التسلط إسرائيلي,2,100.00%,,,التسلط إسرائيلي,,,
1.39e+18,Name calling/Labeling,3,الاحتلال الاسرائيلي,الاستيلاء مُوسَوِي,2,100.00%,,,الاستيلاء مُوسَوِي,,,
1.39e+18,Name calling/Labeling,4,الاحتلال الاسرائيلي,الاحتلال حَبْرِي,1,50.00%,,,الاحتلال حَبْرِي,,,
1.36e+18,Loaded Language,1,تجتاح,اجتياح,1,100.00%,,,اجتياح,,,
1.36e+18,Loaded Language,2,تجتاح,اجتاحت,1,100.00%,,,اجتاحت,,,
1.36e+18,Loaded Language,3,تجتاح,غزت,1,100.00%,,,غزت,,,
1.36e+18,Loaded Language,4,تجتاح,عصفت,1,100.00%,,,عصفت,,,
1.38e+18,Loaded Language,1,اخطر,نبّه,1,100.00%,,,نبّه,,,
1.38e+18,Loaded Language,2,اخطر,ذكر,1,100.00%,,,ذكر,,,
1.38e+18,Loaded Language,3,اخطر,تنبّه,1,100.00%,,,تنبّه,,,
1.38e+18,Loaded Language,4,اخطر,أخبر,1,100.00%,,,أخبر,,,
1.38e+18,Loaded Language,5,اخطر,أشار,1,100.00%,,,أشار,,,
1.38e+18,Loaded Language,6,اخطر,أنبأ,1,100.00%,,,أنبأ,,,
1.39e+18,Name calling/Labeling,1,المقاومة,المناعة,1,100.00%,,,المناعة,,,
1.39e+18,Name calling/Labeling,2,المقاومة,الصمود,1,100.00%,,,الصمود,,,
1.39e+18,Name calling/Labeling,3,المقاومة,المعارضة,1,100.00%,,,المعارضة,,,
1.39e+18,Loaded Language,1,صواريخ المقاومة تضرب مبنى,قذائف صمود صُدِمت بناء,4,100.00%,,,قذائف صمود صُدِمت بناء,,,
1.39e+18,Loaded Language,2,صواريخ المقاومة تضرب مبنى,رُمحيّات مقاومة عُنفت صرح,3,75.00%,,,رُمحيّات مقاومة عُنفت صرح,,,
1.39e+18,Loaded Language,3,صواريخ المقاومة تضرب مبنى,قذائف مقاومة فُتت عمارة,3,75.00%,,,قذائف مقاومة فُتت عمارة,,,
1.39e+18,Loaded Language,4,صواريخ المقاومة تضرب مبنى,رُمحيّات مقاومة صُدِمت تعمير,3,75.00%,,,رُمحيّات مقاومة صُدِمت تعمير,,,
1.39e+18,Slogans,1,#غزه_تقاوم,صمود قاومَ,2,100.00%,1.0,1.0,#غزه_تحارب العدو,,,
1.39e+18,Slogans,2,#غزه_تقاوم,معقل ثابر,2,100.00%,1.0,1.0,#غزه_تصمد,,,
1.39e+18,Slogans,3,#غزه_تقاوم,مرابطة صمد,2,100.00%,1.0,1.0,#غزه_ترابط,,,
1.39e+18,Slogans,4,#غزه_تقاوم,صمود تقاوم,1,50.00%,1.0,1.0,#غزه_تقاتل,,,
1.31e+18,Name calling/Labeling,1,النفس الإصلاحي,النفس مُنْتَقِد,1,50.00%,,,النفس مُنْتَقِد,,,
1.31e+18,Name calling/Labeling,2,النفس الإصلاحي,الخُلق إصلاحي,1,50.00%,,,الخُلق إصلاحي,,,
1.31e+18,Name calling/Labeling,3,النفس الإصلاحي,النفس مُجَدِّد,1,50.00%,,,النفس مُجَدِّد,,,
1.31e+18,Name calling/Labeling,4,النفس الإصلاحي,الجوهر إصلاحي,1,50.00%,,,الجوهر إصلاحي,,,
1.31e+18,Name calling/Labeling,1,فلول إرهابيي,مَهزومون إرهابيي,1,50.00%,,,مَهزومون إرهابيي,,,
1.31e+18,Name calling/Labeling,2,فلول إرهابيي,أشلاء إرهابيي,1,50.00%,,,أشلاء إرهابيي,,,
1.31e+18,Name calling/Labeling,3,فلول إرهابيي,مُتَبَقِّين إرهابيي,1,50.00%,,,مُتَبَقِّين إرهابيي,,,
1.31e+18,Name calling/Labeling,4,فلول إرهابيي,مَهزومون مجرمون,2,100.00%,,,مَهزومون مجرمون,,,
1.31e+18,Name calling/Labeling,5,فلول إرهابيي,مَهزومون شرسون,2,100.00%,,,مَهزومون شرسون,,,
1.31e+18,Name calling/Labeling,6,فلول إرهابيي,بقايا وحشيون,2,100.00%,,,بقايا وحشيون,,,
1.39e+18,Loaded Language,1,ورئتها التي تتنفس منها,رئتاها تي تَعبَقُ منها,2,50.00%,,,رئتاها تي تَعبَقُ منها,,,
1.39e+18,Loaded Language,2,ورئتها التي تتنفس منها,مَجْرى هواء تي تَنهَمُ منها,2,40.00%,,,مَجْرى هواء تي تَنهَمُ منها,,,
1.39e+18,Loaded Language,3,ورئتها التي تتنفس منها,رئتيها تي تَنهَمُ منها,2,50.00%,,,رئتيها تي تَنهَمُ منها,,,
1.39e+18,Loaded Language,4,ورئتها التي تتنفس منها,رئتاها تي تَنسَمُ منها,2,50.00%,,,رئتاها تي تَنسَمُ منها,,,
1.39e+18,Loaded Language,5,ورئتها التي تتنفس منها,ورئتها تي تَرغَبُ منها,1,25.00%,,,ورئتها تي تَرغَبُ منها,,,
1.39e+18,Loaded Language,6,ورئتها التي تتنفس منها,مَعِدتها تي تَهتِفُ منها,2,50.00%,,,مَعِدتها تي تَهتِفُ منها,,,
8.32e+17,Loaded Language,1,يجتاح,اقتحم,1,100.00%,1.0,1.0,يقتحم,,,
8.32e+17,Loaded Language,2,يجتاح,سيطر,1,100.00%,1.0,1.0,يسيطر على,,,
8.32e+17,Loaded Language,3,يجتاح,استولى,1,100.00%,1.0,1.0,يستولي على,,,
8.32e+17,Loaded Language,1,يجتاح,اقتحم,1,100.00%,1.0,1.0,يسحق,,,
8.32e+17,Loaded Language,2,يجتاح,سيطر,1,100.00%,1.0,1.0,يغزو,,,
8.32e+17,Loaded Language,3,يجتاح,استولى,1,100.00%,1.0,1.0,يداهم,,,
8.32e+17,Loaded Language,3,يجتاح,استولى,1,100.00%,1.0,1.0,يقضي على,,,
8.32e+17,Appeal to fear/prejudice,1,مرض الالتهاب الكبدي صنف أ يجتاح المدارس,عَاهة احتقان مرارة فِئَة أ اقتحام دورات تدريبية,6,75.00%,1.0,1.0,وباء الالتهاب الكبدي صنف أ يقتحم المدارس,,,
8.32e+17,Appeal to fear/prejudice,2,مرض الالتهاب الكبدي صنف أ يجتاح المدارس,نَقْص سخونة صبغِيّ مَرْكَز أ يجتاح حلقات تعلم,5,62.50%,1.0,1.0,مرض الالتهاب الكبدي صنف أ يسحق المدارس,,,
8.32e+17,Appeal to fear/prejudice,3,مرض الالتهاب الكبدي صنف أ يجتاح المدارس,زَيْغ اشتعال كبدي صنف أ يجتاح معاهد,3,42.90%,1.0,1.0,سقم الالتهاب الكبدي صنف أ يغزو المعاهد,,,
8.32e+17,Appeal to fear/prejudice,4,مرض الالتهاب الكبدي صنف أ يجتاح المدارس,سقم تقرح أقرع مَرْكَز أ يجتاح هيئات تدريسية,5,62.50%,1.0,1.0,مرض الالتهاب الكبدي صنف أ يداهم التجمعات التعليمية,,,
8.32e+17,Appeal to fear/prejudice,4,مرض الالتهاب الكبدي صنف أ يجتاح المدارس,سقم تقرح أقرع مَرْكَز أ يجتاح هيئات تدريسية,5,62.50%,1.0,1.0,مرض الالتهاب الكبدي صنف أ يستولي على التجمعات التعليمية,,,
8.32e+17,Appeal to fear/prejudice,5,مرض الالتهاب الكبدي صنف أ يجتاح المدارس,نَقْص التهاب صفراوي صنف أ يجتاح تجمعات تعليمية,3,37.50%,1.0,1.0,مرض الالتهاب الكبدي صنف أ يقضي على حلقات التعلم,,,
8.32e+17,Appeal to fear/prejudice,6,مرض الالتهاب الكبدي صنف أ يجتاح المدارس,زَيْغ تآكُل كبدي طَبْع أ سحق مدارس,4,57.10%,1.0,1.0,نقص التهاب الصفراوي يسيطر على هيئات التدريس,,,
1.4e+18,Name calling/Labeling,1,مثقفون موريتانيون,مفكرون موريتانيون,1,50.00%,,,مفكرون موريتانيون,,,
1.4e+18,Name calling/Labeling,2,مثقفون موريتانيون,مثقفّون موريتانيين,2,100.00%,,,مثقفّون موريتانيين,,,
1.4e+18,Name calling/Labeling,3,مثقفون موريتانيون,متبحرون موريتانيون,1,50.00%,,,متبحرون موريتانيون,,,
1.4e+18,Name calling/Labeling,4,مثقفون موريتانيون,مُطَّلعون موريتانيون,1,50.00%,,,مُطَّلعون موريتانيون,,,
1.4e+18,Name calling/Labeling,5,مثقفون موريتانيون,متبحرون سود,2,100.00%,,,متبحرون سود,,,
1.4e+18,Name calling/Labeling,6,مثقفون موريتانيون,مثقفون موريون,1,50.00%,,,مثقفون موريون,,,
1.4e+18,Loaded Language,1,الأزمة,كَرْب,1,100.00%,,,كَرْب,,,
1.4e+18,Loaded Language,2,الأزمة,بَلِيَّة,1,100.00%,,,بَلِيَّة,,,
1.4e+18,Loaded Language,1,بحكمة,بَصِيرَةٌ,1,100.00%,,,بَصِيرَةٌ,,,
1.4e+18,Loaded Language,2,بحكمة,مَعْرِفَةٌ,1,100.00%,,,مَعْرِفَةٌ,,,
1.4e+18,Loaded Language,3,بحكمة,فَهْمٌ,1,100.00%,,,فَهْمٌ,,,
1.4e+18,Loaded Language,4,بحكمة,رُشْدٌ,1,100.00%,,,رُشْدٌ,,,
1.4e+18,Loaded Language,5,بحكمة,حِكْمَةٌ,1,100.00%,,,حِكْمَةٌ,,,
1.4e+18,Loaded Language,6,بحكمة,تَعْقُلٌ,1,100.00%,,,تَعْقُلٌ,,,
1.39e+18,Glittering generalities (Virtue),1,مبادرات سمو الشيخ ناصر بن حمد تعزز الفخر بالتراث البحريني والهوية الوطنية,انْبِثَاقَات سمو فَقيه أنصار بن امتنان ربط فخر بالتراث بحريني سمة أصالة,7,58.30%,1.0,1.0,فعاليات فخامة الشيخ ناصر بن حمد تقوي التعالي بالتراث البحريني والهوية الوطنية,,,
1.39e+18,Glittering generalities (Virtue),2,مبادرات سمو الشيخ ناصر بن حمد تعزز الفخر بالتراث البحريني والهوية الوطنية,مَدَاخِل مجد وَلي مساند بن حمد عضّد غبطة مُسْتَمْرَر بحري والهوية محافظة,9,75.00%,1.0,1.0,تحركات جلالة الشيخ ناصر بن حمد تكرم الكبرياء بالتقاليد البحرينية والهوية الوطنية,,,
1.39e+18,Glittering generalities (Virtue),3,مبادرات سمو الشيخ ناصر بن حمد تعزز الفخر بالتراث البحريني والهوية الوطنية,بَدَايَات فخامة ـهرم ناصر بن ثناء دعّم مباهاة مُسْتَمْرَر مرواني صفة عروبة,10,83.30%,1.0,1.0,مشاريع سيادة الشيخ ناصر بن حمد تعاضد الزهو بالموروث البحريني والهوية الوطنية,,,
1.39e+18,Glittering generalities (Virtue),4,مبادرات سمو الشيخ ناصر بن حمد تعزز الفخر بالتراث البحريني والهوية الوطنية,انْطِلَاقَات فخامة شيخ ناصر بن ثناء عزز اعتزاز تقاليد بحري شخصية ولاء,9,75.00%,1.0,1.0,مشروعات مهابة الشيخ ناصر بن حمد تقوي المباهاة بالتراث البحريني والهوية الوطنية,,,
1.39e+18,Loaded Language,1,تعزز,تُؤازر,1,100.00%,1.0,1.0,تقوي,,,
1.39e+18,Loaded Language,2,تعزز,تعاضد,1,100.00%,1.0,0.0,تعاضد,,,
1.39e+18,Loaded Language,3,تعزز,تُعزز,1,100.00%,1.0,1.0,تكرم,,,
1.39e+18,Loaded Language,1,الفخر,استعلاء,1,100.00%,1.0,1.0,الزهو,,,
1.39e+18,Loaded Language,2,الفخر,تعالي,1,100.00%,1.0,1.0,التعالي,,,
1.39e+18,Loaded Language,3,الفخر,كبرياء,1,100.00%,1.0,1.0,الكبرياء,,,
1.39e+18,Loaded Language,4,الفخر,اعتساف,1,100.00%,1.0,1.0,المباهاة,,,
1.4e+18,Name calling/Labeling,1,للمقاومة,المجابهة,1,100.00%,,,المجابهة,,,
1.4e+18,Name calling/Labeling,2,للمقاومة,المواجهة,1,100.00%,,,المواجهة,,,
1.4e+18,Name calling/Labeling,3,للمقاومة,المراوغة,1,100.00%,,,المراوغة,,,
1.4e+18,Name calling/Labeling,4,للمقاومة,المعارضة,1,100.00%,,,المعارضة,,,
1.4e+18,Name calling/Labeling,5,للمقاومة,الممانعة,1,100.00%,,,الممانعة,,,
1.4e+18,Appeal to authority,1,تشكيل الحكومة هو المدخل الحصري لخطة الحل والإنقاذ,تنسيق حكومة هو مدخل مُنفرد مشروع حسم إسعاف,5,62.50%,1.0,1.0,تكوين الحكومة هو المدخل الوحيد لخطة الحل والإنقاذ,,,
1.4e+18,Appeal to authority,2,تشكيل الحكومة هو المدخل الحصري لخطة الحل والإنقاذ,تشكيل جهة مُسَيّرة هو مَنْفَذ أوحد مخطّط تدبير فكاك,6,66.70%,1.0,1.0,ترتيب الإدارة هو الأساس الوحيد في خطة الحل والإنقاذ,,,
1.4e+18,Appeal to authority,3,تشكيل الحكومة هو المدخل الحصري لخطة الحل والإنقاذ,تأليف حكومة هو مدخل وحيد مخططّة فك والإنقاذ,4,50.00%,1.0,1.0,تأليف الحكومة النقطة الوحيدة للوصول الى الحسم والإنقاذ,,,
1.4e+18,Appeal to authority,4,تشكيل الحكومة هو المدخل الحصري لخطة الحل والإنقاذ,بناء نظام هو مدخلٌ مُنفرد تصميم حل عون,6,75.00%,1.0,1.0,تشكيل النظام هو المنقذ الحالي لخطة الحل والإنقاذ,,,
1.39e+18,Loaded Language,1,مخيف,مرعب,1,100.00%,,,مرعب,,,
1.39e+18,Loaded Language,2,مخيف,مروع جدا,1,50.00%,,,مروع جدا,,,
1.4e+18,Name calling/Labeling,1,أجواء احتفالية,وسط وليمة,2,100.00%,,,وسط وليمة,,,
1.4e+18,Name calling/Labeling,2,أجواء احتفالية,أجواء حفلة,1,50.00%,,,أجواء حفلة,,,
1.4e+18,Name calling/Labeling,3,أجواء احتفالية,حالة وليمة,2,100.00%,,,حالة وليمة,,,
1.4e+18,Name calling/Labeling,4,أجواء احتفالية,حالة تذكار,2,100.00%,,,حالة تذكار,,,
1.4e+18,Name calling/Labeling,5,أجواء احتفالية,محيط مهرجان,2,100.00%,,,محيط مهرجان,,,
1.4e+18,Name calling/Labeling,1,المقاومة الفلسطينية,المقاومة بَلْدَوِيَّةٌ,1,50.00%,,,المقاومة بَلْدَوِيَّةٌ,,,
1.4e+18,Name calling/Labeling,2,المقاومة الفلسطينية,المعارضة فلسطينية,1,50.00%,,,المعارضة فلسطينية,,,
1.4e+18,Name calling/Labeling,3,المقاومة الفلسطينية,الحصانة فلسطينية,1,50.00%,,,الحصانة فلسطينية,,,
1.4e+18,Name calling/Labeling,4,المقاومة الفلسطينية,المواجهة فلسطينية,1,50.00%,,,المواجهة فلسطينية,,,
1.4e+18,Name calling/Labeling,5,المقاومة الفلسطينية,الثبات فلسطينية,1,50.00%,,,الثبات فلسطينية,,,
1.4e+18,Slogans,1,#غزة_تنتصر,حصن تَظْفَرُ,2,100.00%,1.0,0.0,غزة تَظْفَرُ,,,
1.4e+18,Slogans,2,#غزة_تنتصر,عزيمة تَغْلُبُ,2,100.00%,1.0,1.0,العزيمة تَغْلُبُ,,,
1.4e+18,Slogans,3,#غزة_تنتصر,منعة تَظْفَرُ,2,100.00%,1.0,1.0,المنعة تَظْفَرُ,,,
1.4e+18,Slogans,4,#غزة_تنتصر,منيعة تَسْتَأْثِرُ,2,100.00%,1.0,1.0,المنيعة تَسْتَأْثِرُ,,,
1.4e+18,Slogans,5,#غزة_تنتصر,حصانة تَغْلُبُ,2,100.00%,1.0,1.0,الحصانة تَغْلُبُ,,,
1.4e+18,Slogans,6,#غزة_تنتصر,عزة تَفُوزُ,2,100.00%,1.0,0.0,عزة تَفُوزُ,,,
1.4e+18,Loaded Language,1,مخاوف,وجل,1,100.00%,,,وجل,,,
1.4e+18,Loaded Language,2,مخاوف,فزع,1,100.00%,,,فزع,,,
1.4e+18,Loaded Language,3,مخاوف,تخوفات,1,100.00%,,,تخوفات,,,
1.4e+18,Loaded Language,4,مخاوف,هواجس,1,100.00%,,,هواجس,,,
1.4e+18,Loaded Language,5,مخاوف,قلق,1,100.00%,,,قلق,,,
1.4e+18,Loaded Language,1,الوباء,الرجس,1,100.00%,,,الرجس,,,
1.4e+18,Loaded Language,2,الوباء,الوبيل,1,100.00%,,,الوبيل,,,
1.4e+18,Loaded Language,3,الوباء,الفناء,1,100.00%,,,الفناء,,,
1.4e+18,Loaded Language,4,الوباء,البلاء,1,100.00%,,,البلاء,,,
1.4e+18,Loaded Language,5,الوباء,الداء,1,100.00%,,,الداء,,,
1.4e+18,Loaded Language,1,أصالة,رَأْسِيَّة,1,100.00%,,,رَأْسِيَّة,,,
1.4e+18,Loaded Language,2,أصالة,أَصَمَّة,1,100.00%,,,أَصَمَّة,,,
1.4e+18,Loaded Language,3,أصالة,أَسَاسِيَّة,1,100.00%,,,أَسَاسِيَّة,,,
1.4e+18,Loaded Language,4,أصالة,أُسُّ,1,100.00%,,,أُسُّ,,,
1.4e+18,Loaded Language,5,أصالة,حَقِيقِيَّة,1,100.00%,,,حَقِيقِيَّة,,,
1.39e+18,Loaded Language,1,خطر,ضرر,1,100.00%,,,ضرر,,,
1.39e+18,Loaded Language,2,خطر,خسارة,1,100.00%,,,خسارة,,,
1.39e+18,Loaded Language,3,خطر,تحذير,1,100.00%,,,تحذير,,,
1.39e+18,Loaded Language,4,خطر,فادح,1,100.00%,,,فادح,,,
1.39e+18,Loaded Language,1,يهدد,يُقذّع,1,100.00%,,,يُقذّع,,,
1.39e+18,Loaded Language,2,يهدد,يُلوّح,1,100.00%,,,يُلوّح,,,
1.39e+18,Loaded Language,3,يهدد,يُزبد,1,100.00%,,,يُزبد,,,
1.39e+18,Loaded Language,4,يهدد,يُرعد,1,100.00%,,,يُرعد,,,
1.39e+18,Loaded Language,5,يهدد,يُهدّد,1,100.00%,,,يُهدّد,,,
1.39e+18,Loaded Language,6,يهدد,يُخوّف,1,100.00%,,,يُخوّف,,,
1.39e+18,Loaded Language,1,تعكروا,تَحَيَّرُوا,1,100.00%,,,تَحَيَّرُوا,,,
1.39e+18,Loaded Language,2,تعكروا,اِعْوَجُّوا,1,100.00%,,,اِعْوَجُّوا,,,
1.39e+18,Loaded Language,3,تعكروا,تَحَزَّزُوا,1,100.00%,,,تَحَزَّزُوا,,,
1.39e+18,Loaded Language,4,تعكروا,اِعْتَكَرُوا,1,100.00%,,,اِعْتَكَرُوا,,,
1.4e+18,Loaded Language,1,تدمير,دمار,1,100.00%,,,دمار,,,
1.4e+18,Loaded Language,2,تدمير,هلاك,1,100.00%,,,هلاك,,,
1.4e+18,Loaded Language,3,تدمير,تحطيم,1,100.00%,,,تحطيم,,,
1.4e+18,Loaded Language,4,تدمير,فساد,1,100.00%,,,فساد,,,
1.4e+18,Loaded Language,5,تدمير,تخريب,1,100.00%,,,تخريب,,,
1.4e+18,Loaded Language,1,انتهكت,خالفت,1,100.00%,,,خالفت,,,
1.4e+18,Loaded Language,2,انتهكت,خرقت,1,100.00%,,,خرقت,,,
1.4e+18,Loaded Language,3,انتهكت,داست,1,100.00%,,,داست,,,
1.4e+18,Loaded Language,4,انتهكت,انتقصت,1,100.00%,,,انتقصت,,,
1.4e+18,Loaded Language,5,انتهكت,تجاوزت,1,100.00%,,,تجاوزت,,,
1.4e+18,Loaded Language,6,انتهكت,سحقت,1,100.00%,,,سحقت,,,
1.21e+18,Name calling/Labeling,1,القراءات النسوية,القراءات حَرْمَجية,1,50.00%,,,القراءات حَرْمَجية,,,
1.21e+18,Name calling/Labeling,2,القراءات النسوية,المقروءات نِّسائيَّة,2,100.00%,,,المقروءات نِّسائيَّة,,,
1.21e+18,Name calling/Labeling,3,القراءات النسوية,الحِكَم إيغال في تأنيث,2,50.00%,,,الحِكَم إيغال في تأنيث,,,
1.21e+18,Name calling/Labeling,4,القراءات النسوية,المسموعات مؤنثة,2,100.00%,,,المسموعات مؤنثة,,,
1.4e+18,Loaded Language,1,يقتنص,اقتنص,1,100.00%,,,اقتنص,,,
1.4e+18,Loaded Language,2,يقتنص,أحكم,1,100.00%,,,أحكم,,,
1.4e+18,Loaded Language,3,يقتنص,انقض,1,100.00%,,,انقض,,,
1.4e+18,Loaded Language,4,يقتنص,ظفر,1,100.00%,,,ظفر,,,
1.37e+18,Name calling/Labeling,1,النظام,الاعتدال,1,100.00%,,,الاعتدال,,,
1.37e+18,Name calling/Labeling,2,النظام,الترتيبة,1,100.00%,,,الترتيبة,,,
1.37e+18,Name calling/Labeling,3,النظام,التنسيق,1,100.00%,,,التنسيق,,,
1.37e+18,Loaded Language,1,تتلاشى,تَضْمُرُ,1,100.00%,,,تَضْمُرُ,,,
1.37e+18,Loaded Language,2,تتلاشى,تَزْوَلُ,1,100.00%,,,تَزْوَلُ,,,
1.37e+18,Loaded Language,3,تتلاشى,تَنْحَسِرُ,1,100.00%,,,تَنْحَسِرُ,,,
1.37e+18,Loaded Language,4,تتلاشى,تَتَلَاشَى,1,100.00%,,,تَتَلَاشَى,,,
1.37e+18,Loaded Language,5,تتلاشى,تَذْبُلُ,1,100.00%,,,تَذْبُلُ,,,
1.4e+18,Loaded Language,1,بفضل,تَفَضُّلًا,1,100.00%,,,تَفَضُّلًا,,,
1.4e+18,Loaded Language,2,بفضل,إحسانا,1,100.00%,,,إحسانا,,,
1.4e+18,Loaded Language,3,بفضل,شكرا,1,100.00%,,,شكرا,,,
1.4e+18,Loaded Language,1,دفع حياته ثمنا,أبعد أوقاته سعرا,3,100.00%,,,أبعد أوقاته سعرا,,,
1.4e+18,Loaded Language,2,دفع حياته ثمنا,دفع عمره مَهْـرَزاً,2,66.70%,,,دفع عمره مَهْـرَزاً,,,
1.4e+18,Loaded Language,3,دفع حياته ثمنا,دفع سنينه مُقابِلاً,2,66.70%,,,دفع سنينه مُقابِلاً,,,
1.4e+18,Loaded Language,4,دفع حياته ثمنا,دفع عيشه أجراً,2,66.70%,,,دفع عيشه أجراً,,,
1.39e+18,Name calling/Labeling,1,المقاومة الفلسطينية,المقاومة لبنانيّة,1,50.00%,,,المقاومة لبنانيّة,,,
1.39e+18,Name calling/Labeling,2,المقاومة الفلسطينية,الصمود فلسطينية,1,50.00%,,,الصمود فلسطينية,,,
1.39e+18,Name calling/Labeling,3,المقاومة الفلسطينية,المعارضة فلستينية,2,100.00%,,,المعارضة فلستينية,,,
1.39e+18,Name calling/Labeling,4,المقاومة الفلسطينية,الثبات فلستينية,2,100.00%,,,الثبات فلستينية,,,
1.39e+18,Name calling/Labeling,5,المقاومة الفلسطينية,المقاومة فلسطينية,1,50.00%,,,المقاومة فلسطينية,,,
1.39e+18,Loaded Language,1,اشتد عليه الجوع,تعمّق عليه جُرْعَة,2,66.70%,,,تعمّق عليه جُرْعَة,,,
1.39e+18,Loaded Language,2,اشتد عليه الجوع,ازداد عليه جوع,1,33.30%,,,ازداد عليه جوع,,,
1.39e+18,Loaded Language,3,اشتد عليه الجوع,تعمّق عليه ضَنْك,2,66.70%,,,تعمّق عليه ضَنْك,,,
1.39e+18,Loaded Language,4,اشتد عليه الجوع,اشتد عليه مَسْغَبَة,1,33.30%,,,اشتد عليه مَسْغَبَة,,,
1.4e+18,Name calling/Labeling,1,قبة إسرائيل الحديدية,قبة إسرائيل حازمة,1,33.30%,,,قبة إسرائيل حازمة,,,
1.4e+18,Name calling/Labeling,2,قبة إسرائيل الحديدية,قُبَّة يَهُود صرْد,3,100.00%,,,قُبَّة يَهُود صرْد,,,
1.4e+18,Name calling/Labeling,3,قبة إسرائيل الحديدية,قُبَّة إسرائيل حازمة,2,66.70%,,,قُبَّة إسرائيل حازمة,,,
1.4e+18,Name calling/Labeling,4,قبة إسرائيل الحديدية,جَوْزَاء قَبَائِلُ إِسْرَائِيلِيَّةُ حديدية,2,50.00%,,,جَوْزَاء قَبَائِلُ إِسْرَائِيلِيَّةُ حديدية,,,
1.4e+18,Doubt,1,يدعو للتساؤل ما مدى فعاليتها أمام هجوم متطور,يُقَارِح استقصاء ما أجل مخرجاتها أمام تدافع متطور,5,62.50%,1.0,1.0,يرغب بالاستفسار عن ما مدى قوتها أمام اقتحام كبير,,,
1.4e+18,Doubt,2,يدعو للتساؤل ما مدى فعاليتها أمام هجوم متطور,يدعو استكشاف ما مهلة فعاليتها أمام هجوم متطور,2,25.00%,1.0,1.0,يدعو استكشاف ما تأثير فعاليتها أمام هجوم متطور,,,
1.4e+18,Doubt,3,يدعو للتساؤل ما مدى فعاليتها أمام هجوم متطور,يَرْغَب استيضاح ما سعة عمليتها أمام اقتحام محدث,6,75.00%,1.0,0.0,يَرْغَب استيضاح ما سعة عمليتها أمام اقتحام محدث,,,
1.4e+18,Doubt,4,يدعو للتساؤل ما مدى فعاليتها أمام هجوم متطور,يَرْغَب استعلام ما مدى نتائجها أمام هجوم مبتكر,4,50.00%,1.0,0.0,يَرْغَب استعلام ما مدى نتائجها أمام هجوم مبتكر,,,
1.4e+18,Loaded Language,1,تهاوي,تصدع,1,100.00%,,,تصدع,,,
1.4e+18,Loaded Language,2,تهاوي,انهدام,1,100.00%,,,انهدام,,,
1.4e+18,Loaded Language,3,تهاوي,انحطام,1,100.00%,,,انحطام,,,
1.4e+18,Loaded Language,4,تهاوي,انفراط,1,100.00%,,,انفراط,,,
1.4e+18,Loaded Language,5,تهاوي,تداعي,1,100.00%,,,تداعي,,,
1.4e+18,Name calling/Labeling,1,المقاومة,الصدّ,1,100.00%,,,الصدّ,,,
1.4e+18,Name calling/Labeling,2,المقاومة,المناعة,1,100.00%,,,المناعة,,,
1.4e+18,Name calling/Labeling,3,المقاومة,الثبات,1,100.00%,,,الثبات,,,
1.4e+18,Name calling/Labeling,4,المقاومة,المعارضة,1,100.00%,,,المعارضة,,,
1.4e+18,Name calling/Labeling,5,المقاومة,المدافعة,1,100.00%,,,المدافعة,,,
1.4e+18,Name calling/Labeling,6,المقاومة,المواجهة,1,100.00%,,,المواجهة,,,
1.4e+18,Loaded Language,1,العنف,الفظاظة,1,100.00%,,,الفظاظة,,,
1.4e+18,Loaded Language,2,العنف,القسوة,1,100.00%,,,القسوة,,,
1.4e+18,Loaded Language,3,العنف,الشدة,1,100.00%,,,الشدة,,,
1.4e+18,Loaded Language,4,العنف,الغلظة,1,100.00%,,,الغلظة,,,
1.4e+18,Loaded Language,5,العنف,الضراوت,1,100.00%,,,الضراوت,,,
1.4e+18,Loaded Language,1,الإرهاب,القسوة,1,100.00%,,,القسوة,,,
1.4e+18,Loaded Language,2,الإرهاب,العُنف,1,100.00%,,,العُنف,,,
1.4e+18,Loaded Language,3,الإرهاب,الرجفة,1,100.00%,,,الرجفة,,,
1.4e+18,Loaded Language,4,الإرهاب,الوحشية,1,100.00%,,,الوحشية,,,
1.4e+18,Loaded Language,5,الإرهاب,الفزع,1,100.00%,,,الفزع,,,
1.4e+18,Loaded Language,1,التحريض,الاستنهاض,1,100.00%,,,الاستنهاض,,,
1.4e+18,Loaded Language,2,التحريض,التأجيج,1,100.00%,,,التأجيج,,,
1.4e+18,Loaded Language,3,التحريض,التوعية,1,100.00%,,,التوعية,,,
1.4e+18,Loaded Language,4,التحريض,التنبيه,1,100.00%,,,التنبيه,,,
1.4e+18,Loaded Language,5,التحريض,الاستحثاث,1,100.00%,,,الاستحثاث,,,
1.39e+18,Loaded Language,1,الخوف,الهلع,1,100.00%,,,الهلع,,,
1.39e+18,Loaded Language,2,الخوف,الخشية,1,100.00%,,,الخشية,,,
1.39e+18,Loaded Language,1,موجة العنف,نَزْوَةٌ هيجان,2,100.00%,,,نَزْوَةٌ هيجان,,,
1.39e+18,Loaded Language,2,موجة العنف,فَوْرَةٌ ضراوت,2,100.00%,,,فَوْرَةٌ ضراوت,,,
1.39e+18,Loaded Language,3,موجة العنف,موجة قساوة,1,50.00%,,,موجة قساوة,,,
1.39e+18,Loaded Language,4,موجة العنف,زَخَرٌ ضراوت,2,100.00%,,,زَخَرٌ ضراوت,,,
8.71e+17,Name calling/Labeling,1,موقوفي «أحداث الدراز»,موقوفي حوادث دراز,1,33.30%,,,موقوفي حوادث دراز,,,
8.71e+17,Name calling/Labeling,2,موقوفي «أحداث الدراز»,موقوفي شؤون مُسْتَطِيلَة,2,66.70%,,,موقوفي شؤون مُسْتَطِيلَة,,,
8.71e+17,Name calling/Labeling,3,موقوفي «أحداث الدراز»,مُنتظر مناسبات دراز,2,66.70%,,,مُنتظر مناسبات دراز,,,
8.71e+17,Name calling/Labeling,4,موقوفي «أحداث الدراز»,معلّق حوادث سَّنَة,3,100.00%,,,معلّق حوادث سَّنَة,,,
8.71e+17,Name calling/Labeling,5,موقوفي «أحداث الدراز»,معلّق وقائع مُتَطَاوِفَة,3,100.00%,,,معلّق وقائع مُتَطَاوِفَة,,,
1.24e+18,Loaded Language,1,مفاجئة,بغتة,1,100.00%,,,بغتة,,,
1.24e+18,Loaded Language,2,مفاجئة,عَبْرَة,1,100.00%,,,عَبْرَة,,,
1.24e+18,Loaded Language,3,مفاجئة,زَائِرَة,1,100.00%,,,زَائِرَة,,,
1.24e+18,Loaded Language,4,مفاجئة,فجأة,1,100.00%,,,فجأة,,,
1.24e+18,Loaded Language,5,مفاجئة,خَاطِفَة,1,100.00%,,,خَاطِفَة,,,
1.24e+18,Loaded Language,6,مفاجئة,مُستَجَدَّة,1,100.00%,,,مُستَجَدَّة,,,
1.4e+18,Loaded Language,1,أطاح,قَضَى,1,100.00%,,,قَضَى,,,
1.4e+18,Loaded Language,2,أطاح,صَرَعَ,1,100.00%,,,صَرَعَ,,,
1.4e+18,Loaded Language,3,أطاح,هَدَمَ,1,100.00%,,,هَدَمَ,,,
1.4e+18,Loaded Language,4,أطاح,أسقَطَ,1,100.00%,,,أسقَطَ,,,
1.4e+18,Loaded Language,5,أطاح,حَطَّمَ,1,100.00%,,,حَطَّمَ,,,
1.37e+18,Name calling/Labeling,1,أطفال الأمل,صِبْيَان توقع,2,100.00%,,,صِبْيَان توقع,,,
1.37e+18,Name calling/Labeling,2,أطفال الأمل,نشء تطلع,2,100.00%,,,نشء تطلع,,,
1.37e+18,Name calling/Labeling,3,أطفال الأمل,حُدَّثاء توقع,2,100.00%,,,حُدَّثاء توقع,,,
1.37e+18,Name calling/Labeling,4,أطفال الأمل,غِلْمَان اشتياق,2,100.00%,,,غِلْمَان اشتياق,,,
1.37e+18,Name calling/Labeling,5,أطفال الأمل,قُصَّر رجاء,2,100.00%,,,قُصَّر رجاء,,,
1.36e+18,Loaded Language,1,قلب الإعصار,قلب هُوج,1,50.00%,,,قلب هُوج,,,
1.36e+18,Loaded Language,2,قلب الإعصار,قلب ريحٌ عاتية,1,33.30%,,,قلب ريحٌ عاتية,,,
1.36e+18,Loaded Language,3,قلب الإعصار,لب صَرْصَرَة,2,100.00%,,,لب صَرْصَرَة,,,
1.36e+18,Loaded Language,4,قلب الإعصار,لب هِرَقْلة,2,100.00%,,,لب هِرَقْلة,,,
1.36e+18,Loaded Language,5,قلب الإعصار,قلب دوامة,1,50.00%,,,قلب دوامة,,,
1.36e+18,Loaded Language,6,قلب الإعصار,قلب زَعْزَع,1,50.00%,,,قلب زَعْزَع,,,
1.39e+18,Loaded Language,1,وتفوق هائل,ريادة هائل,1,50.00%,1.0,0.0,ريادة هائلة,,,
1.39e+18,Loaded Language,2,وتفوق هائل,تفوق هائلٌ جداً,2,66.70%,1.0,1.0,نجاح عظيم,,,
1.39e+18,Loaded Language,3,وتفوق هائل,تفوقّ ضخيم,2,100.00%,1.0,0.0,تفوقّ ضخيم,,,
1.39e+18,Loaded Language,4,وتفوق هائل,امتياز مُنْبَهِر,2,100.00%,1.0,1.0,سبق هائل,,,
1.39e+18,Loaded Language,3,وتفوق هائل,تفوقّ ضخيم,2,100.00%,1.0,1.0,غلب عظيم,,,
1.39e+18,Loaded Language,4,وتفوق هائل,امتياز مُنْبَهِر,2,100.00%,1.0,1.0,امتياز مُنْبَهِر,,,
1.39e+18,Glittering generalities (Virtue),1,"وصافة وتفوق هائل لـ""أرامكو #السعودية"".. هنا ""ترتيب أكبر شركات العالم ربحية""",وصافة وتفوق هائل لـ بترومين سعودية هنا ترتيبة أشد شركات وجود مَغْنَم,5,41.70%,1.0,1.0,"وصافة وريادة هائلة لـ""أرامكو #السعودية"".. هنا ""ترتيب أعظم شركات العالم ربحية""",,,
1.39e+18,Glittering generalities (Virtue),2,"وصافة وتفوق هائل لـ""أرامكو #السعودية"".. هنا ""ترتيب أكبر شركات العالم ربحية""",وصافة تجاوز رهيب لـ نفطيةقابضة مملكة هنا ترتيب أعلا شركات عالم ربحية: رِجْحَة,6,46.20%,1.0,1.0,"وصافة ونجاح عظيم لـ""أرامكو #السعودية"".. هنا ""ترتيب أضخم مؤسسات الدنيا ربحية""",,,
1.39e+18,Glittering generalities (Virtue),3,"وصافة وتفوق هائل لـ""أرامكو #السعودية"".. هنا ""ترتيب أكبر شركات العالم ربحية""",ظهور وتفوق جليل لـ طاقةقوي أرض قداسة هنا ترتيب أضخم شراكات كون فسيح مَغْنَم,8,57.10%,1.0,1.0,"وصافة وغلب عظيم لـ""أرامكو #السعودية"".. هنا ""ترتيب أقدر اتحادات وجود نَفْع""",,,
1.39e+18,Glittering generalities (Virtue),4,"وصافة وتفوق هائل لـ""أرامكو #السعودية"".. هنا ""ترتيب أكبر شركات العالم ربحية""",وصافة وتفوق رهيب لـ شركتنفط مملكة هنا نظام أضخم مؤسسية شهيد ربحية: رِجْحَة,8,61.50%,1.0,1.0,"وصافة وتفوق ضخيم لـ""أرامكو #السعودية"".. هنا ""ترتيب أعظم مؤسسات العالم ربحية""",,,
1.39e+18,Glittering generalities (Virtue),3,"وصافة وتفوق هائل لـ""أرامكو #السعودية"".. هنا ""ترتيب أكبر شركات العالم ربحية""",ظهور وتفوق جليل لـ طاقةقوي أرض قداسة هنا ترتيب أضخم شراكات كون فسيح مَغْنَم,8,57.10%,1.0,1.0,"وصافة وامتياز مُنْبَهِر لـ""أرامكو #السعودية"".. هنا ""ترتيب أقدر اتحادات وجود نَفْع""",,,
1.39e+18,Glittering generalities (Virtue),4,"وصافة وتفوق هائل لـ""أرامكو #السعودية"".. هنا ""ترتيب أكبر شركات العالم ربحية""",وصافة وتفوق رهيب لـ شركتنفط مملكة هنا نظام أضخم مؤسسية شهيد ربحية: رِجْحَة,8,61.50%,1.0,1.0,"وصافة وسبق هائل لـ""أرامكو #السعودية"".. هنا ""ترتيب أعظم مؤسسات العالم ربحية""",,,
1.3e+18,Loaded Language,1,لإغاثة,مدد,1,100.00%,,,مدد,,,
1.3e+18,Loaded Language,2,لإغاثة,إنقاذ,1,100.00%,,,إنقاذ,,,
1.3e+18,Loaded Language,3,لإغاثة,مؤازرة,1,100.00%,,,مؤازرة,,,
1.3e+18,Loaded Language,4,لإغاثة,نجدة,1,100.00%,,,نجدة,,,
1.3e+18,Loaded Language,5,لإغاثة,إعانة,1,100.00%,,,إعانة,,,
1.4e+18,Loaded Language,1,تحبس أنفاسها,أوقفت نَفَسها,2,100.00%,,,أوقفت نَفَسها,,,
1.4e+18,Loaded Language,2,تحبس أنفاسها,حجرت نَفَسها,2,100.00%,,,حجرت نَفَسها,,,
1.4e+18,Loaded Language,3,تحبس أنفاسها,حبّقت أنفاسها,1,50.00%,,,حبّقت أنفاسها,,,
1.4e+18,Loaded Language,4,تحبس أنفاسها,تحبس نَسماتُها,1,50.00%,,,تحبس نَسماتُها,,,
1.39e+18,Slogans,1,#القدس_ينتفض,الـمـدينة ـمـُـقـدَّسـة يتمرّد,2,66.70%,1.0,1.0,#القدس_يقاوم,,,
1.39e+18,Slogans,2,#القدس_ينتفض,بـيـتـانـيـا ينتفض,1,50.00%,1.0,1.0,#القدس_يثور,,,
1.39e+18,Slogans,3,#القدس_ينتفض,الـمـدينة ـمـُـقـدَّسـة يتزعزع,2,66.70%,1.0,1.0,#القدس_يتحرك,,,
1.39e+18,Slogans,4,#القدس_ينتفض,سـيـنـاء يتحرك,2,100.00%,1.0,1.0,#القدس_يحارب,,,
1.39e+18,Slogans,5,#القدس_ينتفض,الـمـدينة ـمـُـقـدَّسـة ينتفض,1,33.30%,1.0,1.0,#المدينة المقدسة_تنتفض,,,
1.39e+18,Slogans,6,#القدس_ينتفض,الـمـدينة ـمـُـقـدَّسـة يتحرك,2,66.70%,1.0,1.0,#المدينة المقدسة_تثور,,,
1.39e+18,Slogans,1,#الأقصى_ينتفض,نهاية شيء يهتز,2,66.70%,1.0,1.0,#الأقصى_ينتفض,,,
1.39e+18,Slogans,2,#الأقصى_ينتفض,أقصى مدة يتأجج,2,66.70%,1.0,1.0,#الأقصى_يناضل,,,
1.39e+18,Slogans,3,#الأقصى_ينتفض,الأقصى يضطرب,1,50.00%,1.0,1.0,#الأقصى_يثور,,,
1.39e+18,Slogans,4,#الأقصى_ينتفض,الأبعدي ينتفض,1,50.00%,1.0,1.0,#المدينة_تقاوم,,,
1.39e+18,Slogans,1,#عمانيون_مع_القدس,الأبْناء مع قدس,1,33.30%,1.0,1.0,#مصريون_مع_القدس,,,
1.39e+18,Slogans,2,#عمانيون_مع_القدس,الأبْناء مع بـارُك,2,66.70%,1.0,1.0,#سعوديون_مع_القدس,,,
1.39e+18,Slogans,3,#عمانيون_مع_القدس,السَّبَئيّون مع بـلـدُ ـحـرم,2,50.00%,1.0,1.0,#اردنيون_مع_القدس,,,
1.39e+18,Slogans,4,#عمانيون_مع_القدس,السُّكّان أصليّون مع ـمـُـشـرفـة,2,50.00%,1.0,1.0,#جزائريون_مع_القدس,,,
1.39e+18,Slogans,5,#عمانيون_مع_القدس,السَّبَئيّون مع ـمـدِيـنـةُ ـمـُـقـدَّسـة,2,50.00%,1.0,1.0,#يمنيون_مع_القدس,,,
1.39e+18,Slogans,6,#عمانيون_مع_القدس,العَقَداء مع بـلـدُ ـحـرم,2,50.00%,1.0,1.0,#عراقيون_مع_القدس,,,
1.4e+18,Name calling/Labeling,1,الشراكة الاقتصادية,الشراكة مُدَبّرة حكيمة,1,33.30%,,,الشراكة مُدَبّرة حكيمة,,,
1.4e+18,Name calling/Labeling,2,الشراكة الاقتصادية,الزمالة اقتصادية,1,50.00%,,,الزمالة اقتصادية,,,
1.4e+18,Name calling/Labeling,3,الشراكة الاقتصادية,الزمالة مُقتصدة جدا,2,66.70%,,,الزمالة مُقتصدة جدا,,,
1.4e+18,Name calling/Labeling,4,الشراكة الاقتصادية,المصاحبة اقتصادية,1,50.00%,,,المصاحبة اقتصادية,,,
1.4e+18,Name calling/Labeling,5,الشراكة الاقتصادية,المشاركة اقتصادية,1,50.00%,,,المشاركة اقتصادية,,,
1.39e+18,Loaded Language,1, قصف,أبيد,1,100.00%,1.0,1.0,الإبادة,,,
1.39e+18,Loaded Language,2, قصف,دك,1,100.00%,1.0,1.0,الدك,,,
1.39e+18,Loaded Language,3, قصف,رجم,1,100.00%,1.0,1.0,الرجم,,,
1.39e+18,Loaded Language,4, قصف,اجتاح,1,100.00%,1.0,1.0,الإغارة,,,
1.39e+18,Loaded Language,4, قصف,اجتاح,1,100.00%,1.0,1.0,القمع,,,
1.39e+18,Slogans,1,#غزة_تحت_القصف,عزيمة تحت قصف,1,33.30%,1.0,1.0,غزة تحت الدك,,,
1.39e+18,Slogans,2,#غزة_تحت_القصف,غزة تحت إغارة,1,33.30%,1.0,1.0,غزة تحت الإغارة,,,
1.39e+18,Slogans,3,#غزة_تحت_القصف,غزة تحت قَمع,1,33.30%,1.0,1.0,غزة تحت القَمع,,,
1.39e+18,Slogans,4,#غزة_تحت_القصف,غزة تحت إبادة,1,33.30%,1.0,1.0,غزة تحت الإبادة,,,
1.39e+18,Slogans,5,#غزة_تحت_القصف,عزيمة تحت تَّهديم,2,66.70%,1.0,1.0,عزيمة تحت الرجم,,,
1.39e+18,Loaded Language,1,داوي,رتّب,1,100.00%,,,رتّب,,,
1.39e+18,Loaded Language,2,داوي,أصلح,1,100.00%,,,أصلح,,,
1.39e+18,Loaded Language,3,داوي,شفِي,1,100.00%,,,شفِي,,,
1.39e+18,Loaded Language,4,داوي,عالَج,1,100.00%,,,عالَج,,,
1.4e+18,Name calling/Labeling,1,شهداء,قُعُود,1,100.00%,,,قُعُود,,,
1.4e+18,Name calling/Labeling,2,شهداء,فُقَراء,1,100.00%,,,فُقَراء,,,
1.4e+18,Name calling/Labeling,3,شهداء,زُهَداء,1,100.00%,,,زُهَداء,,,
1.4e+18,Name calling/Labeling,4,شهداء,مُبَارَزُون,1,100.00%,,,مُبَارَزُون,,,
1.4e+18,Name calling/Labeling,5,شهداء,مُجَاهِدُون,1,100.00%,,,مُجَاهِدُون,,,
1.4e+18,Name calling/Labeling,1,الاحتلال,التملك,1,100.00%,,,التملك,,,
1.4e+18,Name calling/Labeling,2,الاحتلال,الاستيلاء,1,100.00%,,,الاستيلاء,,,
1.4e+18,Name calling/Labeling,3,الاحتلال,السيطرة,1,100.00%,,,السيطرة,,,
1.4e+18,Name calling/Labeling,4,الاحتلال,الاستحواذ,1,100.00%,,,الاستحواذ,,,
1.4e+18,Name calling/Labeling,5,الاحتلال,الاجتياح,1,100.00%,,,الاجتياح,,,
1.4e+18,Loaded Language,1, يقصف,يقصف: يَبتر,1,50.00%,,,يقصف: يَبتر,,,
1.4e+18,Loaded Language,2, يقصف,يَحطم,1,100.00%,,,يَحطم,,,
1.4e+18,Loaded Language,3, يقصف,يَخرس,1,100.00%,,,يَخرس,,,
1.4e+18,Loaded Language,4, يقصف,يَكسر,1,100.00%,,,يَكسر,,,
1.4e+18,Loaded Language,5, يقصف,يُدمّر,1,100.00%,,,يُدمّر,,,
1.25e+18,Loaded Language,1,يثير الحزن,يُنَبِّهُ هم,2,100.00%,,,يُنَبِّهُ هم,,,
1.25e+18,Loaded Language,2,يثير الحزن,يُبَعْثِرُ حزن,1,50.00%,,,يُبَعْثِرُ حزن,,,
1.25e+18,Loaded Language,3,يثير الحزن,يُنَبِّهُ حزن,1,50.00%,,,يُنَبِّهُ حزن,,,
1.25e+18,Loaded Language,4,يثير الحزن,يُنْشِطُ حزن,1,50.00%,,,يُنْشِطُ حزن,,,
1.25e+18,Loaded Language,5,يثير الحزن,يُغَيِّرُ يأس,2,100.00%,,,يُغَيِّرُ يأس,,,
1.39e+18,Loaded Language,1,حدادا,غمّا,1,100.00%,,,غمّا,,,
1.39e+18,Loaded Language,2,حدادا,ألمًا,1,100.00%,,,ألمًا,,,
1.39e+18,Loaded Language,3,حدادا,يأسا,1,100.00%,,,يأسا,,,
1.39e+18,Loaded Language,4,حدادا,لوعة,1,100.00%,,,لوعة,,,
1.39e+18,Name calling/Labeling,1,ضحايا,هَالِكُون,1,100.00%,,,هَالِكُون,,,
1.39e+18,Name calling/Labeling,2,ضحايا,مَذْبُوحُون,1,100.00%,,,مَذْبُوحُون,,,
1.39e+18,Name calling/Labeling,3,ضحايا,جَرْحى,1,100.00%,,,جَرْحى,,,
1.39e+18,Name calling/Labeling,4,ضحايا,مَسْفُوحُو دِّمَاءِ,1,50.00%,,,مَسْفُوحُو دِّمَاءِ,,,
1.39e+18,Name calling/Labeling,5,ضحايا,قَتْلى,1,100.00%,,,قَتْلى,,,
1.39e+18,Name calling/Labeling,6,ضحايا,ضَوَاعٍ,1,100.00%,,,ضَوَاعٍ,,,
1.39e+18,Loaded Language,1,ضحايا,مَفْقودون,1,100.00%,,,مَفْقودون,,,
1.39e+18,Loaded Language,2,ضحايا,خَسائر,1,100.00%,,,خَسائر,,,
1.39e+18,Loaded Language,3,ضحايا,مَسْحُوقون,1,100.00%,,,مَسْحُوقون,,,
1.39e+18,Loaded Language,4,ضحايا,مَذْبُوحون,1,100.00%,,,مَذْبُوحون,,,
1.39e+18,Loaded Language,5,ضحايا,مُهْزَمُون,1,100.00%,,,مُهْزَمُون,,,
1.39e+18,Loaded Language,6,ضحايا,مَقْتُولون,1,100.00%,,,مَقْتُولون,,,
1.4e+18,Loaded Language,1,احتجاجاً,تظلما,1,100.00%,,,تظلما,,,
1.4e+18,Loaded Language,2,احتجاجاً,تذمرًا,1,100.00%,,,تذمرًا,,,
1.4e+18,Loaded Language,3,احتجاجاً,تذمرا,1,100.00%,,,تذمرا,,,
1.4e+18,Loaded Language,4,احتجاجاً,تململا,1,100.00%,,,تململا,,,
1.4e+18,Loaded Language,5,احتجاجاً,شكوى,1,100.00%,,,شكوى,,,
1.4e+18,Loaded Language,6,احتجاجاً,اعتراضا,1,100.00%,,,اعتراضا,,,
1.4e+18,Name calling/Labeling,1,للاحتلال,الغزو,1,100.00%,,,الغزو,,,
1.4e+18,Name calling/Labeling,2,للاحتلال,السيطرة,1,100.00%,,,السيطرة,,,
1.4e+18,Name calling/Labeling,3,للاحتلال,الضم,1,100.00%,,,الضم,,,
1.4e+18,Name calling/Labeling,4,للاحتلال,الاستحواذ,1,100.00%,,,الاستحواذ,,,
1.4e+18,Slogans,1,#غزة_تحت_القصف,حصينة تحت قصف,1,33.30%,1.0,1.0,نابلس تحت القصف,,,
1.4e+18,Slogans,2,#غزة_تحت_القصف,مرصدة تحت قصف,1,33.30%,1.0,1.0,جباليا تحت الإغارة,,,
1.4e+18,Slogans,3,#غزة_تحت_القصف,حصينة تحت إغارة,2,66.70%,1.0,1.0,خانبونس تحت الإغارة,,,
1.4e+18,Slogans,4,#غزة_تحت_القصف,حامية تحت قصف,1,33.30%,1.0,1.0,رفح تحت النار,,,
1.29e+18,Loaded Language,1,مخاطر,أَوْهَامُ,1,100.00%,,,أَوْهَامُ,,,
1.29e+18,Loaded Language,2,مخاطر,مَغَامِرَاتٌ,1,100.00%,,,مَغَامِرَاتٌ,,,
1.29e+18,Loaded Language,3,مخاطر,مَخَافٍ,1,100.00%,,,مَخَافٍ,,,
1.29e+18,Loaded Language,4,مخاطر,مَحَاذِيرُ,1,100.00%,,,مَحَاذِيرُ,,,
1.4e+18,Loaded Language,1,متدهور,تراجع,1,100.00%,,,تراجع,,,
1.4e+18,Loaded Language,2,متدهور,انحطاط,1,100.00%,,,انحطاط,,,
1.4e+18,Loaded Language,3,متدهور,تدهس,1,100.00%,,,تدهس,,,
1.4e+18,Loaded Language,4,متدهور,انحلال,1,100.00%,,,انحلال,,,
1.4e+18,Loaded Language,5,متدهور,اضمحلال,1,100.00%,,,اضمحلال,,,
1.4e+18,Loaded Language,1,تحديات كبيرة,تحديات ضخامة,1,50.00%,,,تحديات ضخامة,,,
1.4e+18,Loaded Language,2,تحديات كبيرة,معضلات كبيرة,1,50.00%,,,معضلات كبيرة,,,
1.4e+18,Loaded Language,3,تحديات كبيرة,حِقب كبيرة,1,50.00%,,,حِقب كبيرة,,,
1.4e+18,Loaded Language,4,تحديات كبيرة,عقبات كبيرة,1,50.00%,,,عقبات كبيرة,,,
1.4e+18,Loaded Language,5,تحديات كبيرة,تحديات عظيمة,1,50.00%,,,تحديات عظيمة,,,
1.4e+18,Loaded Language,6,تحديات كبيرة,صعوبات عظيمة,2,100.00%,,,صعوبات عظيمة,,,
1.38e+18,Loaded Language,1, الوباء,الرجس,1,100.00%,,,الرجس,,,
1.38e+18,Loaded Language,2, الوباء,الفناء,1,100.00%,,,الفناء,,,
1.38e+18,Loaded Language,3, الوباء,الدَمَار,1,100.00%,,,الدَمَار,,,
1.38e+18,Loaded Language,4, الوباء,الوباءُ عُيَيني,1,50.00%,,,الوباءُ عُيَيني,,,
1.39e+18,Loaded Language,1,ضخمة,عظيمة,1,100.00%,,,عظيمة,,,
1.39e+18,Loaded Language,2,ضخمة,ضخامة,1,100.00%,,,ضخامة,,,
1.39e+18,Loaded Language,3,ضخمة,هائلة حجم,1,50.00%,,,هائلة حجم,,,
1.39e+18,Loaded Language,4,ضخمة,جبارة,1,100.00%,,,جبارة,,,
1.39e+18,Loaded Language,1,بـعدوان,ضراوتا,1,100.00%,,,ضراوتا,,,
1.39e+18,Loaded Language,2,بـعدوان,قسوة,1,100.00%,,,قسوة,,,
1.39e+18,Loaded Language,3,بـعدوان,شرّ,1,100.00%,,,شرّ,,,
1.39e+18,Loaded Language,4,بـعدوان,عدوانية,1,100.00%,,,عدوانية,,,
1.39e+18,Loaded Language,5,بـعدوان,ضراوة,1,100.00%,,,ضراوة,,,
1.39e+18,Loaded Language,6,بـعدوان,شرم,1,100.00%,,,شرم,,,
1.39e+18,Name calling/Labeling,1,الاحتلال,السيطرة,1,100.00%,,,السيطرة,,,
1.39e+18,Name calling/Labeling,2,الاحتلال,القهر,1,100.00%,,,القهر,,,
1.39e+18,Name calling/Labeling,3,الاحتلال,الإخضاع,1,100.00%,,,الإخضاع,,,
1.39e+18,Name calling/Labeling,4,الاحتلال,الاستيلاء,1,100.00%,,,الاستيلاء,,,
1.39e+18,Name calling/Labeling,5,الاحتلال,الهيمنة,1,100.00%,,,الهيمنة,,,
1.39e+18,Slogans,1,#غزة_تحت_القصف,حصن تحت حرق,2,66.70%,1.0,1.0,الحصن تحت الحرق,,,
1.39e+18,Slogans,2,#غزة_تحت_القصف,حامية تحت قصف,1,33.30%,1.0,1.0,الحامية تحت القصف,,,
1.39e+18,Slogans,3,#غزة_تحت_القصف,حصن تحت إغارة,2,66.70%,1.0,1.0,الحصن تحت الإغارة,,,
1.39e+18,Slogans,4,#غزة_تحت_القصف,مصونة تحت إفناء,2,66.70%,1.0,1.0,المدينة تحت الدمار,,,
1.39e+18,Slogans,5,#غزة_تحت_القصف,دارع تحت سحق,2,66.70%,1.0,1.0,البلد تحت القصف,,,
1.39e+18,Slogans,6,#غزة_تحت_القصف,غزة تحت إغارة,1,33.30%,1.0,1.0,الوطن تحت القصف,,,
1.4e+18,Appeal to fear/prejudice,1,الفطر الأسود بكل مكان,عيش غراب قَحْم بِمُجملِهِ مكان,3,60.00%,1.0,1.0,الفطر العفني في كل مكان,,,
1.4e+18,Appeal to fear/prejudice,2,الفطر الأسود بكل مكان,المُشْتَكَة قَحْم كُلَّما موئل,4,100.00%,1.0,1.0,العفن الأسود بكل سكن,,,
1.4e+18,Appeal to fear/prejudice,3,الفطر الأسود بكل مكان,القُطْف زَّرْقَم بكل سكن,3,75.00%,1.0,1.0,الفطر القاتم في كل جهة,,,
1.4e+18,Appeal to fear/prejudice,4,الفطر الأسود بكل مكان,الفطر لَّيْل كُلَّما دار,3,75.00%,1.0,1.0,العفن الأسود منتشر في كل منطقة,,,
1.39e+18,Loaded Language,1,يصطدمون,الارتطام,1,100.00%,,,الارتطام,,,
1.39e+18,Loaded Language,2,يصطدمون,التضارب,1,100.00%,,,التضارب,,,
1.39e+18,Loaded Language,3,يصطدمون,التصادم,1,100.00%,,,التصادم,,,
1.39e+18,Loaded Language,4,يصطدمون,الاصدام,1,100.00%,,,الاصدام,,,
1.39e+18,Name calling/Labeling,1,مشاكل التشرد ,مُعضلات تَّهَرُّب,2,100.00%,,,مُعضلات تَّهَرُّب,,,
1.39e+18,Name calling/Labeling,2,مشاكل التشرد ,متاعب تَّغَرُّب,2,100.00%,,,متاعب تَّغَرُّب,,,
1.39e+18,Name calling/Labeling,3,مشاكل التشرد ,حُزازات تشرد,1,50.00%,,,حُزازات تشرد,,,
1.39e+18,Name calling/Labeling,4,مشاكل التشرد ,مُشكلات تشرُّد,2,100.00%,,,مُشكلات تشرُّد,,,
1.39e+18,Name calling/Labeling,5,مشاكل التشرد ,مشاق تشرد,1,50.00%,,,مشاق تشرد,,,
1.39e+18,Loaded Language,1,التشرد,العَيْشُ على هامش,1,33.30%,,,العَيْشُ على هامش,,,
1.39e+18,Loaded Language,2,التشرد,الضياع,1,100.00%,,,الضياع,,,
1.39e+18,Loaded Language,3,التشرد,التشرّد,1,100.00%,,,التشرّد,,,
1.39e+18,Loaded Language,4,التشرد,التّيه,1,100.00%,,,التّيه,,,
1.39e+18,Loaded Language,1,الاعتداء,البطش,1,100.00%,,,البطش,,,
1.39e+18,Loaded Language,2,الاعتداء,الإضرار,1,100.00%,,,الإضرار,,,
1.39e+18,Loaded Language,3,الاعتداء,الاقتحام,1,100.00%,,,الاقتحام,,,
1.39e+18,Loaded Language,4,الاعتداء,التنكيل,1,100.00%,,,التنكيل,,,
8.71e+17,Loaded Language,1,هجوم,اعتساف,1,100.00%,,,اعتساف,,,
8.71e+17,Loaded Language,2,هجوم,اقتحامٌ,1,100.00%,,,اقتحامٌ,,,
8.71e+17,Loaded Language,3,هجوم,اغارة,1,100.00%,,,اغارة,,,
1.4e+18,Loaded Language,1,انهيار,تفكك,1,100.00%,,,تفكك,,,
1.4e+18,Loaded Language,2,انهيار,تصدع,1,100.00%,,,تصدع,,,
1.4e+18,Loaded Language,3,انهيار,استسلام,1,100.00%,,,استسلام,,,
1.4e+18,Loaded Language,4,انهيار,انحطام,1,100.00%,,,انحطام,,,
1.39e+18,Loaded Language,1,يمطرون,تَرذَذُ,1,100.00%,,,تَرذَذُ,,,
1.39e+18,Loaded Language,2,يمطرون,تَصبُّ,1,100.00%,,,تَصبُّ,,,
1.39e+18,Loaded Language,3,يمطرون,تَسحّجُ,1,100.00%,,,تَسحّجُ,,,
1.39e+18,Loaded Language,4,يمطرون,تَهطُلُ,1,100.00%,,,تَهطُلُ,,,
1.39e+18,Loaded Language,5,يمطرون,تَثجّرُ,1,100.00%,,,تَثجّرُ,,,
1.39e+18,Name calling/Labeling,1,قوات الاحتلال,فيالق احتلال,1,50.00%,,,فيالق احتلال,,,
1.39e+18,Name calling/Labeling,2,قوات الاحتلال,أسراب امتلاك,2,100.00%,,,أسراب امتلاك,,,
1.39e+18,Name calling/Labeling,3,قوات الاحتلال,فرق استعباد,2,100.00%,,,فرق استعباد,,,
1.39e+18,Name calling/Labeling,4,قوات الاحتلال,قوات امتلاك,1,50.00%,,,قوات امتلاك,,,
1.39e+18,Loaded Language,1,اشتباكات,معارك,1,100.00%,,,معارك,,,
1.39e+18,Loaded Language,2,اشتباكات,معارك ضارية,1,50.00%,,,معارك ضارية,,,
1.39e+18,Loaded Language,3,اشتباكات,نزاعات,1,100.00%,,,نزاعات,,,
1.39e+18,Loaded Language,4,اشتباكات,صدامات,1,100.00%,,,صدامات,,,
1.39e+18,Loaded Language,5,اشتباكات,صراعات,1,100.00%,,,صراعات,,,
1.39e+18,Loaded Language,6,اشتباكات,مجابهات,1,100.00%,,,مجابهات,,,
1.4e+18,Loaded Language,1,وقف اطلاق النار,وقف اطلاق وقود,1,33.30%,,,وقف اطلاق وقود,,,
1.4e+18,Loaded Language,2,وقف اطلاق النار,وقف تفويض تأجج,2,66.70%,,,وقف تفويض تأجج,,,
1.4e+18,Loaded Language,3,وقف اطلاق النار,وقف تمكين نار,1,33.30%,,,وقف تمكين نار,,,
1.4e+18,Loaded Language,4,وقف اطلاق النار,وقف تفويق احتراق,2,66.70%,,,وقف تفويق احتراق,,,
1.4e+18,Loaded Language,5,وقف اطلاق النار,وقف إطلاق جمر,2,66.70%,,,وقف إطلاق جمر,,,
1.4e+18,Slogans,1,#غزة_تنتصر,حامية تَسْتَعْلِي,2,100.00%,,,حامية تَسْتَعْلِي,,,
1.4e+18,Slogans,2,#غزة_تنتصر,دار عز تنتصر,1,33.30%,1.0,1.0,دار العز تنتصر,,,
1.4e+18,Slogans,3,#غزة_تنتصر,دار كرم تَقْهَرُ,2,66.70%,1.0,1.0,دار الكرم تَقْهَرُ العدو,,,
1.4e+18,Slogans,4,#غزة_تنتصر,دار منعة تَفُوزُ,2,66.70%,1.0,1.0,دار المنعة تَفُوزُ,,,
1.4e+18,Slogans,5,#غزة_تنتصر,دار كرم تَسْتَعْلِي,2,66.70%,1.0,1.0,دار الكرم تكسب,,,
1.4e+18,Slogans,6,#غزة_تنتصر,دار عز تَرْتَفِعُ,2,66.70%,1.0,1.0,دار العز تعلو,,,
1.34e+18,Name calling/Labeling,1,حضرة صاحب الجلالة السلطان,حضرة صاحب سؤدد ملك,2,50.00%,1.0,1.0,مهابة سيادة الجلالة الملك,,,
1.34e+18,Name calling/Labeling,2,حضرة صاحب الجلالة السلطان,حضرة أنيس ملكوة سلطان,2,50.00%,1.0,1.0,سيادة سمو العظمة السلطان,,,
1.34e+18,Name calling/Labeling,3,حضرة صاحب الجلالة السلطان,حضرة صاحب سيادة حاكم,2,50.00%,1.0,1.0,عزت صاحب العظمة الملك,,,
1.34e+18,Name calling/Labeling,4,حضرة صاحب الجلالة السلطان,هامة خلّ قُدسية قائد,4,100.00%,1.0,1.0,هيبة الملك السلطان,,,
1.34e+18,Name calling/Labeling,5,حضرة صاحب الجلالة السلطان,حضرة رفيق سيادة مُتسلّط,3,75.00%,1.0,1.0,حضرة صاحب السمو,,,
1.34e+18,Name calling/Labeling,1,المعظم القائد الأعلى,المعظم قائد أوج,2,66.70%,1.0,1.0,المعظم القائد الأكبر,,,
1.34e+18,Name calling/Labeling,2,المعظم القائد الأعلى,الأمجدّ قائد أعلى,1,33.30%,1.0,1.0,الأمجدّ القائد الأعلى,,,
1.34e+18,Name calling/Labeling,3,المعظم القائد الأعلى,الأكرم قائد سمـاء,2,66.70%,1.0,1.0,الجليل المسئول الأعلى,,,
1.34e+18,Name calling/Labeling,4,المعظم القائد الأعلى,المنيع مُنظِّم عُلا,3,100.00%,1.0,1.0,المبجل أعلى قائد,,,
1.34e+18,Name calling/Labeling,5,المعظم القائد الأعلى,المعظم مُنظِّم سـقف,2,66.70%,1.0,1.0,الشريف القائد الأوحد,,,
1.34e+18,Glittering generalities (Virtue),1,حضرة صاحب الجلالة السلطان #هيثم_بن_طارق المعظم القائد الأعلى - حفظه الله ورعاه – يقيم مساء اليوم حفل عشاء بمناسبة #يوم_القوات_المسلحة بقصر البركة العامر,مهابة ملازم جلالة سيادة غليظ بن طارق معظم سيد مُرْتَفَع احتوى واحد عناية به يُوَطِّدُ مساء يوم بهجة عشاء حول يوم محاربون مُهيأة مُقَصِّر خير مكتظ,17,65.40%,1.0,1.0,مهابة سيادة الجلالة الملك #هيثم_بن_طارق المعظم القائد الأكبر - حماه الله ورعاه – يجهز مساء اليوم احتفال عشاء بمناسبة #يوم_القوات_المسلحة بقصر البركة العامر,,,
1.34e+18,Glittering generalities (Virtue),2,حضرة صاحب الجلالة السلطان #هيثم_بن_طارق المعظم القائد الأعلى - حفظه الله ورعاه – يقيم مساء اليوم حفل عشاء بمناسبة #يوم_القوات_المسلحة بقصر البركة العامر,هيبة ملازم جلالة سلطان أدهم بن طارق مَوْقُوف قائد أعلى احتفظ واحد عناية به يُقِيمُ دَّعَائِمَ مساء يوم مأدبة عشاء في يوم محاربون محاربة بقصر زيادة مقيم,14,51.90%,1.0,1.0,سيادة سمو العظمة السلطان #هيثم_بن_طارق الأمجدّ القائد الأعلى - حفظه الله ورعاه – يقيم مساء اليوم حفل عشاء بمناسبة #يوم_القوات_المسلحة بقصر البركة العامر,,,
1.34e+18,Glittering generalities (Virtue),3,حضرة صاحب الجلالة السلطان #هيثم_بن_طارق المعظم القائد الأعلى - حفظه الله ورعاه – يقيم مساء اليوم حفل عشاء بمناسبة #يوم_القوات_المسلحة بقصر البركة العامر,حضرة زميل جلالة متسلط شديد بن غازٍ مُقَدَّم قائد سمـاء حفظه مُبدع ورعاه يقيم مساء يوم حفل عَشْوَة في يوم قوات مُهيأة مَمْنُوع وفرة ممتلئ,13,52.00%,1.0,1.0,عزت صاحب العظمة الملك #هيثم_بن_طارق الجليل المسئول الأعلى - حفظه الله ورعاه – يقيم مساء اليوم احتفال عشاء بمناسبة #يوم_القوات_المسلحة بقصر البركة العامر,,,
1.34e+18,Glittering generalities (Virtue),4,حضرة صاحب الجلالة السلطان #هيثم_بن_طارق المعظم القائد الأعلى - حفظه الله ورعاه – يقيم مساء اليوم حفل عشاء بمناسبة #يوم_القوات_المسلحة بقصر البركة العامر,هيبة ملازم ملكوت سيادة هيثم بن مُنقضّ مَوْقُوف إمام أعلى وثّق مُهيمن ورعاه يُثَبِّتُ مساء يوم لقاء عَشْوَة في يوم جيش مسلحةُ مَمْنُوع بركة مزدهي,17,68.00%,1.0,1.0,هيبة الملك السلطان #هيثم_بن_طارق المبجل أعلى قائد - حفظه الله وحماه – يقيم مساء اليوم حفل عشاء بمناسبة #يوم_القوات_المسلحة بقصر البركة العامر,,,
1.34e+18,Glittering generalities (Virtue),5,حضرة صاحب الجلالة السلطان #هيثم_بن_طارق المعظم القائد الأعلى - حفظه الله ورعاه – يقيم مساء اليوم حفل عشاء بمناسبة #يوم_القوات_المسلحة بقصر البركة العامر,حضرة صديق جلالة ملك هيثم بن طارق فَضْل زعيم أعلى سجل أحد ورعاه يقيم مساء يوم وليمة عشاء عن يوم قوات مسلحة مُقَتَبِس نعمة عامر,10,40.00%,1.0,1.0,حضرة صاحب السمو السلطان #هيثم_بن_طارق الشريف القائد الأوحد - حفظه الله ورعاه – يقيم مساء اليوم حفل عشاء بمناسبة #يوم_القوات_المسلحة بقصر البركة العامر,,,
1.4e+18,Loaded Language,1,خطفته,سطَا عليه,1,50.00%,,,سطَا عليه,,,
1.4e+18,Loaded Language,2,خطفته,انتزعه,1,100.00%,,,انتزعه,,,
1.4e+18,Loaded Language,3,خطفته,أسره,1,100.00%,,,أسره,,,
1.4e+18,Loaded Language,4,خطفته,اختطافًا,1,100.00%,,,اختطافًا,,,
1.4e+18,Loaded Language,5,خطفته,اختلسه,1,100.00%,,,اختلسه,,,
1.4e+18,Loaded Language,1,فقد أول حب في عمره بحادث سيارة,فقد أول حب في عمره كارثة عربة,2,28.60%,,,فقد أول حب في عمره كارثة عربة,,,
1.4e+18,Loaded Language,2,فقد أول حب في عمره بحادث سيارة,فقد أول حب في دَهْرُهُ نِقمة آلية,3,42.90%,,,فقد أول حب في دَهْرُهُ نِقمة آلية,,,
1.4e+18,Loaded Language,3,فقد أول حب في عمره بحادث سيارة,فقد أول حب في مُدَّةُ عُمُرِهِ بلية سيارة,2,25.00%,,,فقد أول حب في مُدَّةُ عُمُرِهِ بلية سيارة,,,
1.4e+18,Loaded Language,4,فقد أول حب في عمره بحادث سيارة,فقد أول حب في بَقَاءُهُ نِقمة محرك,3,42.90%,,,فقد أول حب في بَقَاءُهُ نِقمة محرك,,,
1.4e+18,Loaded Language,5,فقد أول حب في عمره بحادث سيارة,فقد أول حب في عُمْرُهُ نكبة شاحنة,3,42.90%,,,فقد أول حب في عُمْرُهُ نكبة شاحنة,,,
1.4e+18,Loaded Language,6,فقد أول حب في عمره بحادث سيارة,فقد أول حب في بَقَاءُهُ بحادث آلية,2,28.60%,,,فقد أول حب في بَقَاءُهُ بحادث آلية,,,
1.4e+18,Slogans,1,#صحار_العز_والفخر,حمم عز عزة,2,66.70%,1.0,1.0,حمم العز و العزة,,,
1.4e+18,Slogans,2,#صحار_العز_والفخر,قفار عظمة والفخر,2,66.70%,1.0,1.0,قفار العظمة والفخر,,,
1.4e+18,Slogans,3,#صحار_العز_والفخر,هضاب عز هيبة,2,66.70%,1.0,1.0,هضاب العز والهيبة,,,
1.4e+18,Slogans,4,#صحار_العز_والفخر,مراع عز والفخر,1,33.30%,1.0,1.0,مراع العز والفخر,,,
1.4e+18,Appeal to fear/prejudice,1,القطاعات تتهاوى تباعا,الأجزاء تتلاشى تالي,3,100.00%,1.0,1.0,الأجزاء تتلاشى على التوالي,,,
1.4e+18,Appeal to fear/prejudice,2,القطاعات تتهاوى تباعا,القطاعات تتزعزع تاليا,2,66.70%,1.0,1.0,القطاعات تتزعزع وراء بعض,,,
1.4e+18,Appeal to fear/prejudice,3,القطاعات تتهاوى تباعا,الفئات تتزعزع لاحقا,3,100.00%,1.0,0.0,الفئات تسقط لاحقا,,,
1.4e+18,Appeal to fear/prejudice,4,القطاعات تتهاوى تباعا,التصنيفات تسقط تواليا,3,100.00%,1.0,0.0,التصنيفات تتحطم تواليا,,,
1.4e+18,Appeal to fear/prejudice,1,القطاعات تتهاوى تباعا,الأجزاء تتلاشى تالي,3,100.00%,1.0,1.0,الأجزاء تتصدع على التوالي,,,
1.4e+18,Appeal to fear/prejudice,2,القطاعات تتهاوى تباعا,القطاعات تتزعزع تاليا,2,66.70%,1.0,1.0,القطاعات تتداعى وراء بعض,,,
1.4e+18,Loaded Language,1,تتهاوى,تتحطم,1,100.00%,1.0,1.0,تتلاشى,,,
1.4e+18,Loaded Language,2,تتهاوى,تنهضس,1,100.00%,1.0,1.0,تتزعزع,,,
1.4e+18,Loaded Language,3,تتهاوى,تتصدع,1,100.00%,1.0,1.0,تسقط,,,
1.4e+18,Loaded Language,1,تتهاوى,تتحطم,1,100.00%,1.0,0.0,تتحطم,,,
1.4e+18,Loaded Language,3,تتهاوى,تتصدع,1,100.00%,1.0,0.0,تتصدع,,,
1.4e+18,Loaded Language,4,تتهاوى,تتداعى,1,100.00%,1.0,0.0,تتداعى,,,
1.38e+18,Appeal to fear/prejudice,1,السيسي: لن يستطيع أحد أن يأخذ نقطة مياه من مصر ومن يريد أن يجرب سيتحمل العواقب,الفاني لن أجاد أحد أن استلب إشارة مياه من قاهرة ومن يريد أن يتفحص جابه عواقب,7,43.80%,1.0,1.0,السيسي: لن يقدر أحد أن يستولي على نقطة مياه من مصر ومن يريد أن يجرب سيتحمل النتائج,,,
1.38e+18,Appeal to fear/prejudice,2,السيسي: لن يستطيع أحد أن يأخذ نقطة مياه من مصر ومن يريد أن يجرب سيتحمل العواقب,المسّن لن أحرز أحد أن يأخذ نقطة مياه/ ماء/ مائعة/ سوائل/ أمواه/ أنهار/ بحار/ مروج/ مسطحات مائية/ سواقٍ/ عيون من فراعنة ومن ينوي أن يختبر تحملّى آثار,8,29.60%,1.0,1.0,الرئيس لن يستطيع أحد أن يستولي على  نقطة مياه من مصر ومن يرغب أن يجرب سيتحمل ما سيحدث له,,,
1.38e+18,Appeal to fear/prejudice,3,السيسي: لن يستطيع أحد أن يأخذ نقطة مياه من مصر ومن يريد أن يجرب سيتحمل العواقب,السيد لن أتقن أحد أن يأخذ فاصلة مياه من مصرية ومن يهدف أن يفتش صمد عقبى,8,50.00%,1.0,1.0,السيسي: لن يستطيع أحد أن يأخذ نقطة مياه من مصر ومن يريد أن يجرب سيرى ما لا يحمد عقباه,,,
1.29e+18,Loaded Language,1, انفجار,تطاير,1,100.00%,,,تطاير,,,
1.29e+18,Loaded Language,2, انفجار,انبجاس,1,100.00%,,,انبجاس,,,
1.29e+18,Loaded Language,3, انفجار,اندفاع,1,100.00%,,,اندفاع,,,
1.29e+18,Loaded Language,4, انفجار,تشظي,1,100.00%,,,تشظي,,,
1.29e+18,Loaded Language,5, انفجار,تفتت,1,100.00%,,,تفتت,,,
1.29e+18,Loaded Language,6, انفجار,انطلاق,1,100.00%,,,انطلاق,,,
1.29e+18,Name calling/Labeling,1,شهيداً,مَقْتُول,1,100.00%,,,مَقْتُول,,,
1.29e+18,Name calling/Labeling,2,شهيداً,مَأْسُوف,1,100.00%,,,مَأْسُوف,,,
1.29e+18,Name calling/Labeling,3,شهيداً,مُسْتَشْهَد,1,100.00%,,,مُسْتَشْهَد,,,
1.29e+18,Name calling/Labeling,4,شهيداً,مَجْنُود,1,100.00%,,,مَجْنُود,,,
1.29e+18,Loaded Language,1,70 شهيداً,مُجَاهِد,1,100.00%,,,مُجَاهِد,,,
1.29e+18,Loaded Language,2,70 شهيداً,مَغْدور,1,100.00%,,,مَغْدور,,,
1.29e+18,Loaded Language,3,70 شهيداً,شهيد,1,100.00%,,,شهيد,,,
1.29e+18,Loaded Language,4,70 شهيداً,قتيل,1,100.00%,,,قتيل,,,
1.29e+18,Loaded Language,1,وأكثر من 3 آلاف جريح,وأكثر من رهط مصاب,2,50.00%,,,وأكثر من رهط مصاب,,,
1.29e+18,Loaded Language,2,وأكثر من 3 آلاف جريح,مفرط من جم مُكدّر,3,75.00%,,,مفرط من جم مُكدّر,,,
1.29e+18,Loaded Language,3,وأكثر من 3 آلاف جريح,مُكثّف من وف جريح,2,50.00%,,,مُكثّف من وف جريح,,,
1.29e+18,Loaded Language,4,وأكثر من 3 آلاف جريح,مُبالغ من آلاف مُكدّر,2,50.00%,,,مُبالغ من آلاف مُكدّر,,,
1.39e+18,Name calling/Labeling,1,الاحتلال,السيطرة,1,100.00%,,,السيطرة,,,
1.39e+18,Name calling/Labeling,2,الاحتلال,الاستعباد,1,100.00%,,,الاستعباد,,,
1.39e+18,Name calling/Labeling,3,الاحتلال,الاجتياح,1,100.00%,,,الاجتياح,,,
1.39e+18,Name calling/Labeling,4,الاحتلال,الضم,1,100.00%,,,الضم,,,
1.39e+18,Name calling/Labeling,5,الاحتلال,الهيمنة,1,100.00%,,,الهيمنة,,,
1.39e+18,Slogans,1,#غزة_تحت_القصف,دارُ عـزّ تحت تعرية,2,50.00%,1.0,1.0,دارُ عـزّ تحت التعرية,,,
1.39e+18,Slogans,2,#غزة_تحت_القصف,معقل تحت قصف,1,33.30%,1.0,1.0,الوطن تحت القصف,,,
1.39e+18,Slogans,3,#غزة_تحت_القصف,حـوزة تحت إهلاك,2,66.70%,1.0,1.0,حـوزة تحت الإهلاك,,,
1.39e+18,Slogans,4,#غزة_تحت_القصف,حصنٌ حصين تحت قصف,1,25.00%,1.0,1.0,الحصنٌ الحصين تحت القصف,,,
1.38e+18,Smears,1,أبي احمد شخص لا يمكن الثقة فيه,أبي احمد مَحْضُ لا يمكن اعتقاد فيه,2,28.60%,1.0,1.0,أبي احمد انسان لا يمكن ائتمانه,,,
1.38e+18,Smears,2,أبي احمد شخص لا يمكن الثقة فيه,والد حمد شخص لا يمكن ثقة فيه,2,28.60%,1.0,1.0,والد حمد شخص لا يمكن الاطمئنان له,,,
1.38e+18,Smears,3,أبي احمد شخص لا يمكن الثقة فيه,أبي مرغّب مَرْء لا يمكن تثبّت فيه,3,42.90%,1.0,1.0,أبي مرغّب مَرْء لا يمكن الاعتماد عليه,,,
1.38e+18,Smears,4,أبي احمد شخص لا يمكن الثقة فيه,سيد تقدير كائن لا يمكن ثقة فيه,3,42.90%,1.0,1.0,حمزة انسان غير موثوق به,,,
1.38e+18,Smears,5,أبي احمد شخص لا يمكن الثقة فيه,سيدي مدح فرد لا يمكن ثقة فيه,3,42.90%,1.0,1.0,سيدي جمال فرد لا يمكن الثقة فيه,,,
1.36e+18,Name calling/Labeling,1,جلالة الملك,مهابة ملك,1,50.00%,,,مهابة ملك,,,
1.36e+18,Name calling/Labeling,2,جلالة الملك,عِزَّة ملك,1,50.00%,,,عِزَّة ملك,,,
1.36e+18,Name calling/Labeling,3,جلالة الملك,عظمة رَّبّ,2,100.00%,,,عظمة رَّبّ,,,
1.36e+18,Name calling/Labeling,4,جلالة الملك,جلالة مَلِك,1,50.00%,,,جلالة مَلِك,,,
1.36e+18,Name calling/Labeling,5,جلالة الملك,عِزَّة مَلِك,2,100.00%,,,عِزَّة مَلِك,,,
1.36e+18,Slogans,1,#الصحراء_المغربية,السهوب شمالية,2,100.00%,1.0,1.0,صحراء المغرب العربي,,,
1.36e+18,Slogans,2,#الصحراء_المغربية,العَرْق مغربية,1,50.00%,1.0,1.0,القفر المغربية,,,
1.36e+18,Slogans,3,#الصحراء_المغربية,الصحراء إفريقيّة,1,50.00%,1.0,1.0,الصحراء الإفريقيّة,,,
1.36e+18,Slogans,4,#الصحراء_المغربية,الصحراء بربرية,1,50.00%,1.0,1.0,الصحراء البربرية,,,
1.36e+18,Slogans,5,#الصحراء_المغربية,القفرُ مغربية,1,50.00%,1.0,1.0,الصحراء العربية,,,
1.39e+18,Appeal to fear/prejudice,1, الشرطة الفرنسية تلاحق عدد من النشطاء بعد دعوات لتنظيم مظاهرة في #باريس للتنديد بالقصف على #غزة,السّجانة فرنسية تطارد عدد من مُنجزون بعد مساع ضبط تظاهر في باريس للتنديد سحق على عزة,8,50.00%,1.0,1.0,السّجانة الفرنسية تطارد عدد من المتظاهرين بعد مساع تنظيم تظاهر في باريس للتحذير بالسحق على عزة,,,
1.39e+18,Appeal to fear/prejudice,2, الشرطة الفرنسية تلاحق عدد من النشطاء بعد دعوات لتنظيم مظاهرة في #باريس للتنديد بالقصف على #غزة,العسكر فرنسية تلاحق عدد من مقاومون بعد دعوات ترشيد احتجاج في باريس تّأنيب ابادة على سطوة,7,43.80%,1.0,1.0,العسكر الفرنسية تلاحق عدد من المقاومين بعد دعوات احتجاج في باريس للتأنيب بالابادة على غزة,,,
1.39e+18,Appeal to fear/prejudice,3, الشرطة الفرنسية تلاحق عدد من النشطاء بعد دعوات لتنظيم مظاهرة في #باريس للتنديد بالقصف على #غزة,العسكر غالية تلاحق عدد من مقاومون بعد مناجاة تهيئة انتفاضة في باريز إخراج قصف على سطوة,10,62.50%,1.0,1.0,افراد الشرطة تعاقب عدد من النشطاء بعد دعوتهم  لانتفاضة رفضا  بالتدمير الشامل على رفح,,,
1.39e+18,Loaded Language,1,بالقصف,تعذيب,1,100.00%,1.0,1.0,بالسحق,,,
1.39e+18,Loaded Language,2,بالقصف,تخريب,1,100.00%,1.0,1.0,بالابادة,,,
1.39e+18,Loaded Language,3,بالقصف,اجتياح,1,100.00%,1.0,1.0,بالتدمير الشامل,,,
1.39e+18,Loaded Language,4,للتنديد,التَّنبيه,1,100.00%,1.0,1.0,رفضا,,,
1.39e+18,Loaded Language,5,للتنديد,التّحذير,1,100.00%,1.0,1.0,للتحذير,,,
1.39e+18,Loaded Language,6,للتنديد,التّأنيب,1,100.00%,1.0,1.0,للتأنيب,,,
1.36e+18,Loaded Language,1,يجتاح,اجتياح,1,100.00%,,,اجتياح,,,
1.36e+18,Loaded Language,2,يجتاح,اجتاح,1,100.00%,,,اجتاح,,,
1.36e+18,Loaded Language,3,يجتاح,يَغْزُو,1,100.00%,,,يَغْزُو,,,
1.36e+18,Loaded Language,4,يجتاح,يَسْتَولي,1,100.00%,,,يَسْتَولي,,,
1.36e+18,Loaded Language,5,يجتاح,يَسْتَبْدِر,1,100.00%,,,يَسْتَبْدِر,,,
1.39e+18,Loaded Language,1,يفاجئهم ,يُفاجأهم,1,100.00%,,,يُفاجأهم,,,
1.39e+18,Loaded Language,2,يفاجئهم ,يُبهتهم,1,100.00%,,,يُبهتهم,,,
1.39e+18,Loaded Language,3,يفاجئهم ,يُحير أذهانهم,1,50.00%,,,يُحير أذهانهم,,,
1.39e+18,Loaded Language,4,يفاجئهم ,يُحيرهم,1,100.00%,,,يُحيرهم,,,
1.39e+18,Loaded Language,5,يفاجئهم ,يُذهلهم,1,100.00%,,,يُذهلهم,,,
1.39e+18,Loaded Language,6,يفاجئهم ,يُعجزهم,1,100.00%,,,يُعجزهم,,,
1.39e+18,Glittering generalities (Virtue),1,مدون أسترالي يدفع مشتريات الغرباء بالمتاجر,منسّخ أسترالي يدفع به مقتنيات شخصية وافدون دُكَّانَات,5,62.50%,1.0,1.0,كاتب يوناني يدفع مشتريات المحتاجين بالمتاجر,,,
1.39e+18,Glittering generalities (Virtue),2,مدون أسترالي يدفع مشتريات الغرباء بالمتاجر,كاتب أسترالي يقشط مقتنيات شخصية غَربَة بالمتاجر,4,57.10%,1.0,1.0,شاعر فرنسي يدفع مشتريات الناس بالمتاجر,,,
1.39e+18,Glittering generalities (Virtue),3,مدون أسترالي يدفع مشتريات الغرباء بالمتاجر,مؤرّخ مَرْجَانِيّ يقشط مشتريات غرباء معاملات,4,66.70%,1.0,1.0,شخص أسترالي يدفع مقتنيات الغرباء في المحلات التجارية,,,
1.39e+18,Glittering generalities (Virtue),4,مدون أسترالي يدفع مشتريات الغرباء بالمتاجر,كاتب يوميات مَرْجَانِيّ يُنفق مشتريات مُغترِبون سوق,5,71.40%,1.0,1.0,مدون أسترالي يتبرع بدفع ما يشتريه الناس الغريبة في المحلات,,,
1.39e+18,Glittering generalities (Virtue),5,مدون أسترالي يدفع مشتريات الغرباء بالمتاجر,مؤرّخ أسترالي يقشط مشتريات وُحُوش مَحالُّ,4,66.70%,1.0,1.0,كاتب بريطاني يساعد الغرباء بدفع قيمة مشترياتهم في المتجر,,,
8.94e+17,Loaded Language,1,هيمنة,سيادة,1,100.00%,,,سيادة,,,
8.94e+17,Loaded Language,2,هيمنة,سطوة,1,100.00%,,,سطوة,,,
8.94e+17,Loaded Language,3,هيمنة,سَيْطَرَة,1,100.00%,,,سَيْطَرَة,,,
8.94e+17,Loaded Language,4,هيمنة,سيطرة,1,100.00%,,,سيطرة,,,
8.94e+17,Loaded Language,5,هيمنة,سُلطة,1,100.00%,,,سُلطة,,,
8.94e+17,Loaded Language,1,وقصور,انْكِسَارٌ,1,100.00%,,,انْكِسَارٌ,,,
8.94e+17,Loaded Language,2,وقصور,إغْفَالٌ,1,100.00%,,,إغْفَالٌ,,,
8.94e+17,Loaded Language,3,وقصور,تَرَاخٍ,1,100.00%,,,تَرَاخٍ,,,
8.94e+17,Loaded Language,4,وقصور,تَقْصِيرٌ,1,100.00%,,,تَقْصِيرٌ,,,
8.94e+17,Loaded Language,5,وقصور,انْحِسَارٌ,1,100.00%,,,انْحِسَارٌ,,,
8.94e+17,Loaded Language,6,وقصور,تَبَاطُؤٌ,1,100.00%,,,تَبَاطُؤٌ,,,
1.39e+18,Name calling/Labeling,1,حيفا المحتلة ,حيفا مسلوبة,1,50.00%,,,حيفا مسلوبة,,,
1.39e+18,Name calling/Labeling,2,حيفا المحتلة ,هَلَكَة محاصرة,2,100.00%,,,هَلَكَة محاصرة,,,
1.39e+18,Name calling/Labeling,3,حيفا المحتلة ,خَسَارَة محتلة,1,50.00%,,,خَسَارَة محتلة,,,
1.39e+18,Name calling/Labeling,4,حيفا المحتلة ,حيفا مقيّدة,1,50.00%,,,حيفا مقيّدة,,,
1.39e+18,Name calling/Labeling,5,حيفا المحتلة ,إِضْرَار مقموحة,2,100.00%,,,إِضْرَار مقموحة,,,
1.39e+18,Name calling/Labeling,6,حيفا المحتلة ,مَضْيَعَة محتلة,1,50.00%,,,مَضْيَعَة محتلة,,,
1.39e+18,Name calling/Labeling,1,الاحتلال,القهر,1,100.00%,,,القهر,,,
1.39e+18,Name calling/Labeling,2,الاحتلال,الاستعباد,1,100.00%,,,الاستعباد,,,
1.39e+18,Name calling/Labeling,3,الاحتلال,الاستيلاء,1,100.00%,,,الاستيلاء,,,
1.39e+18,Name calling/Labeling,4,الاحتلال,الإخضاع,1,100.00%,,,الإخضاع,,,
1.39e+18,Name calling/Labeling,5,الاحتلال,الاجتياح,1,100.00%,,,الاجتياح,,,
1.39e+18,Loaded Language,1,تظاهرة,احتجاج,1,100.00%,,,احتجاج,,,
1.39e+18,Loaded Language,2,تظاهرة,مسيرة,1,100.00%,,,مسيرة,,,
1.39e+18,Loaded Language,3,تظاهرة,تجمع جماهيري,1,50.00%,,,تجمع جماهيري,,,
1.39e+18,Loaded Language,4,تظاهرة,مظاهرة,1,100.00%,,,مظاهرة,,,
1.39e+18,Loaded Language,5,تظاهرة,اعتصام,1,100.00%,,,اعتصام,,,
1.39e+18,Loaded Language,1,في وجه مخططات الاحتلال,في اتجاه مشاريع احتلال,2,50.00%,,,في اتجاه مشاريع احتلال,,,
1.39e+18,Loaded Language,2,في وجه مخططات الاحتلال,في وجه مخططات استيلاء,1,25.00%,,,في وجه مخططات استيلاء,,,
1.39e+18,Loaded Language,3,في وجه مخططات الاحتلال,في مقصَد مسارات تسلط,3,75.00%,,,في مقصَد مسارات تسلط,,,
1.39e+18,Loaded Language,4,في وجه مخططات الاحتلال,في ناحية خطط هيمنة,3,75.00%,,,في ناحية خطط هيمنة,,,
1.39e+18,Loaded Language,5,في وجه مخططات الاحتلال,في وجه مخططات اجتياح,1,25.00%,,,في وجه مخططات اجتياح,,,
1.4e+18,Smears,1,سر إجبار #إيران للمحكوم عليهن بالاعدام على الزواج,سر إجبار كِرْمان مُدان بشأنِها إقصاء على تزويج,5,62.50%,1.0,1.0,سر فرض #إيران للمحكوم عليهن بالموت على الخطوبة,,,
1.4e+18,Smears,2,سر إجبار #إيران للمحكوم عليهن بالاعدام على الزواج,سر إجبار أصفهان مُدان عليهن بالاعدام على اقتران,3,37.50%,1.0,1.0,سر إرغام بلاد فارس للمحكوم عليهن إعدام رميا بالرصاص على الزواج,,,
1.4e+18,Smears,3,سر إجبار #إيران للمحكوم عليهن بالاعدام على الزواج,سر إمعان إيران مُسْتَبْدَد حولهن إهلاك على زواج,4,50.00%,1.0,1.0,فكرة فرض #إيران للمسجون عليهن بالاعدام على التزاوج,,,
1.4e+18,Loaded Language,2,للمحكوم عليهن بالاعدام,للمحكوم عليهن إعدام رميا بالرصاص,1,20.00%,1.0,0.0,للمحكوم عليهن إعدام رميا بالرصاص,,,
1.4e+18,Loaded Language,3,للمحكوم عليهن بالاعدام,المَأْسُور فيهن إحالة إلى مشنقة,3,60.00%,1.0,1.0,للمحكوم عليهن بالموت,,,
1.4e+18,Loaded Language,4,للمحكوم عليهن بالاعدام,المَسْجُون عليهن بالاعدام,1,33.30%,1.0,0.0,للمسجون عليهن بالاعدام,,,
1.4e+18,Loaded Language,2,إجبار,إجبارية,1,100.00%,1.0,1.0,فرض,,,
1.4e+18,Loaded Language,3,إجبار,إرغام,1,100.00%,1.0,0.0,إرغام,,,
1.4e+18,Loaded Language,4,إجبار,فرض,1,100.00%,1.0,0.0,فرض,,,
1.4e+18,Glittering generalities (Virtue),1,الإمارات: ندعم السعودية في كل ما تتخذه من إجراءات لحفظ أمنها وسلامة مواطنيها والمقيمين على أراضيها,الإمارات نسانِد بلد حرام في كل ما تتخذه من خطوات وقائية حفظية هدوؤها سلامة عقل رعاياها والمقيمين على جهاتها,8,42.10%,1.0,1.0,الإمارات: نساند السعودية في كل ما تقوم من إجراءات لحفظ أمنها وسلامة مواطنيها والمقيمين على أراضيها,,,
1.4e+18,Glittering generalities (Virtue),2,الإمارات: ندعم السعودية في كل ما تتخذه من إجراءات لحفظ أمنها وسلامة مواطنيها والمقيمين على أراضيها,ربوع ندعم أرض قداسة في كل ما اصطفاه من إجراءات عمليّة لحفظ ارتياحها اعتدال أهالي بلد مقيمين/ مستقرين/ دائمين/ مقيمين بها/ مستوطنين/ مستقرين بها/ ساكنين/ مقامين/ جالسين/ قارين/ ثابتين على أراضيها,8,25.80%,1.0,1.0,قطر نؤيد مصر في كل ما تتخذه من ترتيبات للحفاظ على أمنها وسلامة مواطنيها والمستقريين على أراضيها,,,
1.4e+18,Glittering generalities (Virtue),3,الإمارات: ندعم السعودية في كل ما تتخذه من إجراءات لحفظ أمنها وسلامة مواطنيها والمقيمين على أراضيها,الإمارات ندعم أرض عروبة في كل ما ارتضاه من خطوات وقائية لحفظ ارتياحها سلامة أهاليها مقيمين/ مستقرين/ دائمين/ مقيمين بها/ مستوطنين/ مستقرين بها/ ساكنين/ مقامين/ جالسين/ قارين/ ثابتين على أراضيها,7,23.30%,1.0,1.0,الأردن نناصر السعودية في كل ما تتخذه من افعال لحفظ أمنها وسلامة أهلها والمقيمين على أراضيها,,,
1.4e+18,Glittering generalities (Virtue),4,الإمارات: ندعم السعودية في كل ما تتخذه من إجراءات لحفظ أمنها وسلامة مواطنيها والمقيمين على أراضيها,أمّارة نعضدّ مهبط وحي في كل ما تتخذه من خطّة عمل لحفظ هدوؤها وسلامة سكان محليون والمقيمين على أرجائها,7,36.80%,1.0,1.0,الكويت نآزر العراق في كل ما ترتضيه من اساليب لحفظ أمنها وسلامة مواطنيها والمستقرين على أراضيها,,,
1.15e+18,Loaded Language,1,عمق الأزمة,أَغْوار كَارِثَة,2,100.00%,,,أَغْوار كَارِثَة,,,
1.15e+18,Loaded Language,2,عمق الأزمة,أَجْوَف كَارِثَة,2,100.00%,,,أَجْوَف كَارِثَة,,,
1.15e+18,Loaded Language,3,عمق الأزمة,عمق مُصِيبَة,1,50.00%,,,عمق مُصِيبَة,,,
1.15e+18,Loaded Language,4,عمق الأزمة,تَوَغُّل مَأْزَق,2,100.00%,,,تَوَغُّل مَأْزَق,,,
1.36e+18,Loaded Language,1, فساد وسرقه ونهب ومحسوبيه,فساد وسرقه اختلس أصحاب جاه,2,40.00%,1.0,1.0,فساد واختلاس ونهب ومحسوبيه,,,
1.36e+18,Loaded Language,2, فساد وسرقه ونهب ومحسوبيه,فساد سلب سلب محسوبة,3,75.00%,1.0,1.0,الفساد والسرقه والمحسوبيه,,,
1.36e+18,Loaded Language,3, فساد وسرقه ونهب ومحسوبيه,خلل اغتصب انتزع معتمدية,4,100.00%,1.0,1.0,فساد اغتصبها ونهب ومحسوبيه,,,
1.36e+18,Loaded Language,4, فساد وسرقه ونهب ومحسوبيه,فساد سرق اختلس معتمدية,3,75.00%,1.0,1.0,اختلاس وسرقه ونهب ومحسوبيه,,,
1.36e+18,Name calling/Labeling,1,مليشيا الحوثي,ألوية حيدري,2,100.00%,1.0,1.0,ألوية الحوثي,,,
1.36e+18,Name calling/Labeling,2,مليشيا الحوثي,مليشيا رافضي,1,50.00%,1.0,1.0,جماعة الحوثي,,,
1.36e+18,Name calling/Labeling,3,مليشيا الحوثي,مليشيا همداني,1,50.00%,1.0,1.0,كتائب الحوثي,,,
1.36e+18,Name calling/Labeling,4,مليشيا الحوثي,كتائب حوثي,1,50.00%,1.0,1.0,فرق الشيعي,,,
1.36e+18,Smears,1,هذه دوله هادي باختصار فساد وسرقه ونهب ومحسوبيه لاتفرق عن مليشيا الحوثي بشي,هذه إقليم وديع باختصار فساد استولى عليها اختلس مقربون لاتفرق عن سرايا حوثي علامة,7,50.00%,1.0,1.0,هذا إقليم هذا انه باختصار فساد واختلاس ونهب ومحسوبيه ولا يوجد فرق عن ألوية الحوثي بشي,,,
1.36e+18,Smears,2,هذه دوله هادي باختصار فساد وسرقه ونهب ومحسوبيه لاتفرق عن مليشيا الحوثي بشي,هذه أمة مهاد باختصار خطيئة سلبها نهب ومحسوبيه لا تختلف عن فرسان متمرّن علامة,9,64.30%,1.0,1.0,هل هذه أمة هادي مجموعة من الفساد والسرقه والمحسوبيه لا تختلف عن جماعة الحوثي بشي,,,
1.36e+18,Smears,3,هذه دوله هادي باختصار فساد وسرقه ونهب ومحسوبيه لاتفرق عن مليشيا الحوثي بشي,هذه مقاطعة متأني باختصار فساد اغتصبها ونهب ومحسوبيه لا تتفاوت عن حشد زيدي واقعة,7,50.00%,1.0,1.0,هذه مقاطعة هادي فساد اغتصبها ونهب ومحسوبيه لا تتفاوت عن  كتائب الحوثي بشي,,,
1.36e+18,Smears,4,هذه دوله هادي باختصار فساد وسرقه ونهب ومحسوبيه لاتفرق عن مليشيا الحوثي بشي,هذه مقاطعة لطيف مجملاً إفساد اغتصبها اختلس ومحسوبيه لا تفترق عن مليشيا ثائر حقيقة,9,64.30%,1.0,1.0,هذه دويلة هادي باختصار اختلاس وسرقه ونهب ومحسوبيه لاتفرق عن فرق الشيعي بشي,,,
1.36e+18,Name calling/Labeling,1,دوله هادي,مشيخة مُسالم,2,100.00%,1.0,1.0,إقليم هذا,,,
1.36e+18,Name calling/Labeling,2,دوله هادي,مملكة هادي,1,50.00%,1.0,1.0,أمة هادي,,,
1.36e+18,Name calling/Labeling,3,دوله هادي,مملكة مُتzen,2,100.00%,1.0,1.0,مقاطعة هادي,,,
1.36e+18,Name calling/Labeling,4,دوله هادي,جمهورية ساكن,2,100.00%,1.0,1.0,دويلة هادي,,,
1.4e+18,Loaded Language,1,إضراب تام,عصيان مُكتمل نمو,2,66.70%,,,عصيان مُكتمل نمو,,,
1.4e+18,Loaded Language,2,إضراب تام,انسحاب مُكتمل نمو,2,66.70%,,,انسحاب مُكتمل نمو,,,
1.4e+18,Loaded Language,3,إضراب تام,توقّف مُكتمل نمو,2,66.70%,,,توقّف مُكتمل نمو,,,
1.4e+18,Loaded Language,4,إضراب تام,مقاطعة مُنته,2,100.00%,,,مقاطعة مُنته,,,
1.4e+18,Loaded Language,1,"رفضاَ لممارسات ""قسد"" التعسفية",اعتذارا تدريبات سِلاَح تعسفية,3,75.00%,,,اعتذارا تدريبات سِلاَح تعسفية,,,
1.4e+18,Loaded Language,2,"رفضاَ لممارسات ""قسد"" التعسفية",امتناعا محاكاة سِلاَح فردية,4,100.00%,,,امتناعا محاكاة سِلاَح فردية,,,
1.4e+18,Loaded Language,3,"رفضاَ لممارسات ""قسد"" التعسفية",زجرا تدريبات حَرْب تعسفية,3,75.00%,,,زجرا تدريبات حَرْب تعسفية,,,
1.4e+18,Loaded Language,4,"رفضاَ لممارسات ""قسد"" التعسفية",رفضا سلوكيات قسد مستبدة,2,50.00%,,,رفضا سلوكيات قسد مستبدة,,,
1.4e+18,Loaded Language,5,"رفضاَ لممارسات ""قسد"" التعسفية",رفضا لممارسات قسد تعسّية,1,25.00%,,,رفضا لممارسات قسد تعسّية,,,
1.4e+18,"Obfuscation, Intentional vagueness, Confusion",1,لا يزال الوافد يتواجد في بعض المهن,لا مُواظِب مستوطن يتواجَد في بعض وظيفة,4,57.10%,1.0,1.0,مازال اللاجئ يعمل في بعض الوظائف,,,
1.4e+18,"Obfuscation, Intentional vagueness, Confusion",2,لا يزال الوافد يتواجد في بعض المهن,لا يزال وافد يتواجد: يحضر في بعض تجارات,2,25.00%,1.0,1.0,لا يزال الغريب يحضر في بعض تجارات,,,
1.4e+18,"Obfuscation, Intentional vagueness, Confusion",3,لا يزال الوافد يتواجد في بعض المهن,لا مُتصل غريب يتواجد في بعض عمل,3,42.90%,1.0,1.0,لا يزال المهاجر يشتغل في بعض المهن,,,
1.4e+18,"Obfuscation, Intentional vagueness, Confusion",4,لا يزال الوافد يتواجد في بعض المهن,لا يزال آتي يقيم في بعض مهن,2,28.60%,1.0,1.0,لا يزال الآتي يقيم في بعض الاختصاصات,,,
1.4e+18,"Obfuscation, Intentional vagueness, Confusion",5,لا يزال الوافد يتواجد في بعض المهن,لا دائم آتي يستقرّ في بعض اختصاصات,4,57.10%,1.0,1.0,مازال غير المواطن يعمل في بعض المهن,,,
1.4e+18,"Obfuscation, Intentional vagueness, Confusion",6,لا يزال الوافد يتواجد في بعض المهن,لا يزال مهاجر يوجد في بعض عمل,3,42.90%,1.0,1.0,حتى الان يعمل بعض اللاجئيين في بعض الوظائف,,,
1.37e+18,Loaded Language,1,لنهضة رائدة,التطور رَائِدَة,2,100.00%,1.0,1.0,لتطور رائد,,,
1.37e+18,Loaded Language,2,لنهضة رائدة,النهضة رائدة,1,50.00%,1.0,1.0,لنهضة متألقة,,,
1.37e+18,Loaded Language,3,لنهضة رائدة,لنهضة فَاتِحَة,1,50.00%,1.0,1.0,لنهضة لا مثيل لها,,,
1.37e+18,Loaded Language,4,لنهضة رائدة,لنهضة مُنْقَبِضَة,1,50.00%,1.0,1.0,للتطور المتألق,,,
1.37e+18,Glittering generalities (Virtue),1,حديث ولي العهد رئيس مجلس الوزراء حمل طموحات وطنية وخارطة طريق لنهضة رائدة,سرد ولي مواثيق مُدِير مجلس أعوان أثقالة رغبات أَصِيلَة مسودة مسيرة استيقاظ مُتَألِّقَة,11,84.60%,1.0,1.0,لقاء ولي العهد رئيس مجلس الوزراء حمل مقاصد وطنية وخارطة درب لنهضة متألقة,,,
1.37e+18,Glittering generalities (Virtue),1,حديث ولي العهد رئيس مجلس الوزراء حمل طموحات وطنية وخارطة طريق لنهضة رائدة,سرد ولي مواثيق مُدِير مجلس أعوان أثقالة رغبات أَصِيلَة مسودة مسيرة استيقاظ مُتَألِّقَة,11,84.60%,1.0,1.0,لقاء ولي العهد رئيس مجلس الوزراء حمل تَوَقُّعَات وطنية وخارطة درب لنهضة متألقة,,,
1.37e+18,Glittering generalities (Virtue),2,حديث ولي العهد رئيس مجلس الوزراء حمل طموحات وطنية وخارطة طريق لنهضة رائدة,كلام ولي عهد رئيس مَقْعَد وزراء أوزار مُـقاصَد قُطْريَّة خارط مسار نهوض رائدة,8,61.50%,1.0,1.0,كلام ولي العهد رئيس مجلس الوزراء منح أماني وطنية وخارطة توضيحية لنهضة لا مثيل لها,,,
1.37e+18,Glittering generalities (Virtue),3,حديث ولي العهد رئيس مجلس الوزراء حمل طموحات وطنية وخارطة طريق لنهضة رائدة,محادثة حامي عهدَة مُتَوَلِّي مَجْتَمَع مساعدون حمل مُـقاصَد وطنية وخارطة دربة انبعاث رائدة,9,69.20%,1.0,1.0,سرد ولي العهد رئيس مجلس الوزراء يعبر عن تطلعات وطنية وخارطة المسار لتطور رائد,,,
1.37e+18,Glittering generalities (Virtue),3,حديث ولي العهد رئيس مجلس الوزراء حمل طموحات وطنية وخارطة طريق لنهضة رائدة,محادثة حامي عهدَة مُتَوَلِّي مَجْتَمَع مساعدون حمل مُـقاصَد وطنية وخارطة دربة انبعاث رائدة,9,69.20%,1.0,1.0,سرد ولي العهد رئيس مجلس الوزراء يعبر عن منى محلية وخارطة المسار لتطور رائد,,,
1.37e+18,Glittering generalities (Virtue),4,حديث ولي العهد رئيس مجلس الوزراء حمل طموحات وطنية وخارطة طريق لنهضة رائدة,حديث مؤازر عهد رئيس مَجْتَمَع وزراء حمل أماني مَحَلِّيَّة خريطة توضيحية طريق لنهضة مُتَألِّقَة,6,42.90%,1.0,1.0,مقابلة ولي العهد رئيس مجلس الوزراء تحمل أفكار تطلعات مستقبل أَصيلة و مسار لطريق للتطور المتألق,,,
1.37e+18,Loaded Language,1,طموحات وطنية,طموحات عَلَم,1,50.00%,1.0,1.0,مقاصد وطنية,,,
1.37e+18,Loaded Language,2,طموحات وطنية,تطلعات مستقبل أَصْلِيَّة,2,66.70%,1.0,0.0,تطلعات مستقبل أَصيلة,,,
1.37e+18,Loaded Language,3,طموحات وطنية,تَوَقُّعَات وطنية,1,50.00%,1.0,0.0,تَوَقُّعَات وطنية,,,
1.37e+18,Loaded Language,4,طموحات وطنية,مُنْى مَحَلِّيَّة,2,100.00%,1.0,0.0,منى محلية,,,
1.37e+18,Loaded Language,3,طموحات وطنية,تَوَقُّعَات وطنية,1,50.00%,1.0,1.0,أماني وطنية,,,
1.37e+18,Loaded Language,4,طموحات وطنية,مُنْى مَحَلِّيَّة,2,100.00%,1.0,1.0,تطلعات وطنية,,,
1.4e+18,Loaded Language,1,ازدراء,استخفاف,1,100.00%,1.0,0.0,استخفاف,,,
1.4e+18,Loaded Language,2,ازدراء,احتقار,1,100.00%,1.0,0.0,احتقار,,,
1.4e+18,Loaded Language,3,ازدراء,ازور,1,100.00%,1.0,1.0,تحقير,,,
1.4e+18,Loaded Language,4,ازدراء,ازوراد,1,100.00%,1.0,1.0,استهجان,,,
1.4e+18,Loaded Language,5,ازدراء,استصغار,1,100.00%,1.0,0.0,استصغار,,,
1.4e+18,Whataboutism,1,ازدراء الأديان أم ازدراء العقل؟,تحقير ملل أم ازدراء فهم,3,60.00%,1.0,1.0,تحقير الأديان أم تحقير اللفهم,,,
1.4e+18,Whataboutism,2,ازدراء الأديان أم ازدراء العقل؟,ازدراء أديان أم احتقار فهم,2,40.00%,1.0,1.0,استخفاف الأديان أم احتقار الهم,,,
1.4e+18,Whataboutism,3,ازدراء الأديان أم ازدراء العقل؟,احتقار ملل أم تحقير إدراك,4,80.00%,1.0,1.0,احتقار العقائد أم استصغار الإدراك,,,
1.4e+18,Whataboutism,4,ازدراء الأديان أم ازدراء العقل؟,استهجان عقائد أم ازدراء إدراك,3,60.00%,1.0,1.0,استهجان العقائد أم ازدراء الإدراك,,,
1.03e+18,Loaded Language,1,أزمة,نَقْمَة,1,100.00%,1.0,1.0,نقمة,,,
1.03e+18,Loaded Language,2,أزمة,بَلِيَّة,1,100.00%,1.0,0.0,بلية,,,
1.03e+18,Loaded Language,3,أزمة,مَحْنَة,1,100.00%,1.0,0.0,مصيبة,,,
1.03e+18,Loaded Language,3,أزمة,مَحْنَة,1,100.00%,1.0,0.0,محنة,,,
1.03e+18,Loaded Language,4,أزمة,ضَائِقَة,1,100.00%,1.0,1.0,ضائقة,,,
1.03e+18,Loaded Language,5,أزمة,نَكْبَة,1,100.00%,1.0,1.0,ضيق,,,
1.03e+18,Loaded Language,1,انتعاشة,انتعالة,1,100.00%,1.0,1.0,ازدهار,,,
1.03e+18,Loaded Language,2,انتعاشة,انتعاس,1,100.00%,1.0,1.0,نماء,,,
1.03e+18,Loaded Language,3,انتعاشة,انتعاز,1,100.00%,1.0,1.0,تطور,,,
1.03e+18,Loaded Language,4,انتعاشة,انتعاش,1,100.00%,1.0,1.0,نشاط,,,
1.03e+18,Loaded Language,5,انتعاشة,انتعامة,1,100.00%,1.0,1.0,انتعامة,,,
1.03e+18,"Obfuscation, Intentional vagueness, Confusion",1,انتعاشة ظرفيّة تحجب أزمة هيكليّة,انتعاز مُتَطَوِّرَة حجبت محنة تشكيلية,5,100.00%,1.0,1.0,ازدهار مؤقت يحجب محنة تشكيلية,,,
1.03e+18,"Obfuscation, Intentional vagueness, Confusion",2,انتعاشة ظرفيّة تحجب أزمة هيكليّة,انتعاز ظرفية سترت أزمة تَصَوُّريَّة,3,60.00%,1.0,1.0,نماء لحظى يخفى ضيق هيكلي,,,
1.03e+18,"Obfuscation, Intentional vagueness, Confusion",3,انتعاشة ظرفيّة تحجب أزمة هيكليّة,انتعاظ ظرفية أخفت ضيق هيكلية,3,60.00%,1.0,1.0,تطور وقتي يعيق ضائقة هيكليّة,,,
1.03e+18,"Obfuscation, Intentional vagueness, Confusion",3,انتعاشة ظرفيّة تحجب أزمة هيكليّة,انتعاظ ظرفية أخفت ضيق هيكلية,3,60.00%,1.0,1.0,تطور وقتي يعيق بلية هيكليّة,,,
1.03e+18,"Obfuscation, Intentional vagueness, Confusion",4,انتعاشة ظرفيّة تحجب أزمة هيكليّة,انتعاشة مُتَقَلِّبَة سدت ضائقة مُتَكَوِّنَة,4,80.00%,1.0,1.0,انتعامة مؤقتة تعيق مصيبة بنائية,,,
1.03e+18,"Obfuscation, Intentional vagueness, Confusion",5,انتعاشة ظرفيّة تحجب أزمة هيكليّة,انتعاز مُؤَقَّتَة عاقت مُصيبة بنائية,5,100.00%,1.0,1.0,نشاط ظرفي يستستر على نقمة تشكيلية,,,
1.36e+18,Loaded Language,1,خسارة تاريخية,فوات تاريخية,1,50.00%,,,فوات تاريخية,,,
1.36e+18,Loaded Language,2,خسارة تاريخية,هدر تاريخية,1,50.00%,,,هدر تاريخية,,,
1.36e+18,Loaded Language,3,خسارة تاريخية,خسارة مُسجلة,1,50.00%,,,خسارة مُسجلة,,,
1.36e+18,Loaded Language,4,خسارة تاريخية,فوات مَرْوِيَّة,2,100.00%,,,فوات مَرْوِيَّة,,,
1.36e+18,Loaded Language,5,خسارة تاريخية,خسارة ماضوية,1,50.00%,,,خسارة ماضوية,,,
1.36e+18,Loaded Language,6,خسارة تاريخية,نقصان تاريخية,1,50.00%,,,نقصان تاريخية,,,
1.39e+18,Name calling/Labeling,1,الاحتلال الإسرائيلي,الغزو سِبْطـي,2,100.00%,1.0,1.0,محاربي الاحتلال الإسرائيلي,,,
1.39e+18,Name calling/Labeling,2,الاحتلال الإسرائيلي,الغزو إسرائيلي,1,50.00%,1.0,1.0,الجنود المحتلين الصهاينة,,,
1.39e+18,Name calling/Labeling,3,الاحتلال الإسرائيلي,الاحتلال صهيوني,1,50.00%,1.0,1.0,الاحتلال الصهيوني,,,
1.39e+18,Name calling/Labeling,4,الاحتلال الإسرائيلي,الاستعباد إسرائيلي,1,50.00%,1.0,1.0,الاستبداد الإسرائيلي,,,
1.39e+18,Name calling/Labeling,5,الاحتلال الإسرائيلي,القمع فلسطيني,2,100.00%,1.0,1.0,القمع فلسطيني,,,
1.39e+18,Loaded Language,1,طفل فلسطيني يبكي,طفل مَوْطِنِيٌّ يبكي,1,33.30%,1.0,1.0,غلام فلسطيني يبكي,,,
1.39e+18,Loaded Language,2,طفل فلسطيني يبكي,صبي فِلَسْطِينِيٌّ ينوح,3,100.00%,1.0,1.0,طفل فلسطيني يندب,,,
1.39e+18,Loaded Language,3,طفل فلسطيني يبكي,ولد مُنَاضِلٌ يبكي,2,66.70%,1.0,1.0,غلام فلسطيني يذرف,,,
1.39e+18,Loaded Language,4,طفل فلسطيني يبكي,طفل مُحْتَلٌّ يندب,2,66.70%,1.0,1.0,ولد فلسطيني ينوح,,,
1.39e+18,Smears,1,طفل فلسطيني يبكي لأن جنود الاحتلال الإسرائيلي منعوه من الصلاة في الأقصى,صبي فلسطيني يضج لأن محاربين احتلال إسرائيلي حَجَزوه - مَنَعُوه - صَدُّوه - أَعْاقُوه - أَمْسَكُوه - قَبْضُوا عَلَيْهِ - حَبَسُوه - أَبْعَدُوه - نَحَّوه - حَرَمُوه - أَوْقَفُوه من عبادة - دعاء - سجود - ركوع - تضرع - مسألة - مناجاة - خشوع - تسبيح - تكبير - طاعة في أقصى,5,9.40%,1.0,1.0,غلام فلسطيني يبكي لأن محاربي الاحتلال الإسرائيلي صدوه من الصلاة في المسجد الأقصى,,,
1.39e+18,Smears,2,طفل فلسطيني يبكي لأن جنود الاحتلال الإسرائيلي منعوه من الصلاة في الأقصى,وليد حَيفَاوِي يضج لأن محاربين احتلال يهودى حَجَزوه - مَنَعُوه - صَدُّوه - أَعْاقُوه - أَمْسَكُوه - قَبْضُوا عَلَيْهِ - حَبَسُوه - أَبْعَدُوه - نَحَّوه - حَرَمُوه - أَوْقَفُوه من صلاة في أبعدي,7,21.20%,1.0,1.0,طفل فلسطيني يندب لأن الجنود المحتلين الصهاينة اعاقوه من الصلاة في الأقصى,,,
1.39e+18,Smears,3,طفل فلسطيني يبكي لأن جنود الاحتلال الإسرائيلي منعوه من الصلاة في الأقصى,طفل يَافَاوِي يندب لأن جنرال احتلال عبري حَجَزوه - مَنَعُوه - صَدُّوه - أَعْاقُوه - أَمْسَكُوه - قَبْضُوا عَلَيْهِ - حَبَسُوه - أَبْعَدُوه - نَحَّوه - حَرَمُوه - أَوْقَفُوه من عبادة - دعاء - سجود - ركوع - تضرع - مسألة - مناجاة - خشوع - تسبيح - تكبير - طاعة في نائيُ غاية,7,13.00%,1.0,1.0,غلام فلسطيني يذرف الدموع لأن الاحتلال الصهيوني حجزوه من الصلاة في الأقصى,,,
1.39e+18,Smears,4,طفل فلسطيني يبكي لأن جنود الاحتلال الإسرائيلي منعوه من الصلاة في الأقصى,رضيع فلسطيني يذرف لأن جنود تسلط إسرائيلي حَجَزوه - مَنَعُوه - صَدُّوه - أَعْاقُوه - أَمْسَكُوه - قَبْضُوا عَلَيْهِ - حَبَسُوه - أَبْعَدُوه - نَحَّوه - حَرَمُوه - أَوْقَفُوه من صلاة في أبعدُ نُّقطة,5,14.70%,1.0,1.0,ولد فلسطيني ينوح لآن الاستبداد الإسرائيلي منعوه من الصلاة في المسجد الأقصى,,,
1.39e+18,Loaded Language,1,نبكيك يا قدس,رثاؤكِ يا جَبَلَةُ,2,66.70%,,,رثاؤكِ يا جَبَلَةُ,,,
1.39e+18,Loaded Language,2,نبكيك يا قدس,لَمْلَمَةُ عينِ يا مَحْجَةُ,2,50.00%,,,لَمْلَمَةُ عينِ يا مَحْجَةُ,,,
1.39e+18,Loaded Language,3,نبكيك يا قدس,بكاؤكِ يا قدس,1,33.30%,,,بكاؤكِ يا قدس,,,
1.39e+18,Loaded Language,4,نبكيك يا قدس,الغُصَّةُ في حَلْقِ يا قدس,1,20.00%,,,الغُصَّةُ في حَلْقِ يا قدس,,,
1.39e+18,Loaded Language,5,نبكيك يا قدس,تَبْكيتُكِ يا قدس,1,33.30%,,,تَبْكيتُكِ يا قدس,,,
1.3e+18,Loaded Language,1,أهلنا,معارفنا,1,100.00%,,,معارفنا,,,
1.3e+18,Loaded Language,2,أهلنا,ذوونا,1,100.00%,,,ذوونا,,,
1.3e+18,Loaded Language,3,أهلنا,أسرتنا,1,100.00%,,,أسرتنا,,,
1.3e+18,Loaded Language,4,أهلنا,جماعتنا,1,100.00%,,,جماعتنا,,,
1.3e+18,Loaded Language,5,أهلنا,خَلَّاننا,1,100.00%,,,خَلَّاننا,,,
1.37e+18,Loaded Language,1,عقوبات,مَثَلاَت,1,100.00%,,,مَثَلاَت,,,
1.37e+18,Loaded Language,2,عقوبات,مَضَار,1,100.00%,,,مَضَار,,,
1.37e+18,Loaded Language,3,عقوبات,عَقَبَات,1,100.00%,,,عَقَبَات,,,
1.37e+18,Loaded Language,4,عقوبات,جَزَاءات,1,100.00%,,,جَزَاءات,,,
1.4e+18,Name calling/Labeling,1,الاحتلال,القمع,1,100.00%,,,القمع,,,
1.4e+18,Name calling/Labeling,2,الاحتلال,الإخضاع,1,100.00%,,,الإخضاع,,,
1.4e+18,Name calling/Labeling,3,الاحتلال,الاستيلاء,1,100.00%,,,الاستيلاء,,,
1.4e+18,Name calling/Labeling,4,الاحتلال,القهر,1,100.00%,,,القهر,,,
1.4e+18,Loaded Language,1,يعتدي,اقتحم,1,100.00%,,,اقتحم,,,
1.4e+18,Loaded Language,2,يعتدي,انتهاك,1,100.00%,,,انتهاك,,,
1.4e+18,Loaded Language,3,يعتدي,اعتدى,1,100.00%,,,اعتدى,,,
1.4e+18,Loaded Language,1,بالضرب,السَّحْق,1,100.00%,,,السَّحْق,,,
1.4e+18,Loaded Language,2,بالضرب,الطَحْن,1,100.00%,,,الطَحْن,,,
1.4e+18,Loaded Language,3,بالضرب,القَهْر,1,100.00%,,,القَهْر,,,
1.4e+18,Loaded Language,4,بالضرب,الضرب,1,100.00%,,,الضرب,,,
1.4e+18,Loaded Language,5,بالضرب,الإبَادَة,1,100.00%,,,الإبَادَة,,,
1.4e+18,Loaded Language,6,بالضرب,الفَتْك,1,100.00%,,,الفَتْك,,,
1.4e+18,Loaded Language,1,صعب,معضل,1,100.00%,,,معضل,,,
1.4e+18,Loaded Language,2,صعب,مُتَعَذِّر,1,100.00%,,,مُتَعَذِّر,,,
1.4e+18,Loaded Language,3,صعب,صَعْبُ مَنَال,1,50.00%,,,صَعْبُ مَنَال,,,
1.4e+18,Loaded Language,4,صعب,مُستَصْعَب,1,100.00%,,,مُستَصْعَب,,,
1.27e+18,Loaded Language,1,تظليل,ستر,1,100.00%,,,ستر,,,
1.27e+18,Loaded Language,2,تظليل,إخفاء,1,100.00%,,,إخفاء,,,
1.27e+18,Loaded Language,3,تظليل,غشاوة,1,100.00%,,,غشاوة,,,
1.27e+18,Loaded Language,4,تظليل,تعمية,1,100.00%,,,تعمية,,,
1.27e+18,Loaded Language,1,النيل,الوادي,1,100.00%,,,الوادي,,,
1.27e+18,Loaded Language,2,النيل,المسيل,1,100.00%,,,المسيل,,,
1.27e+18,Loaded Language,3,النيل,الجدولان,1,100.00%,,,الجدولان,,,
1.27e+18,Loaded Language,4,النيل,السيل,1,100.00%,,,السيل,,,
1.27e+18,Loaded Language,5,النيل,الجدول,1,100.00%,,,الجدول,,,
1.27e+18,Loaded Language,6,النيل,نهر نيل,1,50.00%,,,نهر نيل,,,
1.37e+18,Loaded Language,1,خطير,ضَارٍ,1,100.00%,,,ضَارٍ,,,
1.37e+18,Loaded Language,2,خطير,مُهِمٌّ,1,100.00%,,,مُهِمٌّ,,,
1.37e+18,Loaded Language,3,خطير,خَبِيثٌ,1,100.00%,,,خَبِيثٌ,,,
1.37e+18,Loaded Language,4,خطير,عَظِيمٌ,1,100.00%,,,عَظِيمٌ,,,
1.37e+18,Loaded Language,5,خطير,مُفْتَرَدٌ,1,100.00%,,,مُفْتَرَدٌ,,,
1.37e+18,Loaded Language,6,خطير,جَسِيمٌ,1,100.00%,,,جَسِيمٌ,,,
1.37e+18,Loaded Language,1,الاطاحة,الإطاحة,1,100.00%,,,الإطاحة,,,
1.37e+18,Loaded Language,2,الاطاحة,العزل,1,100.00%,,,العزل,,,
1.37e+18,Loaded Language,3,الاطاحة,الإقالة,1,100.00%,,,الإقالة,,,
1.37e+18,Loaded Language,4,الاطاحة,الإبعاد,1,100.00%,,,الإبعاد,,,
1.37e+18,Name calling/Labeling,1,برئيس عصابة,رئيسـي مَجْمُوعَةٌ,2,100.00%,,,رئيسـي مَجْمُوعَةٌ,,,
1.37e+18,Name calling/Labeling,2,برئيس عصابة,برئيس حَزْبٌ,1,50.00%,,,برئيس حَزْبٌ,,,
1.37e+18,Name calling/Labeling,3,برئيس عصابة,مُدبِّر زُمْرَةٌ,2,100.00%,,,مُدبِّر زُمْرَةٌ,,,
1.37e+18,Name calling/Labeling,4,برئيس عصابة,برئيس مَجْمُوعَةٌ,1,50.00%,,,برئيس مَجْمُوعَةٌ,,,
1.37e+18,Name calling/Labeling,5,برئيس عصابة,مبـدع عصابة,1,50.00%,,,مبـدع عصابة,,,
1.39e+18,Appeal to fear/prejudice,1,استشاري أمراض القلب يحذر: هذه الأطعمة تزيد من حدوث جلطة القلب.. ابتعدوا عنها,استشاري عليلة معقل يحذر هذه مأكولات تنمي من حصول خثرة فِكر ابعدوا أنفسكم عنها,8,57.10%,1.0,1.0,استشاري أمراض القلب يخوف هذه الأطعمة تزيد من حدوث مشاكل القلب.. تجنبوها,,,
1.39e+18,Appeal to fear/prejudice,2,استشاري أمراض القلب يحذر: هذه الأطعمة تزيد من حدوث جلطة القلب.. ابتعدوا عنها,مرشد علل قلب يخوف هذه أطعمة زيادة من قدوم انسداد شرياني نَّجْوى احشروا عنها,8,57.10%,1.0,1.0,دكتور أمراض القلب ينبه هذه المأكولات ترفع من الاصابة بجلطة القلب.. احذروا منها,,,
1.39e+18,Appeal to fear/prejudice,2,استشاري أمراض القلب يحذر: هذه الأطعمة تزيد من حدوث جلطة القلب.. ابتعدوا عنها,مرشد علل قلب يخوف هذه أطعمة زيادة من قدوم انسداد شرياني نَّجْوى احشروا عنها,8,57.10%,1.0,1.0,دكتور أمراض القلب ينبه هذه المأكولات ترفع من الاصابة بجلطة القلب.. اخرجوا عنها,,,
1.39e+18,Appeal to fear/prejudice,2,استشاري أمراض القلب يحذر: هذه الأطعمة تزيد من حدوث جلطة القلب.. ابتعدوا عنها,مرشد علل قلب يخوف هذه أطعمة زيادة من قدوم انسداد شرياني نَّجْوى احشروا عنها,8,57.10%,1.0,1.0,دكتور أمراض القلب ينبه هذه المأكولات ترفع من الاصابة بجلطة القلب.. انجرفوا عنها,,,
1.39e+18,Appeal to fear/prejudice,3,استشاري أمراض القلب يحذر: هذه الأطعمة تزيد من حدوث جلطة القلب.. ابتعدوا عنها,استشاري أدواء قلب يحذر هذه مأكولات تزيد من حادثة تقطع فِكر ابتعدوا عنها,5,38.50%,1.0,1.0,استاذ أمراض القلب ينذر هذا الطعام تزيد من الانسداد الشرياني. ارتحلوا عنها,,,
1.39e+18,Appeal to fear/prejudice,4,استشاري أمراض القلب يحذر: هذه الأطعمة تزيد من حدوث جلطة القلب.. ابتعدوا عنها,استشاري آفات نَّجْوى يخوف هذه زاد تفوق من وقوع جلطة عقل ارتحلوا عنها,8,61.50%,1.0,1.0,بروفيسور أمراض القلب يخوف هذه مأكولات ترفع معدلات الجلطات في القلب.. لا تقتبربوا منها,,,
1.39e+18,Appeal to fear/prejudice,4,استشاري أمراض القلب يحذر: هذه الأطعمة تزيد من حدوث جلطة القلب.. ابتعدوا عنها,استشاري آفات نَّجْوى يخوف هذه زاد تفوق من وقوع جلطة عقل ارتحلوا عنها,8,61.50%,1.0,1.0,بروفيسور أمراض القلب يخوف هذه مأكولات ترفع معدلات الجلطات في القلب.. ابقوا بعيدًا عنها,,,
1.39e+18,Thought-terminating cliché,1,ابتعدوا عنها,ارتحلوا عنها,1,50.00%,1.0,0.0,ارتحلوا عنها,,,
1.39e+18,Thought-terminating cliché,2,ابتعدوا عنها,تجنبوا عنها,1,50.00%,1.0,1.0,تجنبوها,,,
1.39e+18,Thought-terminating cliché,3,ابتعدوا عنها,اخرجوا عنها,1,50.00%,1.0,0.0,احذروا منها,,,
1.39e+18,Thought-terminating cliché,4,ابتعدوا عنها,انجرفوا عنها,1,50.00%,1.0,0.0,لا تقتبربوا منها,,,
1.39e+18,Thought-terminating cliché,3,ابتعدوا عنها,اخرجوا عنها,1,50.00%,1.0,0.0,اخرجوا عنها,,,
1.39e+18,Thought-terminating cliché,4,ابتعدوا عنها,انجرفوا عنها,1,50.00%,1.0,0.0,انجرفوا عنها,,,
1.39e+18,Thought-terminating cliché,5,ابتعدوا عنها,ابقوا بعيدًا عنها,1,33.30%,1.0,0.0,ابقوا بعيدًا عنها,,,
1.39e+18,Appeal to authority,1,استشاري أمراض القلب يحذر: هذه الأطعمة تزيد من حدوث جلطة القلب.. ابتعدوا عنها,مرشد أسقام أساس يبشر هذه أطعمة ازدِياد من حدوثة طارئ ركيزة انفضوا عنها,9,69.20%,1.0,1.0,استشاري أمراض القلب يخوف هذه الأطعمة تزيد من حدوث مشاكل القلب.. تجنبوها,,,
1.39e+18,Appeal to authority,2,استشاري أمراض القلب يحذر: هذه الأطعمة تزيد من حدوث جلطة القلب.. ابتعدوا عنها,مُفتي أسقامٌ أصل يخبر هذه أطعمة تَزَيُّد من حدوث عَقْد أساس انفضوا عنها,8,61.50%,1.0,1.0,دكتور أمراض القلب ينبه هذه المأكولات ترفع من الاصابة بجلطة القلب.. احذروا منها,,,
1.39e+18,Appeal to authority,3,استشاري أمراض القلب يحذر: هذه الأطعمة تزيد من حدوث جلطة القلب.. ابتعدوا عنها,مرشد عللٌ جسدية جوهر يرشد هذه أطعمة ازدِياد من حدوث جلطة لب انسحبوا عنها,7,50.00%,1.0,1.0,دكتور أمراض القلب ينبه هذه المأكولات ترفع من الاصابة بجلطة القلب.. اخرجوا عنها,,,
1.39e+18,Appeal to authority,4,استشاري أمراض القلب يحذر: هذه الأطعمة تزيد من حدوث جلطة القلب.. ابتعدوا عنها,موجِّه علل صدر يوجه هذه زاد ازدِياد من حصول جلطة صدر اهجروا عنها,9,69.20%,1.0,1.0,دكتور أمراض القلب ينبه هذه المأكولات ترفع من الاصابة بجلطة القلب.. انجرفوا عنها,,,
1.39e+18,Appeal to authority,2,استشاري أمراض القلب يحذر: هذه الأطعمة تزيد من حدوث جلطة القلب.. ابتعدوا عنها,مُفتي أسقامٌ أصل يخبر هذه أطعمة تَزَيُّد من حدوث عَقْد أساس انفضوا عنها,8,61.50%,1.0,1.0,استاذ أمراض القلب ينذر هذا الطعام تزيد من الانسداد الشرياني. ارتحلوا عنها,,,
1.39e+18,Appeal to authority,3,استشاري أمراض القلب يحذر: هذه الأطعمة تزيد من حدوث جلطة القلب.. ابتعدوا عنها,مرشد عللٌ جسدية جوهر يرشد هذه أطعمة ازدِياد من حدوث جلطة لب انسحبوا عنها,7,50.00%,1.0,1.0,بروفيسور أمراض القلب يخوف هذه مأكولات ترفع معدلات الجلطات في القلب.. لا تقتبربوا منها,,,
1.39e+18,Appeal to authority,4,استشاري أمراض القلب يحذر: هذه الأطعمة تزيد من حدوث جلطة القلب.. ابتعدوا عنها,موجِّه علل صدر يوجه هذه زاد ازدِياد من حصول جلطة صدر اهجروا عنها,9,69.20%,1.0,1.0,بروفيسور أمراض القلب يخوف هذه مأكولات ترفع معدلات الجلطات في القلب.. ابقوا بعيدًا عنها,,,
1.39e+18,Whataboutism,1,"#ممنوع_التجول قد يكون بداية ""خفوت #ناصر_القصبي"".. وماذا عن #مارغريت؟",ممنوع تّجوّن قد يكون ابتداء ذبول مناصِر فُنْجُر إلى جانب عن ماريا,7,58.30%,1.0,1.0,"#محظور_التحرك قد يكون بداية ذبول #ناصر_القصبي"".. ولكن ماذا يحصل بالنسبة لمارغريت؟",,,
1.39e+18,Whataboutism,2,"#ممنوع_التجول قد يكون بداية ""خفوت #ناصر_القصبي"".. وماذا عن #مارغريت؟",محظورٌ عليك ترحال قد يكون بداية خفوت مناصِر قَصَب وماذا عن مارجريتا,5,41.70%,1.0,1.0,"#محرم_التجول من الممكن ان يكون بداية اختفاء #ناصر_القصبي"".. ولكن ماذا عن #مارغريت؟",,,
1.39e+18,Whataboutism,3,"#ممنوع_التجول قد يكون بداية ""خفوت #ناصر_القصبي"".. وماذا عن #مارغريت؟",محرّم تجول قد يكون افتتاح خفوت مشجع وَحْد إلى جانب ذلك عن مارغريت؟,5,38.50%,1.0,1.0,"#محظور عليك التجوالاعتقد انه اول تراجع #ناصر_القصبي"".. وماذا بالنسبة لمارغريت؟",,,
1.4e+18,Doubt,1,السلطات الصحية الأمريكية توصي المواطنين بالتوقف عن تقبيل الدجاج.. لماذا؟,العليا صحية أمريكية أوصى مواطنون بالتوقف عن تقبيل دجاج مهلاً,4,40.00%,1.0,1.0,الإدارة العليا الصحية الأمريكية أوصى مواطنون بالتوقف عن تقبيل دجاج مهلاً لماذا,,,
1.4e+18,Doubt,2,السلطات الصحية الأمريكية توصي المواطنين بالتوقف عن تقبيل الدجاج.. لماذا؟,القيادة مُثْبَتَة شمالية أوصى شعب سُكونةً عن تَقْبِيلٌ دجاج فيمَ,8,80.00%,1.0,1.0,القيادة الصحية الأمريكية تطلب من الشعب عدم تقبيل الدجاج.. هل يوجد سبب,,,
1.4e+18,Doubt,3,السلطات الصحية الأمريكية توصي المواطنين بالتوقف عن تقبيل الدجاج.. لماذا؟,المسؤولة سليمة يانكية توصي قاطني دّيار انقطاعًا عن تَقْمِيمٌ ريش لماذا؟,7,63.60%,1.0,1.0,المسؤلة الأمريكية تخبر المواطنين بالابتعاد عن تقبيل الطيور لم هذا,,,
1.4e+18,Doubt,4,السلطات الصحية الأمريكية توصي المواطنين بالتوقف عن تقبيل الدجاج.. لماذا؟,الإدارية وَقائِيَّة ولايات متحدة توصي مواطنين سكونًا عن تَحْمِيمٌ حبّحات لماذا؟,6,54.50%,1.0,1.0,السلطات  الأمريكية توصي الناس بالابتعاد عن تقبيل الدواجن ياترى لماذا,,,
1.4e+18,Doubt,5,السلطات الصحية الأمريكية توصي المواطنين بالتوقف عن تقبيل الدجاج.. لماذا؟,العليا صحية أميركية توصي سُكَّان جمودًا عن تَبْرِيكٌ عناقيد لماذا؟,6,60.00%,1.0,1.0,الصحة الأمريكية تحذر من خطورة تقبيل الدجاج.. هل يوجد سبب,,,
1.4e+18,Smears,1,السلطات الصحية الأمريكية توصي المواطنين بالتوقف عن تقبيل الدجاج.. لماذا؟,الوصاة معافاة بدن أميركية لاتينية يُزكي جماهير توقُّفًا عن تقبيل دجاج لماذا؟,6,50.00%,1.0,1.0,الإدارة العليا الصحية الأمريكية أوصى مواطنون بالتوقف عن تقبيل دجاج مهلاً لماذا,,,
1.4e+18,Smears,2,السلطات الصحية الأمريكية توصي المواطنين بالتوقف عن تقبيل الدجاج.. لماذا؟,القيّمين صحية أمريكية يُزكي أهل بالتوقف عن تقبيل دجاجيّات لماذا؟,4,40.00%,1.0,1.0,القيادة الصحية الأمريكية تطلب من الشعب عدم تقبيل الدجاج.. هل يوجد سبب,,,
1.4e+18,Smears,3,السلطات الصحية الأمريكية توصي المواطنين بالتوقف عن تقبيل الدجاج.. لماذا؟,الرقيبين معافاة أمريكية ينصح عامة انقطاعًا عن تقبيل فراخ لمَ عَتَب؟,7,63.60%,1.0,1.0,المسؤلة الأمريكية تخبر المواطنين بالابتعاد عن تقبيل الطيور لم هذا,,,
1.4e+18,Smears,4,السلطات الصحية الأمريكية توصي المواطنين بالتوقف عن تقبيل الدجاج.. لماذا؟,الجهات رسمية صحية أمريكية توصي مواطنين سُباتًا عن تَبْرِيمٌ حبّاط لماذا؟,4,36.40%,1.0,1.0,السلطات  الأمريكية توصي الناس بالابتعاد عن تقبيل الدواجن ياترى لماذا,,,
1.4e+18,Smears,5,السلطات الصحية الأمريكية توصي المواطنين بالتوقف عن تقبيل الدجاج.. لماذا؟,القيّمين صحية ولايات متحدة يُزكي سكان أصليون بالتوقف عن تَبْرِيمٌ دجاج لم؟,6,50.00%,1.0,1.0,الصحة الأمريكية تحذر من خطورة تقبيل الدجاج.. هل يوجد سبب,,,
1.39e+18,Loaded Language,1,قصف,رَمْي,1,100.00%,1.0,1.0,ضربة,,,
1.39e+18,Loaded Language,2,قصف,هَدْم,1,100.00%,1.0,0.0,هَدْم,,,
1.39e+18,Loaded Language,3,قصف,تَحْطِيم,1,100.00%,1.0,0.0,تَحْطِيم,,,
1.39e+18,Loaded Language,5,قصف,رَمْح,1,100.00%,1.0,0.0,غارة,,,
1.39e+18,Name calling/Labeling,1,قصف صهيوني,قصف  •  رمي  •  قذف  •  إلقام  •  إيقاع  •  إصعاد  •  هدم  •  تدمير  •  تكسير  •  تفتيت  •  سحق يَهُودِي مُتَعَصِّب,2,8.70%,1.0,1.0,هدم اسرائيلي,,,
1.39e+18,Name calling/Labeling,2,قصف صهيوني,قصف  •  رمي  •  قذف  •  إلقام  •  إيقاع  •  إصعاد  •  هدم  •  تدمير  •  تكسير  •  تفتيت  •  سحق لَوْزِي,2,9.10%,1.0,1.0,تحطيم صهيوني,,,
1.39e+18,Name calling/Labeling,3,قصف صهيوني,قصف قَبْعَاتِي,1,50.00%,1.0,1.0,ضربة صاروخية للاحتلال,,,
1.39e+18,Name calling/Labeling,4,قصف صهيوني,قصف  •  رمي  •  قذف  •  إلقام  •  إيقاع  •  إصعاد  •  هدم  •  تدمير  •  تكسير  •  تفتيت  •  سحق أَسْدُومِي,2,9.10%,1.0,1.0,غارة اسرائيلية,,,
1.39e+18,Smears,1,قصف صهيوني يستهدف منزلا في البريج وسط قطاع #غزة.,سحق صهيوني يَرمُوزُ مأوى في إكليل مُنْتَصَف حيز منعة,7,77.80%,1.0,1.0,هدم اسرائيلي على منزلا في البريج وسط قطاع #غزة.,,,
1.39e+18,Smears,2,قصف صهيوني يستهدف منزلا في البريج وسط قطاع #غزة.,قصف مُتَصَهْيِن يَنْوِي موطنا في دثار مَوْضِع قطاع عزة,6,66.70%,1.0,1.0,تحطيم صهيوني يدمر منزلا في المغازي وسط قطاع #غزة.,,,
1.39e+18,Smears,3,قصف صهيوني يستهدف منزلا في البريج وسط قطاع #غزة.,دمر فَاسِيّ يَزمعُ موطنا في قلنسوة مُنْتَصَف ميدان مقومة,8,88.90%,1.0,1.0,ضربة صاروخية للاحتلال تصيب بيتا في البريج وسط قطاع #غزة.,,,
1.39e+18,Smears,4,قصف صهيوني يستهدف منزلا في البريج وسط قطاع #غزة.,قصف مُتَصَهْيِن يَعتزمُ دارا في عِمامة وسط قطاع حصينة,5,55.60%,1.0,1.0,غارة اسرائيلية متجة على دارا في وسط قطاع #غزة.,,,
1.4e+18,Smears,1,من موقع جريمة التدمير والتهجير .. وفد أممي يتجول بين أنقاض حمص وسط سوريا,من موطن شرّ تدمير توطين وفد عالمي يَتَنَقَّلُ بين خَرَب زَرْع جَوْن سورية,9,69.20%,1.0,1.0,من مكان مذبحة الهلاك والتهجير .. وفد عالمي يتنقل بين البيوت المهدمة في حمص وسط سوريا,,,
1.4e+18,Smears,2,من موقع جريمة التدمير والتهجير .. وفد أممي يتجول بين أنقاض حمص وسط سوريا,من موضـوع مخالفة تدمير توطين جمع أممي يَرْحَلُ بين خِرَبَة عَجَمة بَيْنَيْنِ سوريا,8,61.50%,1.0,1.0,من موضع جناية التحطيم والتقل القسري .. جماعة أممية تمشي بين أنقاض حمص وسط سوريا,,,
1.4e+18,Smears,3,من موقع جريمة التدمير والتهجير .. وفد أممي يتجول بين أنقاض حمص وسط سوريا,من موضـوع جريمة تحطيم والتهجير وفد أممي يَتَرَحَّلُ بين أنقاض حَبُّ بَلَد وسط سوريا,4,28.60%,1.0,1.0,من موطن جريمة التفتيت والنزوح الاجباري .. جمع عالمي يجووب بين ركام حمص وسط سوريا,,,
1.4e+18,Smears,4,من موقع جريمة التدمير والتهجير .. وفد أممي يتجول بين أنقاض حمص وسط سوريا,من محلة فاحشة إفساد انتقال قسري ساقَة أممي يتجول بين خِرَبَة حمص مَرْكَز سوريا,7,50.00%,1.0,1.0,من بلد نازية الإزالة والتهجير الاجباري.. وفد من الأمم المتحدة يتحرك بين حجارة بيوت حمص وسط سوريا,,,
1.4e+18,Loaded Language,1,جريمة التدمير والتهجير,جريمة تدمير ذاتي والتهجير,1,25.00%,,1.0,مذبحة الهلاك والتهجير,,,
1.4e+18,Loaded Language,2,جريمة التدمير والتهجير,حَمْقَة هدم والتهجير,2,66.70%,,1.0,جناية التحطيم والتقل القسري,,,
1.4e+18,Loaded Language,3,جريمة التدمير والتهجير,جريمة تفتيت تهجير جماعي,2,50.00%,,1.0,جريمة التفتيت والنزوح الاجباري,,,
1.4e+18,Loaded Language,4,جريمة التدمير والتهجير,حَرْبُوقَة تدمير نزوح,2,66.70%,,1.0,نازية الإزالة والتهجير الاجباري,,,
1.39e+18,Doubt,1,"من موقع الجريمة .. النظام ينفي استخدام الكيماوي بـ""فيلم"" مثير وينفي ضغط مخابراته",من موقع جريمة تدبير نَفَى - أَبْطَلَ - أَزالَ - أَلْغَى - نَقَضَ - حَذَفَ - أَزْحَى - أَبْعَدَ - أَخْلَى - اسْتَنْفَى - رَدَمَ انتفاع كيماوي بـ صورة مثير يحجب ضغط مخابراته,5,15.20%,1.0,1.0,"من موقع المذبحة .. الحكومة تنكر استخدام الكيماوي بـ""فيلم"" مثير وينكر ضغط مخابراته",,,
1.39e+18,Doubt,2,"من موقع الجريمة .. النظام ينفي استخدام الكيماوي بـ""فيلم"" مثير وينفي ضغط مخابراته",من موئل جريمة سير ينفي تسخير كيماوي بـ تصوير مُغْرٍ يمحو كَظْم مخابراته,7,53.80%,1.0,1.0,من مكان الفاحشة .. السلطة تنفي تسخير الكيماوي بمادة مرئية شيقة ولا تؤكد ضغط مخابراتها,,,
1.39e+18,Doubt,3,"من موقع الجريمة .. النظام ينفي استخدام الكيماوي بـ""فيلم"" مثير وينفي ضغط مخابراته",من موقع حوبة نظام نَفَى - أَبْطَلَ - أَزالَ - أَلْغَى - نَقَضَ - حَذَفَ - أَزْحَى - أَبْعَدَ - أَخْلَى - اسْتَنْفَى - رَدَمَ استغلال مُخَدَّرات بـ إنتاج مثير يطمس اِعْصَار استخباراته,8,24.20%,1.0,1.0,من ساحة الجريمة .. التخطيط تستنكر استخدام الكيماوي عن طريق عرض فيلم ملفت للنظر و أيضا ينكر ضغط مخابراته,,,
1.39e+18,Doubt,4,"من موقع الجريمة .. النظام ينفي استخدام الكيماوي بـ""فيلم"" مثير وينفي ضغط مخابراته",من موقع جريمة انتظام نَفَى - أَبْطَلَ - أَزالَ - أَلْغَى - نَقَضَ - حَذَفَ - أَزْحَى - أَبْعَدَ - أَخْلَى - اسْتَنْفَى - رَدَمَ توظيف سُّموم بـ شريط شَيِّق يبدد إِكْرَاه تحرياته,9,27.30%,1.0,1.0,من موقع الجريمة .. ينفي التنظيم  استخدامه للكيماوي بواسطة عرض فيلم مشوق كما انه يؤكد ان مخابراته لا تضغط على احد,,,
1.39e+18,Name calling/Labeling,1,النظام,التنظيم,1,100.00%,1.0,0.0,التنظيم,,,
1.39e+18,Name calling/Labeling,2,النظام,التخطيط,1,100.00%,1.0,0.0,التخطيط,,,
1.39e+18,Name calling/Labeling,2,النظام,التخطيط,1,100.00%,1.0,1.0,الحكومة,,,
1.39e+18,Name calling/Labeling,3,النظام,النسق,1,100.00%,1.0,1.0,السلطة,,,
1.39e+18,Smears,1,"من موقع الجريمة .. النظام ينفي استخدام الكيماوي بـ""فيلم"" مثير وينفي ضغط مخابراته",من موقعـة سيئة تنظيم ينفي استثمار مُحرِق بـ تسجيل مثير ينفي عصرَة تجسسه,9,69.20%,1.0,1.0,من موقع المذبحة .. الحكومة تنكر استخدام الكيماوي بـفيلم مغر وينكر ضغط مخابراته,,,
1.39e+18,Smears,1,"من موقع الجريمة .. النظام ينفي استخدام الكيماوي بـ""فيلم"" مثير وينفي ضغط مخابراته",من موقعـة سيئة تنظيم ينفي استثمار مُحرِق بـ تسجيل مثير ينفي عصرَة تجسسه,9,69.20%,1.0,1.0,من موقع المذبحة .. الحكومة تنكر استخدام الكيماوي بـصورة مثير للاهتمام وينكر ضغط مخابراته,,,
1.39e+18,Smears,2,"من موقع الجريمة .. النظام ينفي استخدام الكيماوي بـ""فيلم"" مثير وينفي ضغط مخابراته",من مكان سيئة نظام نَفَى - أَبْطَلَ - أَزالَ - أَحْبَطَ - أَلْغَى - رَدَّ - دَحَضَ - بَطَّلَ - نَقَضَ - أَبْطَلَجَ - أَزالَجَ تشغيل مُعَدِّل بـ مسرحية فَاتِن يقصي إحكام تجسسه,10,30.30%,1.0,1.0,من مكان الفاحشة .. السلطة تنفي تسخير الكيماوي بمادة مرئية شيقة ولا تؤكد ضغط مخابراتها,,,
1.39e+18,Smears,3,"من موقع الجريمة .. النظام ينفي استخدام الكيماوي بـ""فيلم"" مثير وينفي ضغط مخابراته",من حال منكر تسلسل ينفي إعمال مُحرِق بـ مسرحية مُدَوٍّ وينفي تكدر مخابراته,8,61.50%,1.0,1.0,من ساحة الجريمة .. التخطيط تستنكر استخدام الكيماوي عن طريق عرض فيلم ملفت للنظر و أيضا ينكر ضغط مخابراته,,,
1.39e+18,Smears,3,"من موقع الجريمة .. النظام ينفي استخدام الكيماوي بـ""فيلم"" مثير وينفي ضغط مخابراته",من حال منكر تسلسل ينفي إعمال مُحرِق بـ مسرحية مُدَوٍّ وينفي تكدر مخابراته,8,61.50%,1.0,1.0,من ساحة الجريمة .. التخطيط تستنكر استخدام الكيماوي عن طريق رواية مثيرة و أيضا ينكر ضغط مخابراته,,,
1.39e+18,Smears,4,"من موقع الجريمة .. النظام ينفي استخدام الكيماوي بـ""فيلم"" مثير وينفي ضغط مخابراته",من موطئ جريمة ترتيب نَفَى - أَبْطَلَ - أَزالَ - أَحْبَطَ - أَلْغَى - رَدَّ - دَحَضَ - بَطَّلَ - نَقَضَ - أَبْطَلَجَ - أَزالَجَ تشغيل مُذَهِب بـ عمل درامي مُلَهِم يطمس إحكام تقصّيه,10,29.40%,1.0,1.0,من موقع الجريمة .. ينفي التنظيم  استخدامه للكيماوي بواسطة عرض فيلم مشوق كما انه يؤكد ان مخابراته لا تضغط على احد,,,
1.39e+18,Name calling/Labeling,1,"""فيلم"" مثير",فيلم مغرٍ,1,50.00%,1.0,0.0,فيلم مغر,,,
1.39e+18,Name calling/Labeling,2,"""فيلم"" مثير",صورة مثير للاهتمام,2,66.70%,1.0,0.0,صورة مثير للاهتمام,,,
1.39e+18,Name calling/Labeling,3,"""فيلم"" مثير",صورة مثير,1,50.00%,1.0,1.0,مادة مرئية شيقة,,,
1.39e+18,Name calling/Labeling,4,"""فيلم"" مثير",رواية مثير,1,50.00%,1.0,1.0,رواية مثير,,,
1.39e+18,Name calling/Labeling,3,"""فيلم"" مثير",صورة مثير,1,50.00%,1.0,1.0,فيلم ملفت للنظر,,,
1.39e+18,Name calling/Labeling,4,"""فيلم"" مثير",رواية مثير,1,50.00%,1.0,1.0,فيلم مشوق,,,
1.4e+18,Thought-terminating cliché,1,المَسْجِدُ الأَقْصَى قَضِيَّةُ أُمَّةٍ، لَا قَضِيَّة قَوْمِيَّةٍ ,محكمة خارجي قضية قبيلة لا مسألة إثنية,5,71.40%,1.0,1.0,الجامع الأقصى مسألة أمة لَا مسألة قَوْمِيَّةٍ ,,,
1.4e+18,Thought-terminating cliché,2,المَسْجِدُ الأَقْصَى قَضِيَّةُ أُمَّةٍ، لَا قَضِيَّة قَوْمِيَّةٍ ,المسجد أقصى خلاف أمة، لا خلاف قُبَليّة,3,42.90%,1.0,1.0,المصلى الأقصى خلاف أمة ليس خلاف قبلية ,,,
1.4e+18,Thought-terminating cliché,3,المَسْجِدُ الأَقْصَى قَضِيَّةُ أُمَّةٍ، لَا قَضِيَّة قَوْمِيَّةٍ ,المسجد أقصى مسألة خلافية جماعة لا نزاع قومية,3,37.50%,1.0,1.0,المصلى الأقصى حجة أمة وليس نزاع قومي,,,
1.4e+18,Thought-terminating cliché,3,المَسْجِدُ الأَقْصَى قَضِيَّةُ أُمَّةٍ، لَا قَضِيَّة قَوْمِيَّةٍ ,المسجد أقصى مسألة خلافية جماعة لا نزاع قومية,3,37.50%,1.0,1.0,المَسْجِدُ الأَقْصَى مسألة خلافية للمسلمين، وليس نزاع قومي,,,
1.4e+18,Thought-terminating cliché,4,المَسْجِدُ الأَقْصَى قَضِيَّةُ أُمَّةٍ، لَا قَضِيَّة قَوْمِيَّةٍ ,مصلى نائي قضية أمة، لا موضوع قُبَليّة,4,57.10%,1.0,1.0,المَسْجِدُ الأَقْصَى موضوع أُمَّةٍ، لَا موضوع اشخاص ,,,
1.4e+18,Thought-terminating cliché,5,المَسْجِدُ الأَقْصَى قَضِيَّةُ أُمَّةٍ، لَا قَضِيَّة قَوْمِيَّةٍ ,المسجد أقصي موضوع شعبية لا إشكالية قومية,4,57.10%,1.0,1.0,المَسْجِدُ الأَقْصَى مشكلة أُمَّةٍ، لَا مشكلة جماعة ,,,
1.4e+18,Thought-terminating cliché,6,المَسْجِدُ الأَقْصَى قَضِيَّةُ أُمَّةٍ، لَا قَضِيَّة قَوْمِيَّةٍ ,مسجد جامع أقصى مشكلة أمة، لا قضية أمْلَكية,3,37.50%,1.0,1.0,المَسْجِدُ الأَقْصَى قَضِيَّةُ العالم الاسلامي لَا قَضِيَّة فلسطين فقط ,,,
1.4e+18,Name calling/Labeling,1,المَسْجِدُ الأَقْصَى قَضِيَّةُ أُمَّةٍ,مسجدٌ جامع أقصى قضية أمة,1,20.00%,1.0,1.0,الجامع الأقصى مسألة أمة,,,
1.4e+18,Name calling/Labeling,2,المَسْجِدُ الأَقْصَى قَضِيَّةُ أُمَّةٍ,مُصلّى أقصى حجة أمة,2,50.00%,1.0,1.0,المصلى الأقصى حجة أمة,,,
1.4e+18,Name calling/Labeling,2,المَسْجِدُ الأَقْصَى قَضِيَّةُ أُمَّةٍ,مُصلّى أقصى حجة أمة,2,50.00%,1.0,1.0,المصلى الأقصى خلاف أمة,,,
1.4e+18,Name calling/Labeling,3,المَسْجِدُ الأَقْصَى قَضِيَّةُ أُمَّةٍ,مسجدٌ حرام أبعدُ حادثة رَحِم,4,80.00%,1.0,1.0,المَسْجِدُ الأَقْصَى مسألة خلافية للمسلمين,,,
1.4e+18,Name calling/Labeling,4,المَسْجِدُ الأَقْصَى قَضِيَّةُ أُمَّةٍ,بيت للعبادة أبعد حجة أمة,3,60.00%,1.0,1.0,المَسْجِدُ الأَقْصَى موضوع أُمَّةٍ,,,
1.4e+18,Name calling/Labeling,3,المَسْجِدُ الأَقْصَى قَضِيَّةُ أُمَّةٍ,مسجدٌ حرام أبعدُ حادثة رَحِم,4,80.00%,1.0,1.0,المَسْجِدُ الأَقْصَى مشكلة أُمَّةٍ,,,
1.4e+18,Name calling/Labeling,4,المَسْجِدُ الأَقْصَى قَضِيَّةُ أُمَّةٍ,بيت للعبادة أبعد حجة أمة,3,60.00%,1.0,1.0,المَسْجِدُ الأَقْصَى قَضِيَّةُ العالم الاسلامي,,,
1.36e+18,Smears,1,قصه مقاتل حوثي تبردق ثم تبندق وبعدها تصندق. يذهبون لمأرب فوق طقم ويعودون صوره على الطقم ,قصه مَوْقِعُ قِتال محارب تذوب ثم تماوت وبعدها تتفتق يَتحركون لمأرب فوق بُنْيَة يتجهون ظل على الْوِعَاء,10,58.80%,1.0,1.0,حكاية محارب حوثي لبس ثم حمل البندقية وبعدها وضع في التابوت يذهبون لمأرب فوق الأرض ويعودون صوره على التابوت ,,,
1.36e+18,Smears,2,قصه مقاتل حوثي تبردق ثم تبندق وبعدها تصندق. يذهبون لمأرب فوق طقم ويعودون صوره على الطقم ,ملحمة مَوْقِعُ قِتال حوثي تتفتت ثم تفليك لاحقا ل تصندق يَغادرون غرض فوق طقم ويعودون صوره على طقم,7,38.90%,1.0,1.0,قصه جندي حوثي تجهز ثم تبندق وبعدها تعطر يتوجهون لمأرب على طقم ويرجعون صوره على الطقم ,,,
1.39e+18,Name calling/Labeling,1,قوات الاحتلال,فِرَق اجتياح,2,100.00%,1.0,1.0,فرق الاجتياح,,,
1.39e+18,Name calling/Labeling,3,قوات الاحتلال,أَطَوَام اقتحام,2,100.00%,1.0,1.0,جنود الاحتلال,,,
1.39e+18,Name calling/Labeling,4,قوات الاحتلال,قوات قهر,1,50.00%,1.0,1.0,قوات الاستعمار,,,
1.39e+18,Name calling/Labeling,5,قوات الاحتلال,مَعارِس ضم,2,100.00%,1.0,1.0,قوات العدو,,,
1.39e+18,Name calling/Labeling,6,قوات الاحتلال,أَسْراب قهر,2,100.00%,1.0,1.0,اسراب الاحتلال,,,
1.39e+18,Smears,1,قوات الاحتلال تطلق النار على شاب داخل حاجز شارع الشهداء بالخليل.,أسراب احتلال تطلق نار على يافع داخل سد مسلك مغفورون بالخليل,5,45.50%,1.0,1.0,اسراب الاحتلال تطلق الرصاص على شاب داخل حاجز شارع الشهداء بالخليل.,,,
1.39e+18,Smears,2,قوات الاحتلال تطلق النار على شاب داخل حاجز شارع الشهداء بالخليل.,سرايا هيمنة أطلق سراح جمر على غُلام في سَدْل درب سعداء في حبرون,10,76.90%,1.0,1.0,قوات العدو تصيب بالرصاص غلام داخل كمين في درب الشهداء بالخليل.,,,
1.39e+18,Smears,3,قوات الاحتلال تطلق النار على شاب داخل حاجز شارع الشهداء بالخليل.,قوات استعباد تطلق نار على فَتِيّ أَمْجَد حاجز شارع سعداء بالخليل,4,36.40%,1.0,1.0,قوات الاستعمار تقتل شاب في سد شارع الشهداء بالخليل.,,,
1.39e+18,Smears,3,قوات الاحتلال تطلق النار على شاب داخل حاجز شارع الشهداء بالخليل.,قوات استعباد تطلق نار على فَتِيّ أَمْجَد حاجز شارع سعداء بالخليل,4,36.40%,1.0,1.0,فرق الاجتياح تقتل شاب في سد شارع الشهداء بالخليل.,,,
1.39e+18,Smears,4,قوات الاحتلال تطلق النار على شاب داخل حاجز شارع الشهداء بالخليل.,أفواج قهر أطلق زمام شرر على شاب حَوْز سدود شارع شهداء بالخليل,6,50.00%,1.0,1.0,جنود الاحتلال تطلق الرصاص على فتى في  حاجز درب الشهداء بالخليل.,,,
1.4e+18,Smears,1,"رشوة وتصاريح غير مستوفاة للشروط.. ""#نزاهة"" تعلن نتائج قضية انهيار سقف جامعة أهلية ومعاقبة الفاسدين. ",هَبَة عفوات غير مُستَحقّة مواصفات تقوى نشر ثمرات حجة انحطاط عنان جامعة مُؤهَّلة تأديب فاسدين,12,80.00%,1.0,1.0,"رشوة و تراخيص غير مستحقة للشروط.. ""#الشفافية"" تعلن نتائج قضية سقوط سقف جامعة أهلية ومعاقبة المجرمين ",,,
1.4e+18,Smears,2,"رشوة وتصاريح غير مستوفاة للشروط.. ""#نزاهة"" تعلن نتائج قضية انهيار سقف جامعة أهلية ومعاقبة الفاسدين. ",هَبَّة تراخيص غير مُستَحقّة شروط شرف تنبيه مخرجات حجة تفكك عنان جامعة أهلية تأديب مُتسلطين,12,80.00%,1.0,1.0,"رشاوي وتراخيص غير مكتملة الشروط.. ""#نزاهة"" تنشر مخرجات مشكلة وقوع سقف جامعة حكومية ومعاقبة الشريرين ",,,
1.4e+18,Smears,3,"رشوة وتصاريح غير مستوفاة للشروط.. ""#نزاهة"" تعلن نتائج قضية انهيار سقف جامعة أهلية ومعاقبة الفاسدين. ",مَنْفَعَة عفوات غير مكتملة مقاصد تقوى إيقاع نتائج مشكلة استسلام خَيْمَة جامعة مُستحقة ردع فاسدين,11,73.30%,1.0,1.0,"أموال منهوبة وموافقات ناقصة.. ""#عدالة"" تظهر ثمار قضية تداعي حائط كلية أهلية و محاسبة المُستبدين ",,,
1.4e+18,Smears,4,"رشوة وتصاريح غير مستوفاة للشروط.. ""#نزاهة"" تعلن نتائج قضية انهيار سقف جامعة أهلية ومعاقبة الفاسدين. ",هَبَّة موافقات غير مُنجزّة للشروط شرف نشر ثمار قضية انهيار عُلُوّ رابطة قادرة محاسبة مُستبدين,11,73.30%,1.0,1.0,"هبات غير مستحقة وتصاريح غير مستوفاة للشروط.. ""#نزاهة"" تنشر تفاصيل تفكك سقف جامعة دولية و مجازاة المفسدين ",,,
1.4e+18,Smears,4,"رشوة وتصاريح غير مستوفاة للشروط.. ""#نزاهة"" تعلن نتائج قضية انهيار سقف جامعة أهلية ومعاقبة الفاسدين. ",هَبَّة موافقات غير مُنجزّة للشروط شرف نشر ثمار قضية انهيار عُلُوّ رابطة قادرة محاسبة مُستبدين,11,73.30%,1.0,1.0,"هبات غير مستحقة وتصاريح غير مستوفاة للشروط.. ""#نزاهة"" تنشر تفاصيل انهدام سقف جامعة دولية و مجازاة الظالمين ",,,
1.4e+18,Loaded Language,1,انهيار,انهزام,1,100.00%,1.0,1.0,سقوط,,,
1.4e+18,Loaded Language,2,انهيار,تفكك,1,100.00%,1.0,0.0,تفكك,,,
1.4e+18,Loaded Language,3,انهيار,انهدام,1,100.00%,1.0,1.0,انهدام,,,
1.4e+18,Loaded Language,2,انهيار,تفكك,1,100.00%,1.0,0.0,وقوع,,,
1.4e+18,Loaded Language,3,انهيار,انهدام,1,100.00%,1.0,1.0,تداعي,,,
1.4e+18,Loaded Language,1,الفاسدين,الشريرين,1,100.00%,1.0,0.0,الشريرين,,,
1.4e+18,Loaded Language,2,الفاسدين,الظالمين,1,100.00%,1.0,0.0,الظالمين,,,
1.4e+18,Loaded Language,3,الفاسدين,الضالين,1,100.00%,1.0,0.0,المجرمين,,,
1.4e+18,Loaded Language,4,الفاسدين,المُفسدين,1,100.00%,1.0,0.0,المُفسدين,,,
1.4e+18,Loaded Language,5,الفاسدين,المُستبدين,1,100.00%,1.0,0.0,المُستبدين,,,
1.4e+18,Smears,1,"آيت منا يتهم العثماني و""البيجيدي"" بـ""الكذب""",علامة في عالمنا يتهم عثماني و عدالة والتنمية بـ بهتان,4,40.00%,1.0,1.0,"صلاح ا يتهم علاء و مرسي بالكذب""",,,
1.4e+18,Smears,2,"آيت منا يتهم العثماني و""البيجيدي"" بـ""الكذب""",آيت معنا نسبه إليه خَلْفاء و بيجيدي بـ افتراء,4,44.40%,1.0,1.0,"عثمان يتهم عصام و""البيجيدي"" بالنفاق",,,
1.4e+18,Smears,3,"آيت منا يتهم العثماني و""البيجيدي"" بـ""الكذب""",شاهدة في دائرتنا أوقع عثماني و إخوان بـ كذب,4,44.40%,1.0,1.0,القاضي يتهم المجرم بالكذب,,,
1.4e+18,Smears,4,"آيت منا يتهم العثماني و""البيجيدي"" بـ""الكذب""",شاهدة في محيطنا أوقع حُكْم و بيجيدي بـ محاكاة,5,55.60%,1.0,1.0,المشتري يتهم التاجر بالغش,,,
1.4e+18,Smears,5,"آيت منا يتهم العثماني و""البيجيدي"" بـ""الكذب""",بينة وسط جماعة يتهم إمامة و بيجيدي بـ إدعاء,4,44.40%,1.0,1.0,فتحي يتهم فادي وشادي بعدم قول الصدق,,,
1.37e+18,Name calling/Labeling,1,مرتزقه الحوثي,مرتزقه ثائر,1,50.00%,1.0,1.0,مستأجري الحوثي,,,
1.37e+18,Name calling/Labeling,2,مرتزقه الحوثي,مُستأجَرون ثائر,2,100.00%,1.0,1.0,مقاتلي الحوثي,,,
1.37e+18,Name calling/Labeling,3,مرتزقه الحوثي,مُتَسَوِّلُون محارب,2,100.00%,1.0,1.0,جنود الحوثي,,,
1.37e+18,Name calling/Labeling,4,مرتزقه الحوثي,مُحارِبُون مُرَحَّلُون محارب,2,66.70%,1.0,1.0,محاربي الحوثي,,,
1.37e+18,Loaded Language,1,مرتزقه,مُستَأجَفو قلوب,1,50.00%,1.0,1.0,مستأجري,,,
1.37e+18,Loaded Language,2,مرتزقه,رُعاع مستأجرين,1,50.00%,1.0,1.0,مقاتلي,,,
1.37e+18,Loaded Language,3,مرتزقه,مُرَحَّلون,1,100.00%,1.0,1.0,جنود,,,
1.37e+18,Loaded Language,4,مرتزقه,مقاتلين بالأجر,1,50.00%,1.0,1.0,مقاتلي,,,
1.37e+18,Smears,1,مقبنة صورة تبين حجم الفرح للسكان بوصول المقاتلين بعد تحرير مرتزقه الحوثي,هُودج صورة تبين حجم سرور سكانو بلد بوصول مقاتلين بعد تحرير ذوو أجندات شيعي,5,35.70%,1.0,1.0,المراسل صورة تبين كمية السعادة للسكان بوصول الجنود بعد تحرير مستأجري الحوثي,,,
1.37e+18,Smears,2,مقبنة صورة تبين حجم الفرح للسكان بوصول المقاتلين بعد تحرير مرتزقه الحوثي,صَحراوية مَظهر تبين حجم مسرة سكانو بلد بوصول مقاتظين بعد تحرير جنودٌ مستأجرون شيعي,7,50.00%,1.0,1.0,صحفي صورة تظهر حجم السرور للمواطنين بوصول المقاتلين بعد تحرير جنود الحوثي,,,
1.37e+18,Smears,2,مقبنة صورة تبين حجم الفرح للسكان بوصول المقاتلين بعد تحرير مرتزقه الحوثي,صَحراوية مَظهر تبين حجم مسرة سكانو بلد بوصول مقاتظين بعد تحرير جنودٌ مستأجرون شيعي,7,50.00%,1.0,1.0,صحفي صورة تظهر حجم السرور للمواطنين بوصول المقاتلين بعد تحرير جنود الحوثي,,,
1.37e+18,Smears,3,مقبنة صورة تبين حجم الفرح للسكان بوصول المقاتلين بعد تحرير مرتزقه الحوثي,مقبنة: قبّة مَحيا بَانَ مساحَة سرور للسكان مجيءً مقاتلين بعد إطلاق مرتزقه حوثي,8,61.50%,1.0,1.0,الاخبار صورة توضح كمية الفرح للمواطنين بوصول المحاربين بعد تحرير مقاتلي الحوثي,,,
1.39e+18,Loaded Language,1,استغاثة,تملق,1,100.00%,1.0,0.0,توسل,,,
1.39e+18,Loaded Language,2,استغاثة,طلب,1,100.00%,1.0,0.0,طلب,,,
1.39e+18,Loaded Language,3,استغاثة,تضرع,1,100.00%,1.0,0.0,تضرع,,,
1.39e+18,Loaded Language,4,استغاثة,استنجاد,1,100.00%,1.0,0.0,استنجاد,,,
1.39e+18,Loaded Language,5,استغاثة,صرخة,1,100.00%,1.0,0.0,صرخة,,,
1.39e+18,Loaded Language,1,شتمه وهانه وطرده,احتقره استهزأ به أزاحه,3,75.00%,1.0,0.0,احتقره واستهزأ به وأزاحه,,,
1.39e+18,Loaded Language,2,شتمه وهانه وطرده,شتمه استهزأ به أبعده عن وطنه,2,33.30%,1.0,0.0,شتمه واستهزأ به وأبعده,,,
1.39e+18,Loaded Language,3,شتمه وهانه وطرده,احتقره احتقاره أخرجوه,3,100.00%,1.0,1.0,أهانه واستصغره وطرده,,,
1.39e+18,Loaded Language,4,شتمه وهانه وطرده,جرحه استهان أخرجوه,3,100.00%,1.0,1.0,ذممه وضيع كرامته و رفده,,,
1.39e+18,Smears,1,"""الكفيل شتمه وهانه وطرده من الشغل"".. استغاثة أم مصرية لتعرض نجلها للظلم من كفيله السعودي",مُكفٍ لعنه وهانه وطرده من مسعى استغاثة أم رنكشية تعريض ابن بغي من كفيله حِجازِي,8,53.30%,1.0,1.0,صاحب العمل احتقره واستهزأ به وأزاحه من العمل توسل أم مصرية لتعرض ابنها للظلم من وكيله السعودي,,,
1.39e+18,Smears,2,"""الكفيل شتمه وهانه وطرده من الشغل"".. استغاثة أم مصرية لتعرض نجلها للظلم من كفيله السعودي",حَمِيْل شتمه احتقار أبعده من مهنة نداء أم نيليّة توضيح تابع ضيم من كفيله مُقيم,10,66.70%,1.0,1.0,"""الكفيل شتمه واستهزأ به وأبعده من الشغل"".. مناشدة أم مصرية لتعرض ولدها للقهر من المسئول عنه السعودي",,,
1.39e+18,Smears,3,"""الكفيل شتمه وهانه وطرده من الشغل"".. استغاثة أم مصرية لتعرض نجلها للظلم من كفيله السعودي",مُؤازر ذمّم أمره تهوينه أبعده من صنعة استغاثة أم مصراميّة إبانة نجلها حيف من وافية مَكِّي,10,62.50%,1.0,1.0,المسئول عنه أهانه واستصغره وطرده من وظيفته طلب والدة مصرية لتعرض نجلها للكيد من كفيله السعودي,,,
1.39e+18,Smears,4,"""الكفيل شتمه وهانه وطرده من الشغل"".. استغاثة أم مصرية لتعرض نجلها للظلم من كفيله السعودي",مُؤتمن أهانه استصغار أبعده عن وطنه من شغل مناشدة أم مصرية تبين أبناء بغي من راعية مُواطن,10,58.80%,1.0,1.0,"""الكفيل ذممه وضيع كرامته و رفده من الشغل"".. تضرع أم مصرية واجه ابنها الخراب من كفيله السعودي",,,
1.39e+18,Smears,3,"""الكفيل شتمه وهانه وطرده من الشغل"".. استغاثة أم مصرية لتعرض نجلها للظلم من كفيله السعودي",مُؤازر ذمّم أمره تهوينه أبعده من صنعة استغاثة أم مصراميّة إبانة نجلها حيف من وافية مَكِّي,10,62.50%,1.0,1.0,المسئول عنه شتمه واستهزأ به وأبعده من وظيفته استنجاد والدة مصرية لتعرض نجلها للكيد من كفيله السعودي,,,
1.39e+18,Smears,4,"""الكفيل شتمه وهانه وطرده من الشغل"".. استغاثة أم مصرية لتعرض نجلها للظلم من كفيله السعودي",مُؤتمن أهانه استصغار أبعده عن وطنه من شغل مناشدة أم مصرية تبين أبناء بغي من راعية مُواطن,10,58.80%,1.0,1.0,"""الكفيل ذممه وضيع كرامته و رفده من الشغل"".. صرخة أم مصرية واجه ابنها الخراب من كفيله السعودي",,,
1.39e+18,Smears,1,سياسة ينتهجها النظام.. والمعتقلين في المسالخ البشرية أبرز ضحاياها ,سياسة ينتهجها التزام مُعتقَلين في مَذَابِحُ شعب كشف هلكى حرب,6,60.00%,1.0,1.0,سياسة يسلكها النظام.. والمحبوسين في المذابح البشرية اهم منكوبيها ,,,
1.39e+18,Smears,2,سياسة ينتهجها النظام.. والمعتقلين في المسالخ البشرية أبرز ضحاياها ,مَكْرُوزَةٌ ينتهجها نظام أسرى في حَوَانِيتُ حياة أبان ضحوتها,6,66.70%,1.0,1.0,اجراءات تتبعها الحكومة والسجناء في المسالخ البشرية اكثر موتاها ,,,
1.39e+18,Smears,3,سياسة ينتهجها النظام.. والمعتقلين في المسالخ البشرية أبرز ضحاياها ,مَكْرٌ اقتفى أثرها نظام مُحتجَزين في مذابِحُ وجود أظهر ضحاياها,6,60.00%,1.0,1.0,سياسة يتخذها بها النظام.. والمعتقلين في المذابخ البشرية أبرز قتلاها ,,,
1.39e+18,Smears,4,سياسة ينتهجها النظام.. والمعتقلين في المسالخ البشرية أبرز ضحاياها ,مَكْرٌ سار على نهجها التزام مُحتجَرين في مسالخ بشرية أبرز ضحاياها,4,36.40%,1.0,1.0,ترتيبات تسير على منوالها السلطة والمحبوسين في مسالخ البشر اهم مذبوحيها ,,,
1.39e+18,Loaded Language,1,المسالخ البشرية,مجامِعُ ذَّبْح رَّحمة,2,66.70%,1.0,1.0,المذابح البشرية,,,
1.39e+18,Loaded Language,2,المسالخ البشرية,المسالخ كائِنية,1,50.00%,1.0,1.0,مسالخ البشر,,,
1.39e+18,Loaded Language,1,ضحاياها ,مَنكوبون,1,100.00%,1.0,1.0,منكوبيها,,,
1.39e+18,Loaded Language,2,ضحاياها ,رَحى,1,100.00%,1.0,1.0,موتاها,,,
1.39e+18,Loaded Language,3,ضحاياها ,ضحايا,1,100.00%,1.0,1.0,قتلاها,,,
1.39e+18,Loaded Language,4,ضحاياها ,مَذابح,1,100.00%,1.0,1.0,مذبوحيها,,,
1.39e+18,Name calling/Labeling,1,النظام,السَّيرَة,1,100.00%,1.0,1.0,الحكومة,,,
1.39e+18,Name calling/Labeling,2,النظام,الاعتداد,1,100.00%,1.0,1.0,السلطة,,,
1.39e+18,Loaded Language,1,ينتهجها,سار على منوالها,1,33.30%,1.0,1.0,تسير على منوالها,,,
1.39e+18,Loaded Language,2,ينتهجها,اتبعها,1,100.00%,1.0,1.0,تتبعها,,,
1.39e+18,Loaded Language,3,ينتهجها,سلكها,1,100.00%,1.0,1.0,يسلكها,,,
1.39e+18,Loaded Language,4,ينتهجها,اتخذها,1,100.00%,1.0,1.0,يتخذها,,,
1.39e+18,Black-and-white Fallacy/Dictatorship,1,لا يوجد أي حل آخر في فلسطين إلا بنهاية الاحتلال ,لا يبرز أي حل آخر في الْخَلِيلِيَّةُ إلا انقضاء هيمنة,4,40.00%,1.0,1.0,لا يبرز أي حل آخر في الْخَلِيلِيَّةُ إلا بالقضاء على الاستيلاء,,,
1.39e+18,Black-and-white Fallacy/Dictatorship,2,لا يوجد أي حل آخر في فلسطين إلا بنهاية الاحتلال ,لا يتجلى أي حل آخر في فلسطين إلا اكتمال استعباد,3,30.00%,1.0,1.0,لا يتجلى أي حل آخر في فلسطين إلا بنهاية الاستعباد,,,
1.39e+18,Black-and-white Fallacy/Dictatorship,3,لا يوجد أي حل آخر في فلسطين إلا بنهاية الاحتلال ,لا يعيش أي حل آخر في الْخَلِيلِيَّةُ إلا فراغ غزو,4,40.00%,1.0,1.0,لا يعيش أي حل آخر في ارض كنعان إلا طرد الغزاة,,,
1.39e+18,Black-and-white Fallacy/Dictatorship,4,لا يوجد أي حل آخر في فلسطين إلا بنهاية الاحتلال ,لا يعيش أي حل آخر في فلسطين إلا غاية سيطرة,3,30.00%,1.0,1.0,لا يعيش أي حل آخر في فلسطين إلا زوال الاحتلال,,,
1.39e+18,Black-and-white Fallacy/Dictatorship,5,لا يوجد أي حل آخر في فلسطين إلا بنهاية الاحتلال ,لا يوجد أي حل آخر في أَرْضُ الْمُنْتَظَرَةُ إلا إنجاز استعباد,3,27.30%,1.0,1.0,لا يوجد أي حل آخر في أالَرْضُ الْمُنْتَظَرَةُ إلا انهاء الهيمنة,,,
1.39e+18,Black-and-white Fallacy/Dictatorship,6,لا يوجد أي حل آخر في فلسطين إلا بنهاية الاحتلال ,لا يحضر أي حل آخر في فِلَسْطِينُ إلا بنهاية سيطرة,3,30.00%,1.0,1.0,لا يحضر أي حل آخر في فِلَسْطِينُ إلا بنهاية الصهيونية,,,
1.39e+18,Name calling/Labeling,1,الاحتلال,القهر,1,100.00%,1.0,1.0,الغزاة,,,
1.39e+18,Name calling/Labeling,2,الاحتلال,الاستعباد,1,100.00%,1.0,0.0,الاستعباد,,,
1.39e+18,Name calling/Labeling,3,الاحتلال,الاستيلاء,1,100.00%,1.0,0.0,الاستيلاء,,,
1.39e+18,Name calling/Labeling,4,الاحتلال,الاغتصاب,1,100.00%,1.0,1.0,الهيمنة,,,
1.39e+18,Name calling/Labeling,4,الاحتلال,الاغتصاب,1,100.00%,1.0,1.0,الصهيونية,,,
1.39e+18,Smears,1,لا يوجد أي حل آخر في فلسطين إلا بنهاية الاحتلال,لا يقيم أي حل آخر في جَنَّةُ شَّرْقِ إلا بنهاية انتزاع,3,27.30%,1.0,1.0,لا يبرز أي حل آخر في الْخَلِيلِيَّةُ إلا بالقضاء على الاستيلاء,,,
1.39e+18,Smears,2,لا يوجد أي حل آخر في فلسطين إلا بنهاية الاحتلال,لا يوجد أي حل آخر في خَلِيجُ عَرَبِ إلا انتهاء قهر,3,27.30%,1.0,1.0,لا يتجلى أي حل آخر في فلسطين إلا بنهاية الاستعباد,,,
1.39e+18,Smears,3,لا يوجد أي حل آخر في فلسطين إلا بنهاية الاحتلال,لا يقيم أي حل آخر في أُمُّ رَّحْمَةِ إلا نتيجة استحواذ,4,36.40%,1.0,1.0,لا يعيش أي حل آخر في ارض كنعان إلا طرد الغزاة,,,
1.39e+18,Smears,4,لا يوجد أي حل آخر في فلسطين إلا بنهاية الاحتلال,لا يظهر وجوده أي حل آخر في فِلَسْطِينُ إلا ختام هيمنة,4,36.40%,1.0,1.0,لا يعيش أي حل آخر في فلسطين إلا زوال الاحتلال,,,
1.39e+18,Smears,3,لا يوجد أي حل آخر في فلسطين إلا بنهاية الاحتلال,لا يقيم أي حل آخر في أُمُّ رَّحْمَةِ إلا نتيجة استحواذ,4,36.40%,1.0,1.0,لا يوجد أي حل آخر في أالَرْضُ الْمُنْتَظَرَةُ إلا انهاء الهيمنة,,,
1.39e+18,Smears,4,لا يوجد أي حل آخر في فلسطين إلا بنهاية الاحتلال,لا يظهر وجوده أي حل آخر في فِلَسْطِينُ إلا ختام هيمنة,4,36.40%,1.0,1.0,لا يحضر أي حل آخر في فِلَسْطِينُ إلا بنهاية الصهيونية,,,
1.39e+18,Loaded Language,1,مؤسف,محبط,1,100.00%,,,محبط,,,
1.39e+18,Loaded Language,2,مؤسف,مزعج,1,100.00%,,,مزعج,,,
1.39e+18,Loaded Language,3,مؤسف,مأساوي,1,100.00%,,,مأساوي,,,
1.39e+18,Smears,1,مجندة إسرائيلية تعتدي على سيدة فلسطينية أمام أعين أطفالها,مجندة مُحَارِبَة تعتدي على سَيِّدة محتلة أمام رؤوس وِلدانُها,5,55.60%,1.0,1.0,مجندة يهودية تعتدي على سيدة فلسطينية أمام نظر ولدانها,,,
1.39e+18,Smears,2,مجندة إسرائيلية تعتدي على سيدة فلسطينية أمام أعين أطفالها,مجندة إسرائيلية تعدت على رَبَّة وطنية أمام أعين نسْلُها,4,44.40%,1.0,1.0,مقاتلة إسرائيلية تعدت على ربة منزل فلسطينية أمام أعين نسلها,,,
1.39e+18,Smears,3,مجندة إسرائيلية تعتدي على سيدة فلسطينية أمام أعين أطفالها,مجندة سِبْطِيَّة اعتبرت على مَرْأَة عربية أمام أعين أطفالها,4,44.40%,1.0,1.0,مجندة سبطية تعتدي على جميلة كنعانية أمام أعين ابناءها,,,
1.39e+18,Smears,4,مجندة إسرائيلية تعتدي على سيدة فلسطينية أمام أعين أطفالها,مجندة سِبْطِيَّة تعتدي على جَميلَة كنعانية أمام مصايد نسْلُها,5,55.60%,1.0,1.0,مقاتلة محتلة اهانت بالضرب على مرأة عربية أمام أعين أولادها,,,
1.39e+18,Loaded Language,1,تعتدي على سيدة فلسطينية أمام أعين أطفالها,تجاوزت على مَلِكَة رَحْوَانِيَّةٌ أمام شهب أولادُها,5,71.40%,1.0,1.0,تعتدي على سيدة فلسطينية أمام نظر ولدانها,,,
1.39e+18,Loaded Language,2,تعتدي على سيدة فلسطينية أمام أعين أطفالها,تعتدي على فَاضِلَة رَحْوَانِيَّةٌ أمام بَصَر أطفالها,3,42.90%,1.0,1.0,تعدت على ربة منزل فلسطينية أمام أعين نسلها,,,
1.39e+18,Loaded Language,3,تعتدي على سيدة فلسطينية أمام أعين أطفالها,تعدت حد على سيدة فِلَسْطِينِيَّةٌ أمام أعين أبناءُها,3,37.50%,1.0,1.0,تعتدي على جميلة كنعانية أمام أعين ابناءها,,,
1.39e+18,Loaded Language,4,تعتدي على سيدة فلسطينية أمام أعين أطفالها,تجاسرت على سيدة فلسطينية أمام أعين فراخُها,2,28.60%,1.0,1.0,اهانت بالضرب على مرأة عربية أمام أعين أولادها,,,
1.39e+18,Name calling/Labeling,1,مجندة إسرائيلية,مجندة سُلَحْفَاتِيَّة,1,50.00%,1.0,1.0,مجندة يهودية,,,
1.39e+18,Name calling/Labeling,2,مجندة إسرائيلية,مُقاتِلة إسرائيلية,1,50.00%,1.0,1.0,مقاتلة إسرائيلية,,,
1.39e+18,Name calling/Labeling,3,مجندة إسرائيلية,جندية سِبْطِيَّة,2,100.00%,1.0,1.0,مجندة سبطية,,,
1.39e+18,Name calling/Labeling,5,مجندة إسرائيلية,مُقاتِلة مُحْتَلَّة,2,100.00%,1.0,1.0,مقاتلة محتلة,,,
1.39e+18,Smears,1,الحكومة لم تحرك ساكنا أمام تجاوزات سعيد الجزيري,السلطة لم تحركوا ساكنا أمام تجاوزات مبتهج جَزْريّ,4,50.00%,,1.0,السلطة لم تحرك ساكنا أمام انتهاكات مبتهج جَزْريّ,,,
1.39e+18,Smears,2,الحكومة لم تحرك ساكنا أمام تجاوزات سعيد الجزيري,الحكومة لم سار مُستقرٌ أمام تطاول سعيد قُطْبي,4,50.00%,,1.0,الحكومة لم تتحرك أمام تعديات سعيد الجزيري,,,
1.39e+18,Smears,3,الحكومة لم تحرك ساكنا أمام تجاوزات سعيد الجزيري,الدولة لم انتقل مُتَزَنٌ أمام تجاوزات سعيد جزراوي,4,50.00%,,1.0,الحكومة لم تقم بفعل تجاه تطاولات سعيد الجزيري,,,
1.39e+18,Smears,4,الحكومة لم تحرك ساكنا أمام تجاوزات سعيد الجزيري,الدولة لم انتقلت ساكنا أمام تطاول مبتهج جزيري,4,50.00%,,1.0,الحكومة وقفت عاجزة أمام خروقات سعيد الجزيري,,,
1.39e+18,Smears,5,الحكومة لم تحرك ساكنا أمام تجاوزات سعيد الجزيري,السلطة لم انتقل ساكنا أمام تجاوزات سعيد مَرْسَمي,3,37.50%,,1.0,الحكومة مشلولة الحركة تجاه مخالفات سعيد الجزيري,,,
1.39e+18,Smears,1,و رئيس الحكومة طلبنا نقابلوه عديد المرات و ما رجعش علينا,و قائد أعلى قيادة تاقت نفوسنا نلاقيه كثير مرات و ما رجعش في مسؤوليتنا,6,42.90%,1.0,1.0,و رئيس الحكومة طلبنا نقابلوه مرات عديدة و ما رجعش علينا,,,
1.39e+18,Smears,2,و رئيس الحكومة طلبنا نقابلوه عديد المرات و ما رجعش علينا,و مسؤول قيادة طلبنا نقابله وافر وقائع و ما رُعَاشٌ إلينا,7,63.60%,1.0,1.0,و رئيس الوزراء طلبنا نقابلوه اكثر من مرة و ما رد علينا,,,
1.39e+18,Smears,3,و رئيس الحكومة طلبنا نقابلوه عديد المرات و ما رجعش علينا,و ربان إدارة تاقت نفوسنا نتعامل معـه مُتَوَفِّر مرات و ما رَغْفَةٌ في حوزتنا,7,50.00%,1.0,1.0,و رئيس الحكومة طلبنا نجتمع معاه كثير المرات و ما قابلنا,,,
1.39e+18,Smears,4,و رئيس الحكومة طلبنا نقابلوه عديد المرات و ما رجعش علينا,و مدير جهة حاكمة تطلعنا نقابلوه مُتَكاثِر ظروف و ما رجعش علينا,5,41.70%,1.0,1.0,و مدير الجهة تطلعنا نقابلوه أوقات عديدة و ما تجاوب لنا,,,
1.39e+18,Loaded Language,1,لم تحرك ساكنا,لم تحرك مستقرا,1,33.30%,1.0,1.0,لم تتحرك,,,
1.39e+18,Loaded Language,2,لم تحرك ساكنا,لم جال ساكنا,1,33.30%,1.0,1.0,لم تقم,,,
1.39e+18,Loaded Language,3,لم تحرك ساكنا,لم انطلق راقدا,2,66.70%,1.0,1.0,وقفت عاجزة,,,
1.39e+18,Loaded Language,4,لم تحرك ساكنا,لم انتقل جامدا,2,66.70%,1.0,1.0,مشلولة,,,
1.39e+18,Loaded Language,1,تجاوزات,انتهاكات,1,100.00%,1.0,0.0,انتهاكات,,,
1.39e+18,Loaded Language,2,تجاوزات,خروقات,1,100.00%,1.0,0.0,خروقات,,,
1.39e+18,Loaded Language,3,تجاوزات,تجاوزات حدود,1,50.00%,1.0,1.0,تعديات,,,
1.39e+18,Loaded Language,4,تجاوزات,تجاوزات قانونية,1,50.00%,1.0,0.0,تطاولات,,,
1.39e+18,Loaded Language,6,تجاوزات,مخالفات,1,100.00%,1.0,0.0,مخالفات,,,
1.4e+18,Loaded Language,1,بتهديدات,تلميحات,1,100.00%,1.0,0.0,بتلميحات,,,
1.4e+18,Loaded Language,2,بتهديدات,تلويح,1,100.00%,1.0,1.0,بتلويحات,,,
1.4e+18,Loaded Language,3,بتهديدات,إيماءات,1,100.00%,1.0,0.0,مع إيماءات,,,
1.4e+18,Loaded Language,2,بتهديدات,تلويح,1,100.00%,1.0,1.0,بتوعدات,,,
1.4e+18,Loaded Language,3,بتهديدات,إيماءات,1,100.00%,1.0,0.0,مع وعيد,,,
1.4e+18,Smears,1,انفجار #أصفهان في #إيران كان بمصنع للطائرات المسيرة ومرتبط بتهديدات إسرائيل ,تطشّق ضيعة في عجم كان مَصْنَعِيّ للطائرات مَنْهَج متداخل إنذارات يَهُود,8,72.70%,1.0,1.0,تفجير #أصفهان في #إيران كان في مصنع للطائرات بدون طيار وله علاقة بتلميحات إسرائيل ,,,
1.4e+18,Smears,2,انفجار #أصفهان في #إيران كان بمصنع للطائرات المسيرة ومرتبط بتهديدات إسرائيل ,انفجار ريف في بلاد فارس كان بِمَحْرَث أجنحة مَسْعَى ملتحم رَمْزُ إِبْطَحِ سَبْطَة,8,61.50%,1.0,1.0,انفجار #أصفهان في بلاد فارس كان بمخزن للطائرات المسيرة ومرتبط بتوعدات إسرائيل ,,,
1.4e+18,Smears,3,انفجار #أصفهان في #إيران كان بمصنع للطائرات المسيرة ومرتبط بتهديدات إسرائيل ,تنفجر عاصمة في إيران كان بمصنع سماوات مَقْصِد متصل تهديدات يَهُود,7,63.60%,1.0,1.0,تدمير #أصفهان في #إيران كان بمهبط للطائرات العسكرية ومتداخل مع وعيد إسرائيل ,,,
1.4e+18,Smears,2,انفجار #أصفهان في #إيران كان بمصنع للطائرات المسيرة ومرتبط بتهديدات إسرائيل ,انفجار ريف في بلاد فارس كان بِمَحْرَث أجنحة مَسْعَى ملتحم رَمْزُ إِبْطَحِ سَبْطَة,8,61.50%,1.0,1.0,انفجار #أصفهان في بلاد فارس كان بمخزن للطائرات المسيرة ومرتبط بتلويحات إسرائيل ,,,
1.4e+18,Smears,3,انفجار #أصفهان في #إيران كان بمصنع للطائرات المسيرة ومرتبط بتهديدات إسرائيل ,تنفجر عاصمة في إيران كان بمصنع سماوات مَقْصِد متصل تهديدات يَهُود,7,63.60%,1.0,1.0,تدمير #أصفهان في #إيران كان بمهبط للطائرات العسكرية ومتداخل مع إيماءات إسرائيل ,,,
1.4e+18,Name calling/Labeling,1,الاحتلال,الاستيلاء,1,100.00%,,,الاستيلاء,,,
1.4e+18,Name calling/Labeling,2,الاحتلال,الهيمنة,1,100.00%,,,الهيمنة,,,
1.4e+18,Name calling/Labeling,3,الاحتلال,السّلب,1,100.00%,,,السّلب,,,
1.4e+18,Name calling/Labeling,4,الاحتلال,الضم,1,100.00%,,,الضم,,,
1.4e+18,Name calling/Labeling,5,الاحتلال,القمع,1,100.00%,,,القمع,,,
1.4e+18,Name calling/Labeling,6,الاحتلال,الاستعباد,1,100.00%,,,الاستعباد,,,
1.4e+18,Smears,1,الاحتلال يحاول إثبات عدم الهزيمة ورد الاعتبار بالاقتحامات,الاستعباد يخوض إثبات عدم فشل ورد تدبر بالاقتحامات,4,50.00%,,,الاستعباد يحاول إثبات عدم الفشل ورد الكرامة بالاقتحامات,,,
1.4e+18,Smears,2,الاحتلال يحاول إثبات عدم الهزيمة ورد الاعتبار بالاقتحامات,الاحتلال يخوض قرينة عدم انحسار ورد اعتبار تدافع,4,50.00%,,,الاحتلال يعمل على إثبات عدم الهزيمة ومنح نفسه قيمة بالاغارات,,,
1.4e+18,Smears,3,الاحتلال يحاول إثبات عدم الهزيمة ورد الاعتبار بالاقتحامات,الانتزاع يُحاول قرينة عدم هزيمة ورد انتباه هجمات,5,62.50%,,,الاستعباد يحاول تأكيد عدم الانكسار ورد الاعتبار بالهجمات,,,
1.4e+18,Smears,4,الاحتلال يحاول إثبات عدم الهزيمة ورد الاعتبار بالاقتحامات,الغزو يحاول إثبات عدم فشل ورد تبصّر اندفاعات,4,50.00%,,,الاحتلال يحاول إثبات النصر ورد الكرامة بالهجوم,,,
1.4e+18,Loaded Language,1,بالاقتحامات,الزحوف,1,100.00%,,,الزحوف,,,
1.4e+18,Loaded Language,2,بالاقتحامات,الدهم,1,100.00%,,,الدهم,,,
1.4e+18,Loaded Language,3,بالاقتحامات,الهجمات,1,100.00%,,,الهجمات,,,
1.4e+18,Loaded Language,4,بالاقتحامات,الاجتياحات,1,100.00%,,,الاجتياحات,,,
1.4e+18,Loaded Language,5,بالاقتحامات,الانقضاضات,1,100.00%,,,الانقضاضات,,,
1.4e+18,Loaded Language,6,بالاقتحامات,الاقتحامات,1,100.00%,,,الاقتحامات,,,
1.4e+18,Name calling/Labeling,1,محكمة الاحتلال الإسرائيلية,دعوى استعمار سليمانية,3,100.00%,,,دعوى استعمار سليمانية,,,
1.4e+18,Name calling/Labeling,2,محكمة الاحتلال الإسرائيلية,محكمة استعباد إسرائيلية,1,33.30%,,,محكمة استعباد إسرائيلية,,,
1.4e+18,Name calling/Labeling,3,محكمة الاحتلال الإسرائيلية,مجلس قضاء استعمار داودية,3,75.00%,,,مجلس قضاء استعمار داودية,,,
1.4e+18,Name calling/Labeling,4,محكمة الاحتلال الإسرائيلية,دار عدل احتلال إسرائيلية,1,25.00%,,,دار عدل احتلال إسرائيلية,,,
1.4e+18,Name calling/Labeling,5,محكمة الاحتلال الإسرائيلية,قضاء هيمنة عبرية,3,100.00%,,,قضاء هيمنة عبرية,,,
1.4e+18,Name calling/Labeling,6,محكمة الاحتلال الإسرائيلية,قضاء سيطرة نبوية,3,100.00%,,,قضاء سيطرة نبوية,,,
1.4e+18,Name calling/Labeling,1,الاحتلال,الاستعباد,1,100.00%,1.0,0.0,الاستعباد,,,
1.4e+18,Name calling/Labeling,2,الاحتلال,القهر,1,100.00%,1.0,0.0,القهر,,,
1.4e+18,Name calling/Labeling,3,الاحتلال,الغزو,1,100.00%,1.0,0.0,الاحتلال,,,
1.4e+18,Name calling/Labeling,4,الاحتلال,التسلط,1,100.00%,1.0,1.0,الغزو,,,
1.4e+18,Smears,1,محكمة الاحتلال الإسرائيلية ترجئ البت في قضية حي بطن الهوى في سلوان,محكمة ضم صهيونية أرجئ بنت في إشكالية حي بطن وله في مرح,7,58.30%,1.0,1.0,محكمة الاستعباد الإسرائيلية تؤجل الحكم في مشكلة حي اسمه بطن الهوى في سلوان,,,
1.4e+18,Smears,2,محكمة الاحتلال الإسرائيلية ترجئ البت في قضية حي بطن الهوى في سلوان,مَجْلِس قَضَاء سيطرة إسرائيلية إرجاء مُؤنث في موضوع حي بطن محبة في سلوان,6,46.20%,1.0,1.0,محكمة القهر الصهيونية تؤخر القرار في قضية حي يسمىبطن الهوى في القدس,,,
1.4e+18,Smears,3,محكمة الاحتلال الإسرائيلية ترجئ البت في قضية حي بطن الهوى في سلوان,ثَابِتَة استيلاء يهودية أجل غُلامة في حيرة حي بطن محبة في سلوان,7,58.30%,1.0,1.0,قضاء الغزو الإسرائيلي تؤجل نطق الحكم في معضلة حي من احياء القدس في سلوان,,,
1.4e+18,Smears,4,محكمة الاحتلال الإسرائيلية ترجئ البت في قضية حي بطن الهوى في سلوان,محكمة استيلاء عَدْنية ترجئ نّسلة في مُعضلة حي جَوْف إعجاب في سلوان,6,50.00%,1.0,1.0,القضاء الصهيوني يؤخر النتيجة في قضية حي القدس القديمة,,,
1.31e+18,Smears,1,حاجة وحدة ثابتة عند حركة النهضة و هي التمكن من أجهزة الدولة..,مُسْتَلْزَم انفرادية ثابت عند تغير انبعاث و هي تمكن من أجهزة كهربائية بلد,7,53.80%,1.0,1.0,شيئ واحد ثابت عند حركة النهضة و هو السيطرة على أجهزة الدولة..,,,
1.31e+18,Smears,2,حاجة وحدة ثابتة عند حركة النهضة و هي التمكن من أجهزة الدولة..,وَاجِب انفراد ثابتة عند تموج زهرة و هي تمكن من أجهزة كهربائية دولة,5,38.50%,1.0,1.0,حاجة واحدة لا تتزحزح عند جمعية التنمية و هي التمكن من قطاعات الدولة,,,
1.31e+18,Smears,3,حاجة وحدة ثابتة عند حركة النهضة و هي التمكن من أجهزة الدولة..,اِحْتِمَال استقلال ثابتة عند حركة نهضة و هي سيطرة من أدوات ميكانيكية حكومة,5,38.50%,1.0,1.0,مستلزم واحد ثابت عند جماعة النهضة و هو الاستيلاء على مؤسسات الدولة..,,,
1.31e+18,Smears,4,حاجة وحدة ثابتة عند حركة النهضة و هي التمكن من أجهزة الدولة..,حاجة انفرادية ثابتة عند تغير ظهور و هي إتقان من أجهزة إلكترونية أمة,6,46.20%,1.0,1.0,شيء وحيد لا يتحرك عند مؤسسة النهضة و هو السيطرة على ادارات الدولة..,,,
1.39e+18,Name calling/Labeling,1,الاحتلال الإسرائيلي,الغزو إسرائيلي,1,50.00%,1.0,1.0,الغزو الإسرائيلي,,,
1.39e+18,Name calling/Labeling,2,الاحتلال الإسرائيلي,الاغتصاب إفرايمي,2,100.00%,1.0,1.0,الجيش اليهودي,,,
1.39e+18,Name calling/Labeling,2,الاحتلال الإسرائيلي,الاغتصاب إفرايمي,2,100.00%,1.0,1.0,الضم الإسرائيلي,,,
1.39e+18,Name calling/Labeling,3,الاحتلال الإسرائيلي,الاغتصاب صهيوني,2,100.00%,1.0,1.0,الاغتصاب الصهيوني,,,
1.39e+18,Name calling/Labeling,4,الاحتلال الإسرائيلي,الاستحواذ فلسطيني,2,100.00%,1.0,1.0,العدو الإسرائيلي,,,
1.39e+18,Doubt,1,يزعم,يَدَّعِي,1,100.00%,1.0,0.0,يدعي,,,
1.39e+18,Doubt,2,يزعم,يُقال,1,100.00%,1.0,0.0,يقول,,,
1.39e+18,Doubt,3,يزعم,يَدَّاثَر,1,100.00%,1.0,1.0,يكذب,,,
1.39e+18,Doubt,4,يزعم,يدّعي,1,100.00%,1.0,1.0,يفتري,,,
1.39e+18,Smears,1,الاحتلال الإسرائيلي يزعم اغتيال قيادي بارز في كتائب القسام,الاحتلال إسرائيلي يقول إعدام قيادي مبرّز في كتائب قسام,3,33.30%,1.0,1.0,الغزو الإسرائيلي يقول بإعدام قيادي معروف في كتائب القسام,,,
1.39e+18,Smears,2,الاحتلال الإسرائيلي يزعم اغتيال قيادي بارز في كتائب القسام,الضم إسرائيلي يزعم تصفية مسير مبرّز في جنود مُقسِّم,6,66.70%,1.0,1.0,الضم الإسرائيلي يكذب تصفية قائد بارز في جنود القسام,,,
1.39e+18,Smears,3,الاحتلال الإسرائيلي يزعم اغتيال قيادي بارز في كتائب القسام,الامتلاك صِهْني يدعيها اغتيال مُوجه بيّن في فرق مُحَصِّن,7,77.80%,1.0,1.0,الاغتصاب الصهيوني يدعي اغتيال مُوجه هام في فرق المقاومة,,,
1.39e+18,Smears,3,الاحتلال الإسرائيلي يزعم اغتيال قيادي بارز في كتائب القسام,الامتلاك صِهْني يدعيها اغتيال مُوجه بيّن في فرق مُحَصِّن,7,77.80%,1.0,1.0,العدو الاسرائيلي يفتري اغتيال مُوجه هام في فرق المقاومة,,,
1.39e+18,Smears,4,الاحتلال الإسرائيلي يزعم اغتيال قيادي بارز في كتائب القسام,الامتلاك يهودي يدّعي إزهاق قائد بارز في كتلة مُقسِم,7,77.80%,1.0,1.0,الجيش اليهودي يدّعي إزهاق قائد بارز في فرق القسام,,,
1.39e+18,Slogans,1,#غزه_تقاوم,غزه تقاثد,1,50.00%,1.0,1.0,غزه تقاتل,,,
1.39e+18,Slogans,2,#غزه_تقاوم,غزه تواجه,1,50.00%,1.0,1.0,غزه تواجه العدو,,,
1.39e+18,Slogans,3,#غزه_تقاوم,عزّ تقاثد,2,100.00%,1.0,1.0,غزة تحارب,,,
1.39e+18,Slogans,4,#غزه_تقاوم,معقل تواجه,2,100.00%,1.0,1.0,غزة تصارع,,,
1.39e+18,Slogans,1,#غزة_تنتصر_للقدس,غزة تَسْتَبْدِلُ مَهْد,2,66.70%,1.0,1.0,غزة تفوز للقدس,,,
1.39e+18,Slogans,2,#غزة_تنتصر_للقدس,عزيمة تَنْتَصِرُ هَيْكَل,3,100.00%,1.0,1.0,غزة تحمي القدس,,,
1.39e+18,Slogans,3,#غزة_تنتصر_للقدس,منعة تَسُودُ للقدس,2,66.70%,1.0,1.0,غزة تنتصر للمسج الأقصى,,,
1.39e+18,Slogans,4,#غزة_تنتصر_للقدس,منعة تَغْلُبُ كنعان,3,100.00%,1.0,1.0,غزة تغلب العدو نصرة للقدس,,,
1.4e+18,Smears,1,"دراسة تكشف دور ""أبو ولاء العراقي"" في تجنيد الشباب الألمان لمصلحة ""داعش""",فحص تجليّة مسار أبو ولاء بغدادي في تجنيش سُّنْبُلَة ألوات لنفعها متشددون,9,75.00%,1.0,1.0,"بحث يكشف دور ""أبو ولاء العراقي"" في تجييش الشباب الألمان لنفعة ""داعش""",,,
1.4e+18,Smears,2,"دراسة تكشف دور ""أبو ولاء العراقي"" في تجنيد الشباب الألمان لمصلحة ""داعش""",تعلم تجلو جولة أبو عهود كَرْبَلائي في تجنيد عسكري خُضْرة نازيون لِما فيه خير داعش,9,60.00%,1.0,1.0,"تقصي حقائق يظهر وظيفة ""أبو ولاء العراقي"" في حشد الفتيان الألمان لصالح ""داعش""",,,
1.4e+18,Smears,3,"دراسة تكشف دور ""أبو ولاء العراقي"" في تجنيد الشباب الألمان لمصلحة ""داعش""",دراسة انبثاق دور أبو صدق مُعَرَّبي في تجنيش فَتَانة نازيون لمصلحة داعش,6,50.00%,1.0,1.0,"دراسة توضح مهمة ""أبو ولاء العراقي"" في تجنيد الرجال الألمان لمصلحة الجهاديون",,,
1.4e+18,Smears,4,"دراسة تكشف دور ""أبو ولاء العراقي"" في تجنيد الشباب الألمان لمصلحة ""داعش""",تطّلع تكشف مسار أبو وفاق عراقي في حشد بَهْجَة غوطة لمنفوع متشددون,8,66.70%,1.0,1.0,"بحث يكشف ما فعله ""أبو ولاء العراقي"" في جمع الشباب الألمان لصالح تنظيم ""داعش""",,,
1.4e+18,Loaded Language,1,تنديدًا,رفضا,1,100.00%,1.0,1.0,رفضا,,,
1.4e+18,Loaded Language,2,تنديدًا,وعيدا,1,100.00%,1.0,1.0,وعيدا,,,
1.4e+18,Loaded Language,1,تنديدًا,رفضا,1,100.00%,1.0,1.0,استنكارا,,,
1.4e+18,Loaded Language,1,تنديدًا,رفضا,1,100.00%,1.0,0.0,تذمما,,,
1.4e+18,Loaded Language,2,تنديدًا,وعيدا,1,100.00%,1.0,0.0,توبيخا,,,
1.4e+18,Smears,1,تظاهرة أمام مقر سفارة الاحتلال في #لندن، تنديدًا بجـــرائم الاحتلال في #القدس وغزة,تظاهرة أمام مقر سفارة احتلال في خَراج استنكارا كَبائِر سيطرة في قـبـلـة ـنـبـيـيـن وغزة,5,35.70%,1.0,1.0,تظاهرة أمام مقر سفارة الاستيلاء في بريطانيا رفضا لكبائر الاستيلاء في #القدس وغزة,,,
1.4e+18,Smears,1,تظاهرة أمام مقر سفارة الاحتلال في #لندن، تنديدًا بجـــرائم الاحتلال في #القدس وغزة,تظاهرة أمام مقر سفارة احتلال في خَراج استنكارا كَبائِر سيطرة في قـبـلـة ـنـبـيـيـن وغزة,5,35.70%,1.0,1.0,تظاهرة أمام مقر سفارة الاستحواذ في بريطانيا استنكارا لفواحش الاستحواذ في #القدس وغزة,,,
1.4e+18,Smears,2,تظاهرة أمام مقر سفارة الاحتلال في #لندن، تنديدًا بجـــرائم الاحتلال في #القدس وغزة,انتفاضة أمام مَثْوَى مندوبية احتلال في مَدينة عَظيمة استنكارا فَواحِش هيمنة في قدس وغزة,7,50.00%,1.0,1.0,انتفاضة أمام مسكن سفارة الاحتلال في #لندن، تذمما بجـــرائم العدو الصهيوني في #القدس وغزة,,,
1.4e+18,Smears,3,تظاهرة أمام مقر سفارة الاحتلال في #لندن، تنديدًا بجـــرائم الاحتلال في #القدس وغزة,مسيرة أمام مقر سفارة هيمنة في باترياركة تذمّما بجـــرائم اجتياح في بـاريسـيـعـا وغزة,6,46.20%,1.0,1.0,مسيرة أمام قنصلية الاحتلال في امريكا وعيدا بجـــرائمه في #القدس وغزة,,,
1.4e+18,Smears,4,تظاهرة أمام مقر سفارة الاحتلال في #لندن، تنديدًا بجـــرائم الاحتلال في #القدس وغزة,احتشاد أمام مَوْطِنُ قنصلية استيلاء في لندن، توبيخا كَبائِر احتلال في ـمـغـتـربـة عَسْر,8,61.50%,1.0,1.0,احتشاد أمام موطن قنصلية الاحتلال في #لندن، توبيخا بكبائر الاحتلال في #القدس وغزة,,,
1.4e+18,Name calling/Labeling,1,الاحتلال,الاستيلاء,1,100.00%,1.0,0.0,الاستيلاء,,,
1.4e+18,Name calling/Labeling,3,الاحتلال,الاستحواذ,1,100.00%,1.0,1.0,الاستحواذ,,,
1.4e+18,Loaded Language,1,بجـــرائم الاحتلال,حَنَق احتلال,1,50.00%,1.0,1.0,لكبائر الاستيلاء,,,
1.4e+18,Loaded Language,2,بجـــرائم الاحتلال,فَوَاحِش سيطرة,2,100.00%,1.0,1.0,لفواحش الاستحواذ,,,
1.4e+18,Loaded Language,3,بجـــرائم الاحتلال,مُوبِئَات ضم,2,100.00%,1.0,1.0,بجـــرائم العدو الصهيوني,,,
1.4e+18,Loaded Language,4,بجـــرائم الاحتلال,مُنكَرَات هيمنة,2,100.00%,1.0,1.0,بكبائر الاحتلال,,,
1.3e+18,Smears,1,"عقوبات إدارة #ترامب على ""المحكمة الجنائية الدولية"" إمعان في التقاعس الأمريكي عن إحقاق العدالة في أفظع الجرائم العالمية",تَبِعات رعاية مُتَكبِّر على دَّار جنائية دولية إمعان في تقاعس رَابِطِيّ عن تحقيق إنصاف في أفظع خطايا عالمية,9,50.00%,1.0,1.0,"تأديبات حكومة #ترامب على ""المحكمة الجنائية العالمية تمحيص في الكسل الأمريكي عن اقامة العدالة في أبشع الجرائم العالمية",,,
1.3e+18,Smears,2,"عقوبات إدارة #ترامب على ""المحكمة الجنائية الدولية"" إمعان في التقاعس الأمريكي عن إحقاق العدالة في أفظع الجرائم العالمية",تَبِعات تحكم مُتَعَظِّم على محكمة حُسْبِيَّة فسيحة تمحيص في تواني أمريكي عن إحقاق تكافؤ في أفظع جرائم كونية,9,50.00%,1.0,1.0,"جزاءات نظام #ترامب على ""المحكمة  الدولية"" هو استمرار في التواني الأمريكي عن انصاف العدالة في أقصى الجرائم الكونية",,,
1.3e+18,Smears,3,"عقوبات إدارة #ترامب على ""المحكمة الجنائية الدولية"" إمعان في التقاعس الأمريكي عن إحقاق العدالة في أفظع الجرائم العالمية",عقابَات تنظيمية متغطرس على حِصَانَة حُسْبِيَّة دولية تعميق في تردد رَابِطِيّ عن إحقاق حكمة في أقسى منكرات كونية,12,66.70%,1.0,1.0,"عقوبات سياسة #ترامب على القضاء الجنائي الدولي"" إمعان في الفتور الأمريكي عن فرض الحق في أفظع الخطايا الدولية",,,
1.3e+18,Smears,2,"عقوبات إدارة #ترامب على ""المحكمة الجنائية الدولية"" إمعان في التقاعس الأمريكي عن إحقاق العدالة في أفظع الجرائم العالمية",تَبِعات تحكم مُتَعَظِّم على محكمة حُسْبِيَّة فسيحة تمحيص في تواني أمريكي عن إحقاق تكافؤ في أفظع جرائم كونية,9,50.00%,1.0,1.0,"جزاءات نظام #ترامب على ""المحكمة  الدولية"" هو استمرار في التهاون الأمريكي عن انصاف العدالة في أقصى الجرائم الكونية",,,
1.3e+18,Smears,3,"عقوبات إدارة #ترامب على ""المحكمة الجنائية الدولية"" إمعان في التقاعس الأمريكي عن إحقاق العدالة في أفظع الجرائم العالمية",عقابَات تنظيمية متغطرس على حِصَانَة حُسْبِيَّة دولية تعميق في تردد رَابِطِيّ عن إحقاق حكمة في أقسى منكرات كونية,12,66.70%,1.0,1.0,"عقوبات سياسة #ترامب على القضاء الجنائي الدولي"" إمعان في الإهمال الأمريكي عن فرض الحق في أفظع الخطايا الدولية",,,
1.3e+18,Smears,4,"عقوبات إدارة #ترامب على ""المحكمة الجنائية الدولية"" إمعان في التقاعس الأمريكي عن إحقاق العدالة في أفظع الجرائم العالمية",مُجازاة توجيه مُتَعَجْرف على حَرَم مُخالِفَة كونفدرالية تمييز في تردد نِيُويُورْكِي عن إحقاق تكافؤ في أفظع حوب دولية,12,66.70%,1.0,1.0,"عقابات إدارة #ترامب على ""المؤسسة الجنائية الدولية"" هو استمرار في التباطؤ الأمريكي عن اقامة العدالة في أفظع الموبقات الإنسانية",,,
1.3e+18,Loaded Language,1,أفظع الجرائم العالمية,أفظع موبقات إنسانية,2,66.70%,1.0,1.0,أفظع الموبقات الإنسانية,,,
1.3e+18,Loaded Language,2,أفظع الجرائم العالمية,أفظع جرائم عامة,1,33.30%,1.0,1.0,أبشع الجرائم العالمية,,,
1.3e+18,Loaded Language,3,أفظع الجرائم العالمية,أشني آثام عالمية,2,66.70%,1.0,1.0,أقصى الجرائم الكونية,,,
1.3e+18,Loaded Language,4,أفظع الجرائم العالمية,أفظع جرائم كوكبية,1,33.30%,1.0,1.0,أفظع الخطايا الدولية,,,
1.3e+18,Loaded Language,1,التقاعس,تواني,1,100.00%,1.0,1.0,التواني,,,
1.3e+18,Loaded Language,2,التقاعس,تهاون,1,100.00%,1.0,1.0,التهاون,,,
1.3e+18,Loaded Language,3,التقاعس,إهمال,1,100.00%,1.0,1.0,الإهمال,,,
1.3e+18,Loaded Language,2,التقاعس,تهاون,1,100.00%,1.0,1.0,الكسل,,,
1.3e+18,Loaded Language,3,التقاعس,إهمال,1,100.00%,1.0,1.0,الفتور,,,
1.3e+18,Loaded Language,4,التقاعس,إبطاء,1,100.00%,1.0,1.0,التباطؤ,,,
1.31e+18,Smears,1,قيس سعيد ما يستحقش حتى وقت الحديث عليه,قياس فرحان ما لا يستوجب حتى مدة حديث عليه,4,44.40%,1.0,1.0,شادي حسن ما لا يستوجب حتى مدة الحديث عليه,,,
1.31e+18,Smears,2,قيس سعيد ما يستحقش حتى وقت الحديث عليه,قيس فرحان ما لا يستحق ثناء حتى لحظة قصة عليه,4,40.00%,1.0,1.0,قيس فرحان لا يستحق ثناء حتى لحظة عليه,,,
1.31e+18,Smears,3,قيس سعيد ما يستحقش حتى وقت الحديث عليه,مَحْكَمَة مُبارك ما يستحقش حتى زمن حديث عليه,3,37.50%,1.0,1.0,علي مُبارك ما يستحقش حتى زمن للحديث عليه,,,
1.31e+18,Smears,4,قيس سعيد ما يستحقش حتى وقت الحديث عليه,قياس مسرور ما لا يستحق ذكر حتى وقت حديث: محادثة عليه,4,36.40%,1.0,1.0,علام فادي م لا يستحق ذكر حتى وقت للحديث عنه,,,
1.39e+18,Smears,1,سقوط مبنى برج الجلاء في غزة بالكامل إثر قصف إسرائيلي مباشر بالصواريخ,سقوط مبنى برج بيان في عزوة بالكامل إثر رَمْي محتل سَوْقي كالحريق,6,50.00%,1.0,1.0,تصدع بناء برج الجلاء في غزة بشكل تام بعد قصف يهودي مباشر بالصواريخ,,,
1.39e+18,Smears,2,سقوط مبنى برج الجلاء في غزة بالكامل إثر قصف إسرائيلي مباشر بالصواريخ,سقوط مبنى برج جلاء في حصن حصين تامة عقب قصف إسرائيلي مباشر عاصفة صواريخ,4,28.60%,1.0,1.0,انهيار مبنى بناية الجلاء في غزة بالكامل بعد ضرب بالصواريخ الإسرائيلية بشكل مباشر,,,
1.39e+18,Smears,3,سقوط مبنى برج الجلاء في غزة بالكامل إثر قصف إسرائيلي مباشر بالصواريخ,سقوطٌ مبنىً حُصُون انجلاء في عزوة بالكامل بعد سَحْق غاصب مباشر زخات صواريخ,9,69.20%,1.0,1.0,سقوط منشئة برج الجلاء في غزة بالكامل إثر سحق إسرائيلي  بالصواريخ بشكل مباشر,,,
1.39e+18,Smears,4,سقوط مبنى برج الجلاء في غزة بالكامل إثر قصف إسرائيلي مباشر بالصواريخ,هبوط منشأة برج كشف في منعة بالكامل خلف تَقَشُّف إسرائيلي لحظي سريعاً,8,66.70%,1.0,1.0,وقوع مبنى برج الجلاء في غزة بالكامل بعد إغارة إسرائيلية مباشرة قصفًا بالمقذوفات الصاروخية,,,
1.39e+18,Smears,5,سقوط مبنى برج الجلاء في غزة بالكامل إثر قصف إسرائيلي مباشر بالصواريخ,سقوط مبنى برج بيان في غزة تكميليًا إثر قصف صهيوني مباشر زخات صواريخ,4,30.80%,1.0,1.0,انهيار تشييد بناية الجلاء في غزة تماما إثر قصف إسرائيلي مباشر بالمقذوفات الصاروخية,,,
1.39e+18,Loaded Language,1,سقوط مبنى برج الجلاء في غزة بالكامل,تَدَحْرُجٌ بنيان برج تبيين في صلابة تامة بهاء,5,62.50%,1.0,1.0,تصدع بناء برج الجلاء في غزة بشكل تام,,,
1.39e+18,Loaded Language,2,سقوط مبنى برج الجلاء في غزة بالكامل,تَصَدُّعٌ تشييد مِئذَنَة جلاء في صلابة بالكامل,4,57.10%,1.0,1.0,انهيار مبنى بناية الجلاء في غزة بالكامل,,,
1.39e+18,Loaded Language,3,سقوط مبنى برج الجلاء في غزة بالكامل,سقوط إنشاءات رُمْح تجلّي في حصن كاملة,5,71.40%,1.0,1.0,سقوط منشئة برج الجلاء في غزة بالكامل,,,
1.39e+18,Loaded Language,4,سقوط مبنى برج الجلاء في غزة بالكامل,هَلَعٌ تشييد رَاوِيَة تبيين في ثبات بالكامل,5,71.40%,1.0,1.0,وقوع مبنى برج الجلاء في غزة بالكامل,,,
1.39e+18,Loaded Language,5,سقوط مبنى برج الجلاء في غزة بالكامل,سقوط بناء رُمْح تجلّي في غزة بالكامل,3,42.90%,1.0,1.0,انهيار تشييد بناية الجلاء في غزة تماما,,,
1.39e+18,Loaded Language,1,قصف إسرائيلي مباشر بالصواريخ,تَقَشُّف إسرائيلي مباشر مدفعية,2,50.00%,1.0,1.0,ضرب بالصواريخ الإسرائيلية بشكل مباشر,,,
1.39e+18,Loaded Language,2,قصف إسرائيلي مباشر بالصواريخ,قصف يهودي مباشر بالصواريخ,1,25.00%,1.0,1.0,قصف يهودي مباشر بالصواريخ,,,
1.39e+18,Loaded Language,3,قصف إسرائيلي مباشر بالصواريخ,إغارة إسرائيلي مباشر قصفًا بالمقذوفات صاروخية,2,33.30%,1.0,1.0,سحق إسرائيلي  بالصواريخ بشكل مباشر,,,
1.39e+18,Loaded Language,3,قصف إسرائيلي مباشر بالصواريخ,إغارة إسرائيلي مباشر قصفًا بالمقذوفات صاروخية,2,33.30%,1.0,1.0,قصف إسرائيلي مباشر بالمقذوفات الصاروخية,,,
1.39e+18,Loaded Language,4,قصف إسرائيلي مباشر بالصواريخ,إغارة محتل مباشر قصفاً صاروخياً,3,60.00%,1.0,1.0,إغارة إسرائيلية مباشرة قصفًا بالمقذوفات الصاروخية,,,
1.39e+18,Smears,1,الرئاسة الفلسطينية تطالب المجتمع الدولي بالتدخل لوقف عمليات القتل اليومي للفلسطينيين والانتهاكات في #القدس,القيادة مَحْلِيَّةً استجداء رَّعِيَّة خارجي بالتدخل تعطيل مهام ضرب يوميّ سكان فلسطين أصليون والانتهاكات في بيت مقدس,11,64.70%,1.0,1.0,القيادة الفلسطينية تدعو المجتمع الدولي بالتدخل لتعطيل عمليات الفناء اليومي للفلسطينيين و التعديات في #القدس,,,
1.39e+18,Smears,2,الرئاسة الفلسطينية تطالب المجتمع الدولي بالتدخل لوقف عمليات القتل اليومي للفلسطينيين والانتهاكات في #القدس,السيادة بِلاَدُنَا تطلب مجتمع دولي بالتدخل تعطيل عمليات تصفية روتيني أهالي فلسطين والانتهاكات في بيت مقدس,8,50.00%,1.0,1.0,الرئاسة الفلسطينية تستجدي المجتمع العالمي بعمل ما يمكن لوقف خطوات الإبادة اليومية للفلسطينيين والخروقات في #القدس,,,
1.39e+18,Smears,3,الرئاسة الفلسطينية تطالب المجتمع الدولي بالتدخل لوقف عمليات القتل اليومي للفلسطينيين والانتهاكات في #القدس,الرئاسة عَرَبِيَّةً ابتغاء مجتمع عالمي تَّعَسُّف إرجاء مهام قتل يومي شعب فلسطيني اعتداءات في بكة,9,60.00%,1.0,1.0,السلطة الفلسطينية تطالب الدول جميعها بالوقوف على مسئولياتها لانهاء مهام التصفية اليومية للفلسطينيين والإساءات في #القدس,,,
1.39e+18,Smears,2,الرئاسة الفلسطينية تطالب المجتمع الدولي بالتدخل لوقف عمليات القتل اليومي للفلسطينيين والانتهاكات في #القدس,السيادة بِلاَدُنَا تطلب مجتمع دولي بالتدخل تعطيل عمليات تصفية روتيني أهالي فلسطين والانتهاكات في بيت مقدس,8,50.00%,1.0,1.0,الرئاسة الفلسطينية تستجدي المجتمع العالمي بعمل ما يمكن لوقف خطوات الإبادة اليومية للفلسطينيين والتجاوزات الصارخة في #القدس,,,
1.39e+18,Smears,3,الرئاسة الفلسطينية تطالب المجتمع الدولي بالتدخل لوقف عمليات القتل اليومي للفلسطينيين والانتهاكات في #القدس,الرئاسة عَرَبِيَّةً ابتغاء مجتمع عالمي تَّعَسُّف إرجاء مهام قتل يومي شعب فلسطيني اعتداءات في بكة,9,60.00%,1.0,1.0,السلطة الفلسطينية تطالب الدول جميعها بالوقوف على مسئولياتها لانهاء مهام التصفية اليومية للفلسطينيين والاعتداءات في #القدس,,,
1.39e+18,Loaded Language,1,الانتهاكات,التجاوزات صارخة,1,50.00%,1.0,1.0,التجاوزات الصارخة,,,
1.39e+18,Loaded Language,2,الانتهاكات,الخروقات,1,100.00%,1.0,1.0,الخروقات,,,
1.39e+18,Loaded Language,3,الانتهاكات,الاعتداءات,1,100.00%,1.0,1.0,الاعتداءات,,,
1.39e+18,Loaded Language,2,الانتهاكات,الخروقات,1,100.00%,1.0,1.0,التعديات,,,
1.39e+18,Loaded Language,4,الانتهاكات,الإساءات,1,100.00%,1.0,1.0,الإساءات,,,
1.39e+18,Loaded Language,1,عمليات القتل اليومي,تحركات فناء اعتيادي,3,100.00%,1.0,1.0,خطوات الإبادة اليومية,,,
1.39e+18,Loaded Language,2,عمليات القتل اليومي,عمليات قتل حالي,1,33.30%,1.0,1.0,مهام التصفية اليومية,,,
1.39e+18,Loaded Language,3,عمليات القتل اليومي,عمليات فناء يوميّا,2,66.70%,1.0,1.0,عمليات الفناء اليومي,,,
1.4e+18,Smears,1,ما قامت به إسرائيل من استهداف المنشآت الصحية في غزة يرقى إلى جرائم حرب,ما وقفت به فِلَسْطِين من توجيه هياكل صحية في عزة يرقى إلى معاصي قِتال,7,50.00%,1.0,1.0,ما تصرفت به إسرائيل من قصف المباني الصحية في غزة يصل إلى خروقات قِتال,,,
1.4e+18,Smears,2,ما قامت به إسرائيل من استهداف المنشآت الصحية في غزة يرقى إلى جرائم حرب,ما قامت به فِلَسْطِين من تقصد أبنية سليمة في قوية صعد إلى جرائم صِراع,7,50.00%,1.0,1.0,ما أقدمت عليه إسرائيل من هدم المنشآت الطبية في غزة يصل إلى انتهاكات حرب,,,
1.4e+18,Smears,3,ما قامت به إسرائيل من استهداف المنشآت الصحية في غزة يرقى إلى جرائم حرب,ما علاّ به الْخَلِيلُ من استهداف هياكل فَتِيَّة في غزة ارتقى إلى ذنوب غَزو,7,50.00%,1.0,1.0,ما قامت به إسرائيل من قصف المراكز الصحية في غزة يرقى إلى جرائم حرب,,,
1.4e+18,Loaded Language,1,جرائم حرب,انتهاكات سِجال,2,100.00%,1.0,1.0,انتهاكات حرب,,,
1.4e+18,Loaded Language,4,جرائم حرب,خروقات قِتال,2,100.00%,1.0,1.0,خروقات قِتال,,,
1.39e+18,Loaded Language,2,نهب,نهبغنم,1,100.00%,1.0,1.0,اختلاس,,,
1.39e+18,Loaded Language,3,نهب,سرق,1,100.00%,1.0,1.0,سرقة,,,
1.39e+18,Smears,1,«ترامب» يتهم رئيس كوريا الجنوبية بـنهب الولايات المتحدة,ترامب نسب زعيم سَوِيد جنوبية بـنهب أَمْصَار متآلفة,5,62.50%,1.0,1.0,«ترامب» يلقي بالتهم على رئيس كوريا الجنوبية بسرقة الولايات المتحدة,,,
1.39e+18,Smears,2,«ترامب» يتهم رئيس كوريا الجنوبية بـنهب الولايات المتحدة,إِسْرَاف يتهم رَئِيسِيّ فَرَنْسَة جنوبية اختلس تَخُوم متحالفة,6,75.00%,1.0,1.0,«ترامب» يوجه الاتهام لرئيس كوريا الجنوبية باختلاس الولايات المتحدة,,,
1.39e+18,Smears,3,«ترامب» يتهم رئيس كوريا الجنوبية بـنهب الولايات المتحدة,ترامب يتهم رَبّ يُونَان خلفية سَيْبَل ولايات قَطْرِيَّة متضامنة,6,66.70%,1.0,1.0,رئيس امريكا يجرم رئيس كوريا الجنوبية بسرقة الولايات المتحدة,,,
1.39e+18,Smears,4,«ترامب» يتهم رئيس كوريا الجنوبية بـنهب الولايات المتحدة,خُيَلاَء عَلّل سَيِّد بَوْلَندَة جنوبية = جنوبية بـنهب بِلاد متحدة,6,60.00%,1.0,1.0,رئيس امريكا يتهم رئيس كوريا الجنوبية باختلاس الولايات المتحدة,,,
1.37e+18,Smears,1,بعد سنوات من الإنكار لإستعمال المخدرات في عدوانها على الجزائر والعديد من دول العالم ، المغرب يخرج للعلن عبر مشروع قانون يُشرع استخدام هذه السموم,بعد سنوات من إنكار تنفيذه مُفَرّحات في فظاظتها على جَزائر وفير من دول محيي ، مَطْلِعُ الْفَجْرِ يَطلُعُ جلي عبر مشروع سُنّة يُوضِح استخدام هذه سموم,12,46.20%,1.0,1.0,بعد أعوام من التعتيم لإستعمال المواد المخدرة في حربها على الجزائر والعديد من دول العالم ، المغرب يخرج للعامة عبر اصدارها قانون يسمح استخدام هذه السموم,,,
1.37e+18,Smears,2,بعد سنوات من الإنكار لإستعمال المخدرات في عدوانها على الجزائر والعديد من دول العالم ، المغرب يخرج للعلن عبر مشروع قانون يُشرع استخدام هذه السموم,بعد سنوات من إنكار استثمار مُنَوّمات في ظلمها على أرض جم من أراضٍ خليقة ، مَغْربُ شَّمْسِ يخرج ظاهر عبّر برنامج نظام يشرع إستخدامها هذه عَقارَم,14,53.80%,1.0,1.0,بعد سنوات من التعتيم لاستخدام المخدرات في غاراتها على الجزائر والكثير من دول العالم ، المغرب يكشف للجمهور عن مشروع لاصدار قانون يُشرع استخدام هذه المخدرات,,,
1.37e+18,Smears,3,بعد سنوات من الإنكار لإستعمال المخدرات في عدوانها على الجزائر والعديد من دول العالم ، المغرب يخرج للعلن عبر مشروع قانون يُشرع استخدام هذه السموم,بعد سنوات من تمويه استخدامات مخدرات في عدوانها على إقليم موفور من ممالك وجود شامل ، مغرب يَتَفجَّرُ واضح جال فكرة سُنّة يُظهِر إستعمالت هذه سموم,13,50.00%,1.0,1.0,بعد سنين من الإنكار لاستخدام أنواع من المخدرات في بطشها على الجزائر والكثير من دول العالم ، المغرب يصرح للعلن عن قانون يتيح استعمال هذه السموم,,,
1.37e+18,Loaded Language,1,عدوانها,جورها,1,100.00%,1.0,1.0,حربها,,,
1.37e+18,Loaded Language,2,عدوانها,إساءتها,1,100.00%,1.0,1.0,غاراتها,,,
1.37e+18,Loaded Language,4,عدوانها,بطشها,1,100.00%,1.0,1.0,بطشها,,,
1.39e+18,Smears,1,مستشفيات غزة بحاجة عاجلة للأدوية والمستلزمات الطبية، وإغلاق المعابر جريمة أخرى ضد الفلسطينيين في القطاع,أماكن تداوي غزة مضطر سريعةُ إنجاز أدوية والمستلزمات تداويية وإغلاق مُجازات جريمة بدل ضد فلسطيو أصل في فئة,9,50.00%,1.0,1.0,أماكن تداوي غزة تحتاج بشكل سريع للأدوية والمستلزمات التداويية وإغلاق المعابر مخالفة كذلك ضد فلسطينيوا قاع غزة,,,
1.39e+18,Smears,2,مستشفيات غزة بحاجة عاجلة للأدوية والمستلزمات الطبية، وإغلاق المعابر جريمة أخرى ضد الفلسطينيين في القطاع,مراكز علاجية غزة واجب عاجلة للأدوية والمستلزمات تداويية قفل معابر: ممرات حَماقة خلاف ضد فلسطينيين في قطاع,7,41.20%,1.0,1.0,المراكز العلاجية في غزة تريد عاجلا أدوية ومستلزمات تداويية و قفل المعابر ذنب كبير ضد الفلسطينيين في القطاع,,,
1.39e+18,Smears,3,مستشفيات غزة بحاجة عاجلة للأدوية والمستلزمات الطبية، وإغلاق المعابر جريمة أخرى ضد الفلسطينيين في القطاع,مستشفيات غزة مفروض سريعةُ إنجاز عقاقير وسائل طبية، حصار معابر ذنب أخرى ثانية ضد أبناء سام في قسم,9,50.00%,1.0,1.0,مستشفيات غزة تحتاج الى العقاقير و الوسائل الطبية بشكل سريع، حصار المعابر جناية آخر ضد أبناء القطاع,,,
1.39e+18,Smears,4,مستشفيات غزة بحاجة عاجلة للأدوية والمستلزمات الطبية، وإغلاق المعابر جريمة أخرى ضد الفلسطينيين في القطاع,مرافق علاجية حصن مضطر عاجلة للأدوية أدوات سِّجامية إحكام مَسارب مُوبقة أخرى ضد فلسطينيين في مجال,9,56.20%,1.0,1.0,المرافق العلاجية مضطر ةعاجلا للأدوية و اللأدوات الطبية اغلاق المنافذ هي مُوبقة أخرى ضد الفلسطينيين,,,
1.39e+18,Smears,3,مستشفيات غزة بحاجة عاجلة للأدوية والمستلزمات الطبية، وإغلاق المعابر جريمة أخرى ضد الفلسطينيين في القطاع,مستشفيات غزة مفروض سريعةُ إنجاز عقاقير وسائل طبية، حصار معابر ذنب أخرى ثانية ضد أبناء سام في قسم,9,50.00%,1.0,1.0,مستشفيات غزة تحتاج الى العقاقير و الوسائل الطبية بشكل سريع، حصار المعابر أثم آخر ضد أبناء القطاع,,,
1.39e+18,Smears,4,مستشفيات غزة بحاجة عاجلة للأدوية والمستلزمات الطبية، وإغلاق المعابر جريمة أخرى ضد الفلسطينيين في القطاع,مرافق علاجية حصن مضطر عاجلة للأدوية أدوات سِّجامية إحكام مَسارب مُوبقة أخرى ضد فلسطينيين في مجال,9,56.20%,1.0,1.0,المرافق العلاجية مضطر ةعاجلا للأدوية و اللأدوات الطبية اغلاق المنافذ هي معصية أخرى ضد الفلسطينيين,,,
1.39e+18,Loaded Language,1,جريمة,مخالفات,1,100.00%,1.0,1.0,مخالفة,,,
1.39e+18,Loaded Language,2,جريمة,ذنب,1,100.00%,1.0,1.0,ذنب,,,
1.39e+18,Loaded Language,3,جريمة,جناية,1,100.00%,1.0,1.0,جناية,,,
1.39e+18,Loaded Language,4,جريمة,آثام,1,100.00%,1.0,1.0,أثم,,,
1.39e+18,Loaded Language,5,جريمة,مخالفة,1,100.00%,1.0,1.0,مُوبقة,,,
1.39e+18,Loaded Language,6,جريمة,معصية,1,100.00%,1.0,1.0,معصية,,,
1.32e+18,Smears,1,متاجر عديدة في الكويت تبدأ بإزالة المنتجات الفرنسية بعد تصريحات الرئيس الفرنسي إيمانويل ماكرون المسيئة للإسلام,معامِل مُتعدِّدَة أنواع في كويت انبرى إزالة مصنوعات فرنسية بعد مسوّدات رئيس فَرْنَـكُـو مُنْتَظَر مُزوِّر مسيئة للإسلام,9,52.90%,1.0,1.0,محلات عديدة في الكويت تقوم بحذف المصنوعات الفرنسية بعد أقوال الرئيس الفرنسي إيمانويل ماكرون المهينة للإسلام,,,
1.32e+18,Smears,2,متاجر عديدة في الكويت تبدأ بإزالة المنتجات الفرنسية بعد تصريحات الرئيس الفرنسي إيمانويل ماكرون المسيئة للإسلام,أسواق كثيرة في كويت بادَر حذف سلع فرنسية بعد تصريحات رَئِيس فرنسي مَسِيَّا ملتوٍ مسيئة للإسلام,8,50.00%,1.0,1.0,متاجر كثيرة في الكويت تبادر بإزالة السلع الفرنسية بعد خطاب الرئيس الفرنسي المهينة للدين الإسلامي,,,
1.32e+18,Smears,3,متاجر عديدة في الكويت تبدأ بإزالة المنتجات الفرنسية بعد تصريحات الرئيس الفرنسي إيمانويل ماكرون المسيئة للإسلام,مَعاطِن عديدة في دولة انهمك تنحية ثمار رومانسية بعد خطب رئيس فرنسي إيمانويل محتال مهينة إيمان,10,62.50%,1.0,1.0,أسواق متعددة في العراق تباشر برفع البضائع الفرنسية بعد تصريحات الرئيس إيمانويل ماكرون المهينة للمسلمين,,,
1.32e+18,Smears,4,متاجر عديدة في الكويت تبدأ بإزالة المنتجات الفرنسية بعد تصريحات الرئيس الفرنسي إيمانويل ماكرون المسيئة للإسلام,أسواق غزيرة في كويت بادَر إمحاء بضائع فصحة بعد تصريحات مُقَدَّم فَرنجيَّـة رَسُول مُزوِّر مسيئة إيمان,11,68.80%,1.0,1.0,متاجر متعددة في الأردن تبدأ بسحب المنتجات الفرنسية بعد تصريحات الرئيس الفرنسي إيمانويل ماكرون المسيئة للإيمان,,,
1.39e+18,Smears,1,مجلس الأمن غير قادر حتى الآن على تبني وثيقة تعبر عن موقف موحد تجاه القمع الذي يعانيه الفلسطينيون,محضر عافِيَة غير مُسَبِّب حتى آن على تأييد وثيقة اجتيازة عن مَسْأَلَة مُؤتَفِق تجاه استبداد ذي يعانيه فلسطينيون,8,44.40%,1.0,1.0,مجلس الأمن لا يستطيع حتى الآن  تبني مستند يعبر عن موقف واحد تجاه الإقصاء الذي يعانيه الفلسطينيون,,,
1.39e+18,Smears,2,مجلس الأمن غير قادر حتى الآن على تبني وثيقة تعبر عن موقف موحد تجاه القمع الذي يعانيه الفلسطينيون,جمع اطمئنان غير عَلَى فور حتى آن على تبني صحيفة عبوره عن مَحَطّة مُوافِق تجاه قمع ذي يلاقي فلسطينيون,8,42.10%,1.0,1.0,مجلس الأمن عاجز حتى الآن على قبول وثيقة تدل على فعل متماسك تجاه التكميم الذي يواجهه الغزييون,,,
1.39e+18,Smears,3,مجلس الأمن غير قادر حتى الآن على تبني وثيقة تعبر عن موقف موحد تجاه القمع الذي يعانيه الفلسطينيون,ملتقى أمن غير قادر حتى آن على تعزيز سند تعبر عن مَسْأَلَة مُتَّحِد تجاه قمع ذي يَجُد أبناء وطن,7,36.80%,1.0,1.0,اتحاد الأمن لا يقدر حتى يومنا هذا على الاتفاق على وثيقة تمثل عن رأي متحد ازاء التضييق الذي يكابده الفلسطينيون,,,
1.39e+18,Smears,4,مجلس الأمن غير قادر حتى الآن على تبني وثيقة تعبر عن موقف موحد تجاه القمع الذي يعانيه الفلسطينيون,مجلس سِّلْم غير مُمكِن حتى آن على تقرير عَهد اجتيازة عن موقف مُنسَجِم تجاه قمع ذي يَجُد شعب فلسطيني,8,42.10%,1.0,1.0,مجلس الأمن الدولي عاجز حتى الآن على الموافقة على عقد يعبر عن قرار متماسك تجاه الحصار الذي يعانيه الفلسطينيون,,,
1.39e+18,Loaded Language,1,القمع,حصار,1,100.00%,1.0,1.0,الحصار,,,
1.39e+18,Loaded Language,2,القمع,إقصاء,1,100.00%,1.0,1.0,الإقصاء,,,
1.39e+18,Loaded Language,3,القمع,تضييق,1,100.00%,1.0,1.0,التضييق,,,
1.39e+18,Loaded Language,4,القمع,تكميم,1,100.00%,1.0,1.0,التكميم,,,
8.67e+17,Smears,1,النهضة ومنظومة بن علي وجهان لعملة واحدة,النهضة تساوق بن علي مُتَغَيِّر أموال وحيدة,4,57.10%,1.0,1.0,الازدهار و نظام بن علي طرفان لعملة واحدة,,,
8.67e+17,Smears,2,النهضة ومنظومة بن علي وجهان لعملة واحدة,الإحياء تناغم بن علي مُتَحَوِّر لعملة أُحاديّة,4,57.10%,1.0,1.0,التطور و مجموعة نظم بن علي واجهتان لعملة واحدة,,,
8.67e+17,Smears,3,النهضة ومنظومة بن علي وجهان لعملة واحدة,التنوير ومنظومة بن علي وجهان نقود أَوْحَدةً,3,42.90%,1.0,1.0,النمو و مؤسسة بن علي ناحيتان لعملة واحدة,,,
8.67e+17,Smears,4,النهضة ومنظومة بن علي وجهان لعملة واحدة,النهضة تناغم بن علي مُتَحَوِّر ذهب منفردة,4,57.10%,1.0,1.0,التجدد و حكومة بن علي وجهان لعملة واحدة,,,
8.67e+17,Smears,5,النهضة ومنظومة بن علي وجهان لعملة واحدة,الإزدهار توازن بن علي مُتَبَدِيّ أموال وحيدةً,5,71.40%,1.0,1.0,النهوض و ادارة بن علي جانبان لعملة واحدة,,,
8.67e+17,Doubt,1,النهضة ومنظومة بن علي وجهان لعملة واحدة,الإنطلاقة نسق بن علي وجهان دراهم واحدة,3,42.90%,1.0,1.0,الازدهار و نظام بن علي طرفان لعملة واحدة,,,
8.67e+17,Doubt,2,النهضة ومنظومة بن علي وجهان لعملة واحدة,اليقظة مجموعة بن علي ذُو الْمَعْنَيَيْنِ فضة واحدة,4,50.00%,1.0,1.0,التطور و مجموعة نظم بن علي واجهتان لعملة واحدة,,,
8.67e+17,Doubt,3,النهضة ومنظومة بن علي وجهان لعملة واحدة,الإشراقة نظام بن علي مُتَلَوِّنٌ لعملة أحادية,4,57.10%,1.0,1.0,النمو و مؤسسة بن علي ناحيتان لعملة واحدة,,,
8.67e+17,Doubt,4,النهضة ومنظومة بن علي وجهان لعملة واحدة,النهضة ومنظومة بن علي مُتَشَكِّلٌ فضة واحدة,2,28.60%,1.0,1.0,التجدد و حكومة بن علي وجهان لعملة واحدة,,,
1.39e+18,Loaded Language,1,زيفت,زور,1,100.00%,1.0,1.0,زورت,,,
1.39e+18,Loaded Language,2,زيفت,إفك,1,100.00%,1.0,1.0,غشت,,,
1.39e+18,Loaded Language,3,زيفت,افتراء,1,100.00%,1.0,1.0,افترت,,,
1.39e+18,Loaded Language,4,زيفت,اختلاق,1,100.00%,1.0,1.0,اختلقت,,,
1.39e+18,Smears,1,"من أفغانستان إلى العراق إلى ثورة يناير كيف زيفت ""سينرجي"" التاريخ بوصاية المخابرات العامة؟",من تخار إلى عراق إلى عصيان يناير كيف مُحَرَّف سينرجي تاريخ هَيْمَنَة اطلاع دهماء,6,42.90%,1.0,1.0,من أفغانستان إلى باكستان إلى ثورة يونيو كيف غشت المؤرخة التاريخ بتعليمات من المخابرات العامة؟,,,
1.39e+18,Smears,2,"من أفغانستان إلى العراق إلى ثورة يناير كيف زيفت ""سينرجي"" التاريخ بوصاية المخابرات العامة؟",من أفغانستان إلى أمّ فصائل إلى ثورة يناير كيف زيفت تكامل حقب تَحَكُّم اطلاع عامة؟,5,33.30%,1.0,1.0,من باكستان إلى العراق حتى ثورة يناير كيف زورت هند المعلومات بأمر من أجهزة المخابرات ,,,
1.39e+18,Smears,3,"من أفغانستان إلى العراق إلى ثورة يناير كيف زيفت ""سينرجي"" التاريخ بوصاية المخابرات العامة؟",من بدخشان إلى عراق إلى انتفاض يناير كيف زيفت تآزر أحداث إِمْسَاك كشف حشود,7,50.00%,1.0,1.0,من أفغانستان حتى العراق حتى مظاهرات يناير كيف افترت الكتب البيانات بوصاية الأجهزة الأمنية,,,
1.39e+18,Smears,4,"من أفغانستان إلى العراق إلى ثورة يناير كيف زيفت ""سينرجي"" التاريخ بوصاية المخابرات العامة؟",من بلخار إلى حبيبة إلى انقلاب يناير كيف بَاطِل تآلف تاريخ إِمْسَاك تعقب سوقة,8,57.10%,1.0,1.0,من أفغانستان حتى العراق وصلا الى احداث يناير بأي طريقة اختلقت الكاتبة التاريخ بوصاية المخابرات العامة؟,,,
1.39e+18,Smears,5,"من أفغانستان إلى العراق إلى ثورة يناير كيف زيفت ""سينرجي"" التاريخ بوصاية المخابرات العامة؟",من كابُل إلى جنّة إلى استنهاض يناير كيف زيفت تآلف أزمنة إِمْسَاك اطلاع جماهير,8,57.10%,1.0,1.0,من المغرب إلى ليبيا إلى السودان بأي سبيل زورت المؤرخة التاريخ بايعاز المخابرات العامة؟,,,
1.39e+18,Smears,6,"من أفغانستان إلى العراق إلى ثورة يناير كيف زيفت ""سينرجي"" التاريخ بوصاية المخابرات العامة؟",من قندز إلى مهد حضارات إلى ثورة يناير كيف زيفت تعاضد أحداث هَيْمَنَة تحري ناس,7,46.70%,1.0,1.0,من احداث دول عديدة كيف زيفت الشاعرة الأحداث بأمر من المخابرات العامة؟,,,
1.39e+18,Loaded Language,1,التصعيد الخطير,الإشعال سَامّ,2,100.00%,1.0,1.0,الإشعال السَامّ,,,
1.39e+18,Loaded Language,2,التصعيد الخطير,التَّصَلْبُ جَسِيم,2,100.00%,1.0,1.0,التأجج العظيم,,,
1.39e+18,Loaded Language,3,التصعيد الخطير,التصعيد مُقلِق,1,50.00%,1.0,1.0,التصعيد المُقلِق,,,
1.39e+18,Loaded Language,4,التصعيد الخطير,الاحتدام خطير,1,50.00%,1.0,1.0,الاحتدام الخطير,,,
1.39e+18,Loaded Language,3,التصعيد الخطير,التصعيد مُقلِق,1,50.00%,1.0,1.0,الاستفحال الغير امن,,,
1.39e+18,Loaded Language,3,التصعيد الخطير,التصعيد مُقلِق,1,50.00%,1.0,1.0,الاحتدام الضار,,,
1.39e+18,Loaded Language,4,التصعيد الخطير,الاحتدام خطير,1,50.00%,1.0,1.0,الاشتداد الخطير,,,
1.39e+18,Smears,1,"إسرائيل مسؤولة عن ""التصعيد الخطير"" في القدس",الأرض مقدسة واجِبَة عن تصعيد خطير في قدس,2,25.00%,1.0,1.0,الصهيونية مسؤولة عن التأجج العظيم في القدس,,,
1.39e+18,Smears,2,"إسرائيل مسؤولة عن ""التصعيد الخطير"" في القدس",أورشليم مُستَحِقَّة عن تصعيد عَظِيم خَطَر في قدس,3,37.50%,1.0,1.0,الاحتلال الاسرائيلي مسؤولة عن الاستفحال الغير امن في القدس,,,
1.39e+18,Smears,3,"إسرائيل مسؤولة عن ""التصعيد الخطير"" في القدس",حَبْرُون مُوجِبَة عن تصعيد جَدير بِالاحترام في قُـدْسُ أَقْداس,4,44.40%,1.0,1.0,حكومة الاحتلال محاسبة عن الاحتدام الضار في القدس,,,
1.39e+18,Smears,1,"إسرائيل مسؤولة عن ""التصعيد الخطير"" في القدس",الأرض مقدسة واجِبَة عن تصعيد خطير في قدس,2,25.00%,1.0,1.0,الصهيونية مسؤولة عن الإشعال السَامّ في القدس,,,
1.39e+18,Smears,2,"إسرائيل مسؤولة عن ""التصعيد الخطير"" في القدس",أورشليم مُستَحِقَّة عن تصعيد عَظِيم خَطَر في قدس,3,37.50%,1.0,1.0,الاحتلال الاسرائيلي مسؤولة عن التصعيد المُقلِق في القدس,,,
1.39e+18,Smears,3,"إسرائيل مسؤولة عن ""التصعيد الخطير"" في القدس",حَبْرُون مُوجِبَة عن تصعيد جَدير بِالاحترام في قُـدْسُ أَقْداس,4,44.40%,1.0,1.0,حكومة الاحتلال محاسبة عن الاحتدام الخطير في القدس,,,
1.31e+18,Smears,3,عامان على قتل الصحفي #جمال_خاشقجي على يد عملاء سعوديين دون أي مساءلة... و #السعودية تنظم فعاليات ترفيهية مع مشاهير لتلميع صورتها,عامين على إبادة جماعية مُنقِب جمال قلمجي على يد وكلاء سعوديين دون أي استيضاح و بلاد توحيد رص تحريك تسامريّة مع مشاهير تلمّع صورتها,11,45.80%,1.0,1.0,سنتين على اغتيال كاتب العمود على يد مأجورين مغاربة من غير أي اتهام و #السعودية تنظم ترتب نشاطات مسلية مع مغنيين لإبراز صورتها,,,
1.31e+18,Smears,4,عامان على قتل الصحفي #جمال_خاشقجي على يد عملاء سعوديين دون أي مساءلة... و #السعودية تنظم فعاليات ترفيهية مع مشاهير لتلميع صورتها,عامان على قتل عام إعْلامِي جمال مُخفي على يد مستخدمون عرب سعوديون دون أي مساءلة و سعودية تهذيب عمليات مسلية مع مشاهد تنظيف نُسخَتهَا,11,45.80%,1.0,1.0,عقدان على اعدام المذيع سلمان خان من خلال قتلة ليبيين دون أي مساءلة... و #السعودية تعد اجتماعات مسلية مع مشاهير لتحسين صورتها,,,
1.31e+18,Smears,5,عامان على قتل الصحفي #جمال_خاشقجي على يد عملاء سعوديين دون أي مساءلة... و #السعودية تنظم فعاليات ترفيهية مع مشاهير لتلميع صورتها,عامان على ذبح مُدوِّن جمال مُستتر على يد عملاء سعوديين دون أي تحقيق و نجد والحجاز تنظم تحفيزات ترفيهية مع معروفات لتلميع رَسمَتها,8,34.80%,1.0,1.0,خمس سنوات على اماتة المراسل المشهور من قبل مخربين اماريتين دون أي محاكمة و #السعودية تنسق مناسبات ممتعة مع مشاهير لتلميع صورتها,,,
1.31e+18,Smears,6,عامان على قتل الصحفي #جمال_خاشقجي على يد عملاء سعوديين دون أي مساءلة... و #السعودية تنظم فعاليات ترفيهية مع مشاهير لتلميع صورتها,عامان على قتل عام صحفي بهاء خاشقجي على يد حلفاء سعوديين دون أي تدقيق و مهبط وحي ترتيب فعاليات ترويح مع معروفون لتلميع صورتها,8,33.30%,1.0,1.0,سنة على قتل المراسل المغدور بواسطة عملاء قطريين دون أي توبيخ و #السعودية ترتب فعاليات مبهجة مع مشاهير لتلميع صورتها,,,
